match_id,primary_passes,primary_successes,primary_failures,strict_passes,strict_successes,strict_failures,competition_gender,competition_name,season_name,match_date,primary_failure_rate,strict_failure_rate
3890260,671,445,226,304,214,90,male,1. Bundesliga,2015/2016,2015-08-15,0.33681073025335323,0.29605263157894735
3890273,801,584,217,412,328,84,male,1. Bundesliga,2015/2016,2015-08-22,0.27091136079900124,0.20388349514563106
3890278,801,647,154,413,344,69,male,1. Bundesliga,2015/2016,2015-08-29,0.19225967540574282,0.16707021791767554
3890288,762,550,212,401,303,98,male,1. Bundesliga,2015/2016,2015-09-12,0.2782152230971129,0.24438902743142144
3890301,899,665,234,455,360,95,male,1. Bundesliga,2015/2016,2015-09-20,0.26028921023359286,0.2087912087912088
3890312,843,606,237,324,251,73,male,1. Bundesliga,2015/2016,2015-09-23,0.28113879003558717,0.22530864197530864
3890315,779,527,252,324,230,94,male,1. Bundesliga,2015/2016,2015-09-26,0.32349165596919127,0.29012345679012347
3890330,869,632,237,492,375,117,male,1. Bundesliga,2015/2016,2015-10-04,0.2727272727272727,0.23780487804878048
3890337,779,516,263,355,246,109,male,1. Bundesliga,2015/2016,2015-10-17,0.337612323491656,0.30704225352112674
3890346,746,480,266,389,270,119,male,1. Bundesliga,2015/2016,2015-10-24,0.35656836461126007,0.3059125964010283
3890350,836,620,216,465,366,99,male,1. Bundesliga,2015/2016,2015-10-31,0.2583732057416268,0.2129032258064516
3890359,698,511,187,371,289,82,male,1. Bundesliga,2015/2016,2015-11-07,0.2679083094555874,0.2210242587601078
3890370,763,574,189,355,275,80,male,1. Bundesliga,2015/2016,2015-11-21,0.24770642201834864,0.22535211267605634
3890382,844,639,205,497,392,105,male,1. Bundesliga,2015/2016,2015-11-29,0.24289099526066352,0.2112676056338028
3890390,994,783,211,526,447,79,male,1. Bundesliga,2015/2016,2015-12-05,0.21227364185110664,0.15019011406844107
3890395,826,608,218,409,319,90,male,1. Bundesliga,2015/2016,2015-12-12,0.2639225181598063,0.2200488997555012
3890409,673,421,252,279,185,94,male,1. Bundesliga,2015/2016,2015-12-19,0.37444279346210996,0.33691756272401435
3890415,853,607,246,443,333,110,male,1. Bundesliga,2015/2016,2016-01-23,0.28839390386869873,0.24830699774266365
3890427,750,533,217,325,252,73,male,1. Bundesliga,2015/2016,2016-01-30,0.28933333333333333,0.2246153846153846
3890431,738,536,202,343,257,86,male,1. Bundesliga,2015/2016,2016-02-06,0.27371273712737126,0.25072886297376096
3890444,579,344,235,248,179,69,male,1. Bundesliga,2015/2016,2016-02-13,0.4058721934369603,0.2782258064516129
3890456,782,571,211,335,245,90,male,1. Bundesliga,2015/2016,2016-02-21,0.26982097186700765,0.26865671641791045
3890463,738,501,237,344,263,81,male,1. Bundesliga,2015/2016,2016-02-28,0.32113821138211385,0.23546511627906977
3890472,773,558,215,471,356,115,male,1. Bundesliga,2015/2016,2016-03-02,0.278137128072445,0.24416135881104034
3890477,965,726,239,499,398,101,male,1. Bundesliga,2015/2016,2016-03-05,0.24766839378238342,0.20240480961923848
3890492,666,420,246,321,230,91,male,1. Bundesliga,2015/2016,2016-03-13,0.36936936936936937,0.2834890965732087
3890500,789,554,235,395,298,97,male,1. Bundesliga,2015/2016,2016-03-20,0.29784537389100124,0.24556962025316456
3890502,843,640,203,426,335,91,male,1. Bundesliga,2015/2016,2016-04-01,0.24080664294187426,0.2136150234741784
3890519,956,745,211,525,412,113,male,1. Bundesliga,2015/2016,2016-04-10,0.22071129707112971,0.21523809523809523
3890521,748,547,201,430,320,110,male,1. Bundesliga,2015/2016,2016-04-16,0.26871657754010697,0.2558139534883721
3890534,890,702,188,495,409,86,male,1. Bundesliga,2015/2016,2016-04-23,0.21123595505617979,0.17373737373737375
3890540,843,639,204,464,380,84,male,1. Bundesliga,2015/2016,2016-04-30,0.24199288256227758,0.1810344827586207
3890550,892,684,208,505,405,100,male,1. Bundesliga,2015/2016,2016-05-07,0.23318385650224216,0.19801980198019803
3890563,660,456,204,338,256,82,male,1. Bundesliga,2015/2016,2016-05-14,0.3090909090909091,0.24260355029585798
3895052,993,833,160,528,445,83,male,1. Bundesliga,2023/2024,2023-08-19,0.16112789526686808,0.1571969696969697
3895060,1157,999,158,656,585,71,male,1. Bundesliga,2023/2024,2023-08-26,0.1365600691443388,0.10823170731707317
3895067,1060,902,158,532,458,74,male,1. Bundesliga,2023/2024,2023-09-02,0.1490566037735849,0.13909774436090225
3895074,1167,1013,154,664,587,77,male,1. Bundesliga,2023/2024,2023-09-15,0.1319622964867181,0.11596385542168675
3895086,1148,998,150,652,585,67,male,1. Bundesliga,2023/2024,2023-09-24,0.13066202090592335,0.10276073619631902
3895095,1080,913,167,468,402,66,male,1. Bundesliga,2023/2024,2023-09-30,0.15462962962962962,0.14102564102564102
3895107,1131,995,136,613,542,71,male,1. Bundesliga,2023/2024,2023-10-08,0.12024756852343059,0.11582381729200653
3895113,1039,868,171,507,433,74,male,1. Bundesliga,2023/2024,2023-10-21,0.1645813282001925,0.14595660749506903
3895121,990,845,145,514,447,67,male,1. Bundesliga,2023/2024,2023-10-29,0.14646464646464646,0.1303501945525292
3895134,1048,891,157,507,441,66,male,1. Bundesliga,2023/2024,2023-11-04,0.14980916030534353,0.1301775147928994
3895139,1190,1046,144,648,587,61,male,1. Bundesliga,2023/2024,2023-11-12,0.12100840336134454,0.0941358024691358
3895153,1234,1043,191,702,608,94,male,1. Bundesliga,2023/2024,2023-11-25,0.1547811993517018,0.1339031339031339
3895158,964,778,186,401,341,60,male,1. Bundesliga,2023/2024,2023-12-03,0.19294605809128632,0.14962593516209477
3895167,1086,941,145,651,579,72,male,1. Bundesliga,2023/2024,2023-12-10,0.13351749539594843,0.11059907834101383
3895180,1191,1017,174,669,574,95,male,1. Bundesliga,2023/2024,2023-12-17,0.14609571788413098,0.14200298953662183
3895182,1055,863,192,632,532,100,male,1. Bundesliga,2023/2024,2023-12-20,0.1819905213270142,0.15822784810126583
3895194,1043,895,148,495,425,70,male,1. Bundesliga,2023/2024,2024-01-13,0.14189837008628955,0.1414141414141414
3895202,1041,890,151,445,383,62,male,1. Bundesliga,2023/2024,2024-01-20,0.14505283381364073,0.1393258426966292
3895210,1276,1121,155,686,601,85,male,1. Bundesliga,2023/2024,2024-01-27,0.12147335423197492,0.1239067055393586
3895220,1117,955,162,613,540,73,male,1. Bundesliga,2023/2024,2024-02-03,0.1450313339301701,0.11908646003262642
3895232,1069,909,160,518,445,73,male,1. Bundesliga,2023/2024,2024-02-10,0.14967259120673526,0.14092664092664092
3895244,979,762,217,518,426,92,male,1. Bundesliga,2023/2024,2024-02-17,0.2216547497446374,0.1776061776061776
3895250,991,829,162,603,528,75,male,1. Bundesliga,2023/2024,2024-02-23,0.16347124117053483,0.12437810945273632
3895258,1050,912,138,583,520,63,male,1. Bundesliga,2023/2024,2024-03-03,0.13142857142857142,0.10806174957118353
3895266,1165,1038,127,616,556,60,male,1. Bundesliga,2023/2024,2024-03-10,0.10901287553648069,0.09740259740259741
3895275,1062,931,131,549,490,59,male,1. Bundesliga,2023/2024,2024-03-17,0.12335216572504708,0.10746812386156648
3895286,1062,884,178,587,508,79,male,1. Bundesliga,2023/2024,2024-03-30,0.16760828625235405,0.13458262350936967
3895292,993,837,156,531,458,73,male,1. Bundesliga,2023/2024,2024-04-06,0.15709969788519637,0.1374764595103578
3895302,1113,976,137,686,609,77,male,1. Bundesliga,2023/2024,2024-04-14,0.12309074573225516,0.11224489795918367
3895309,1006,863,143,580,521,59,male,1. Bundesliga,2023/2024,2024-04-21,0.14214711729622267,0.10172413793103448
3895320,981,799,182,479,406,73,male,1. Bundesliga,2023/2024,2024-04-27,0.18552497451580022,0.1524008350730689
3895333,929,787,142,477,419,58,male,1. Bundesliga,2023/2024,2024-05-05,0.15285252960172227,0.12159329140461216
3895340,873,747,126,476,427,49,male,1. Bundesliga,2023/2024,2024-05-12,0.14432989690721648,0.10294117647058823
3895348,1122,993,129,610,539,71,male,1. Bundesliga,2023/2024,2024-05-18,0.11497326203208556,0.11639344262295082
3920386,645,491,154,316,244,72,male,African Cup of Nations,2023,2024-01-14,0.23875968992248062,0.22784810126582278
3920389,640,490,150,245,193,52,male,African Cup of Nations,2023,2024-01-15,0.234375,0.21224489795918366
3920393,700,535,165,318,255,63,male,African Cup of Nations,2023,2024-01-16,0.2357142857142857,0.19811320754716982
3920394,910,779,131,441,379,62,male,African Cup of Nations,2023,2024-01-17,0.14395604395604394,0.14058956916099774
3920395,816,694,122,394,346,48,male,African Cup of Nations,2023,2024-01-17,0.14950980392156862,0.1218274111675127
3920397,694,554,140,323,279,44,male,African Cup of Nations,2023,2024-01-18,0.2017291066282421,0.13622291021671826
3920399,831,700,131,358,309,49,male,African Cup of Nations,2023,2024-01-19,0.15764139590854392,0.13687150837988826
3920400,690,530,160,334,270,64,male,African Cup of Nations,2023,2024-01-19,0.2318840579710145,0.19161676646706588
3920402,633,519,114,299,252,47,male,African Cup of Nations,2023,2024-01-20,0.18009478672985782,0.15719063545150502
3920403,658,513,145,258,211,47,male,African Cup of Nations,2023,2024-01-20,0.22036474164133737,0.1821705426356589
3920404,758,617,141,284,236,48,male,African Cup of Nations,2023,2024-01-20,0.18601583113456466,0.16901408450704225
3920405,674,543,131,365,314,51,male,African Cup of Nations,2023,2024-01-21,0.1943620178041543,0.13972602739726028
3920407,677,474,203,340,255,85,male,African Cup of Nations,2023,2024-01-21,0.2998522895125554,0.25
3920408,559,428,131,231,179,52,male,African Cup of Nations,2023,2024-01-22,0.23434704830053668,0.22510822510822512
3920409,806,688,118,336,296,40,male,African Cup of Nations,2023,2024-01-22,0.14640198511166252,0.11904761904761904
3920410,584,442,142,214,170,44,male,African Cup of Nations,2023,2024-01-22,0.24315068493150685,0.205607476635514
3920412,734,588,146,331,269,62,male,African Cup of Nations,2023,2024-01-23,0.1989100817438692,0.18731117824773413
3920413,595,448,147,276,227,49,male,African Cup of Nations,2023,2024-01-23,0.24705882352941178,0.17753623188405798
3920414,768,613,155,329,277,52,male,African Cup of Nations,2023,2024-01-23,0.20182291666666666,0.1580547112462006
3920415,707,560,147,275,221,54,male,African Cup of Nations,2023,2024-01-23,0.2079207920792079,0.19636363636363635
3920416,829,665,164,429,366,63,male,African Cup of Nations,2023,2024-01-24,0.19782870928829915,0.14685314685314685
3920417,634,481,153,222,177,45,male,African Cup of Nations,2023,2024-01-24,0.24132492113564669,0.20270270270270271
3922237,661,515,146,307,251,56,male,African Cup of Nations,2023,2024-01-27,0.22087745839636913,0.18241042345276873
3922239,699,551,148,300,240,60,male,African Cup of Nations,2023,2024-01-28,0.2117310443490701,0.2
3922240,906,708,198,316,254,62,male,African Cup of Nations,2023,2024-01-28,0.2185430463576159,0.1962025316455696
3922242,975,791,184,460,382,78,male,African Cup of Nations,2023,2024-01-29,0.18871794871794872,0.16956521739130434
3922243,811,688,123,346,301,45,male,African Cup of Nations,2023,2024-01-30,0.15166461159062886,0.13005780346820808
3922244,711,571,140,382,328,54,male,African Cup of Nations,2023,2024-01-30,0.19690576652601968,0.14136125654450263
3922321,711,566,145,280,228,52,male,African Cup of Nations,2023,2024-02-02,0.2039381153305204,0.18571428571428572
3922356,646,507,139,226,188,38,male,African Cup of Nations,2023,2024-02-02,0.21517027863777088,0.168141592920354
3922658,947,736,211,484,400,84,male,African Cup of Nations,2023,2024-02-03,0.22280887011615627,0.17355371900826447
3922659,967,797,170,304,261,43,male,African Cup of Nations,2023,2024-02-03,0.17580144777662876,0.14144736842105263
3922837,983,822,161,404,342,62,male,African Cup of Nations,2023,2024-02-07,0.16378433367243134,0.15346534653465346
3922838,625,484,141,309,258,51,male,African Cup of Nations,2023,2024-02-07,0.2256,0.1650485436893204
3923880,869,748,121,346,301,45,male,African Cup of Nations,2023,2024-02-10,0.13924050632911392,0.13005780346820808
3923881,640,512,128,295,238,57,male,African Cup of Nations,2023,2024-02-11,0.2,0.19322033898305085
18235,843,677,166,453,386,67,male,Champions League,2009/2010,2010-05-22,0.19691577698695137,0.1479028697571744
18236,1128,959,169,486,422,64,male,Champions League,2010/2011,2011-05-28,0.149822695035461,0.13168724279835392
18237,1129,926,203,504,427,77,male,Champions League,2011/2012,2012-05-19,0.17980513728963685,0.1527777777777778
18240,905,647,258,564,421,143,male,Champions League,2012/2013,2013-05-25,0.2850828729281768,0.25354609929078015
18241,1097,812,285,501,378,123,male,Champions League,2013/2014,2014-05-24,0.25979945305378305,0.24550898203592814
18242,867,724,143,376,324,52,male,Champions League,2014/2015,2015-06-06,0.16493656286043828,0.13829787234042554
18243,1228,1010,218,688,600,88,male,Champions League,2015/2016,2016-05-28,0.1775244299674267,0.12790697674418605
18244,904,744,160,408,337,71,male,Champions League,2016/2017,2017-06-03,0.17699115044247787,0.17401960784313725
18245,935,784,151,393,339,54,male,Champions League,2017/2018,2018-05-26,0.16149732620320856,0.13740458015267176
22912,782,573,209,294,235,59,male,Champions League,2018/2019,2019-06-01,0.2672634271099744,0.20068027210884354
2302764,1129,884,245,651,534,117,male,Champions League,2004/2005,2005-05-25,0.21700620017714792,0.17972350230414746
3750200,734,527,207,346,269,77,male,Champions League,2006/2007,2007-05-23,0.28201634877384196,0.22254335260115607
3750201,894,742,152,466,402,64,male,Champions League,2008/2009,2009-05-27,0.17002237136465326,0.13733905579399142
3752619,801,544,257,408,294,114,male,Champions League,2003/2004,2004-05-26,0.3208489388264669,0.27941176470588236
3912599,801,606,195,474,385,89,female,FA Women's Super League,2023/2024,2023-10-08,0.24344569288389514,0.1877637130801688
3912603,959,777,182,584,490,94,female,FA Women's Super League,2023/2024,2023-10-08,0.1897810218978102,0.16095890410958905
3913069,1032,864,168,528,440,88,female,FA Women's Super League,2023/2024,2023-10-14,0.16279069767441862,0.16666666666666666
3913082,795,583,212,438,337,101,female,FA Women's Super League,2023/2024,2023-11-05,0.26666666666666666,0.23059360730593606
3913107,982,799,183,562,461,101,female,FA Women's Super League,2023/2024,2023-12-09,0.18635437881873726,0.1797153024911032
3913115,790,617,173,391,327,64,female,FA Women's Super League,2023/2024,2023-12-17,0.2189873417721519,0.1636828644501279
3913129,943,738,205,602,494,108,female,FA Women's Super League,2023/2024,2024-02-03,0.21739130434782608,0.17940199335548174
3913130,860,666,194,411,339,72,female,FA Women's Super League,2023/2024,2024-02-04,0.2255813953488372,0.17518248175182483
3913131,929,693,236,580,464,116,female,FA Women's Super League,2023/2024,2024-02-04,0.25403659849300325,0.2
3913134,969,770,199,573,474,99,female,FA Women's Super League,2023/2024,2024-02-04,0.20536635706914344,0.17277486910994763
3913135,853,691,162,412,344,68,female,FA Women's Super League,2023/2024,2024-02-17,0.1899179366940211,0.1650485436893204
3913137,824,608,216,407,309,98,female,FA Women's Super League,2023/2024,2024-02-18,0.2621359223300971,0.24078624078624078
3913141,953,715,238,469,356,113,female,FA Women's Super League,2023/2024,2024-03-03,0.2497376705141658,0.24093816631130063
3913144,912,695,217,473,372,101,female,FA Women's Super League,2023/2024,2024-03-03,0.23793859649122806,0.2135306553911205
3913146,923,731,192,579,476,103,female,FA Women's Super League,2023/2024,2024-03-03,0.20801733477789816,0.17789291882556132
3913147,950,770,180,452,376,76,female,FA Women's Super League,2023/2024,2024-03-16,0.18947368421052632,0.168141592920354
3913148,980,734,246,502,387,115,female,FA Women's Super League,2023/2024,2024-03-17,0.2510204081632653,0.2290836653386454
3913150,1014,864,150,580,505,75,female,FA Women's Super League,2023/2024,2024-03-17,0.14792899408284024,0.12931034482758622
3913151,886,710,176,492,407,85,female,FA Women's Super League,2023/2024,2024-03-17,0.1986455981941309,0.17276422764227642
3913152,843,665,178,383,322,61,female,FA Women's Super League,2023/2024,2024-03-15,0.2111506524317912,0.15926892950391644
3913153,905,673,232,508,387,121,female,FA Women's Super League,2023/2024,2024-03-24,0.256353591160221,0.23818897637795275
3913155,880,710,170,427,360,67,female,FA Women's Super League,2023/2024,2024-03-23,0.19318181818181818,0.15690866510538642
3913156,1091,921,170,646,559,87,female,FA Women's Super League,2023/2024,2024-03-24,0.15582034830430797,0.1346749226006192
3913157,770,542,228,405,305,100,female,FA Women's Super League,2023/2024,2024-03-24,0.2961038961038961,0.24691358024691357
3913160,1197,1010,187,620,521,99,female,FA Women's Super League,2023/2024,2024-04-14,0.15622389306599832,0.1596774193548387
3913161,934,750,184,460,390,70,female,FA Women's Super League,2023/2024,2024-03-31,0.19700214132762311,0.15217391304347827
3913162,962,762,200,543,447,96,female,FA Women's Super League,2023/2024,2024-03-30,0.2079002079002079,0.17679558011049723
3913163,944,758,186,633,527,106,female,FA Women's Super League,2023/2024,2024-05-15,0.19703389830508475,0.1674565560821485
3913165,879,683,196,484,394,90,female,FA Women's Super League,2023/2024,2024-04-17,0.2229806598407281,0.1859504132231405
3913166,965,760,205,556,454,102,female,FA Women's Super League,2023/2024,2024-04-19,0.21243523316062177,0.18345323741007194
3913167,964,795,169,483,415,68,female,FA Women's Super League,2023/2024,2024-04-21,0.17531120331950206,0.14078674948240166
3913168,1037,877,160,609,535,74,female,FA Women's Super League,2023/2024,2024-04-21,0.15429122468659595,0.12151067323481117
3913169,915,759,156,486,409,77,female,FA Women's Super League,2023/2024,2024-04-21,0.17049180327868851,0.15843621399176955
3913171,945,728,217,480,377,103,female,FA Women's Super League,2023/2024,2024-04-28,0.22962962962962963,0.21458333333333332
3913173,816,580,236,408,293,115,female,FA Women's Super League,2023/2024,2024-05-01,0.28921568627450983,0.2818627450980392
3913174,953,805,148,465,399,66,female,FA Women's Super League,2023/2024,2024-04-28,0.155299055613851,0.14193548387096774
3913175,897,724,173,534,448,86,female,FA Women's Super League,2023/2024,2024-04-28,0.19286510590858416,0.16104868913857678
3913180,928,746,182,429,367,62,female,FA Women's Super League,2023/2024,2024-05-05,0.1961206896551724,0.1445221445221445
3913181,941,779,162,612,525,87,female,FA Women's Super League,2023/2024,2024-05-04,0.17215727948990436,0.14215686274509803
3913182,953,747,206,584,486,98,female,FA Women's Super League,2023/2024,2024-05-04,0.2161594963273872,0.1678082191780822
3913185,1021,846,175,572,485,87,female,FA Women's Super League,2023/2024,2024-05-18,0.1714005876591577,0.1520979020979021
3913186,814,609,205,409,325,84,female,FA Women's Super League,2023/2024,2024-05-18,0.25184275184275184,0.20537897310513448
3920384,914,790,124,605,542,63,male,African Cup of Nations,2023,2024-01-13,0.13566739606126915,0.10413223140495868
3920385,877,752,125,307,258,49,male,African Cup of Nations,2023,2024-01-14,0.14253135689851767,0.15960912052117263
3920387,702,571,131,356,308,48,male,African Cup of Nations,2023,2024-01-14,0.1866096866096866,0.1348314606741573
3920388,782,646,136,315,261,54,male,African Cup of Nations,2023,2024-01-15,0.17391304347826086,0.17142857142857143
3920390,774,617,157,239,197,42,male,African Cup of Nations,2023,2024-01-15,0.20284237726098192,0.17573221757322174
3920391,881,725,156,481,407,74,male,African Cup of Nations,2023,2024-01-16,0.17707150964812712,0.15384615384615385
3920392,624,488,136,285,231,54,male,African Cup of Nations,2023,2024-01-16,0.21794871794871795,0.18947368421052632
3920396,736,611,125,311,258,53,male,African Cup of Nations,2023,2024-01-18,0.16983695652173914,0.17041800643086816
3920398,622,499,123,188,152,36,male,African Cup of Nations,2023,2024-01-18,0.1977491961414791,0.19148936170212766
3920401,765,606,159,233,178,55,male,African Cup of Nations,2023,2024-01-19,0.20784313725490197,0.23605150214592274
3920406,930,792,138,474,426,48,male,African Cup of Nations,2023,2024-01-21,0.14838709677419354,0.10126582278481013
3920411,827,704,123,392,342,50,male,African Cup of Nations,2023,2024-01-22,0.1487303506650544,0.12755102040816327
3920418,925,743,182,553,462,91,male,African Cup of Nations,2023,2024-01-24,0.19675675675675675,0.16455696202531644
3920419,805,699,106,399,356,43,male,African Cup of Nations,2023,2024-01-24,0.13167701863354037,0.10776942355889724
3922238,626,466,160,210,167,43,male,African Cup of Nations,2023,2024-01-27,0.25559105431309903,0.20476190476190476
3922241,657,502,155,349,279,70,male,African Cup of Nations,2023,2024-01-29,0.2359208523592085,0.20057306590257878
3939969,919,800,119,444,388,56,male,Copa America,2024,2024-06-21,0.1294885745375408,0.12612612612612611
3939970,773,592,181,377,312,65,male,Copa America,2024,2024-06-22,0.23415265200517466,0.1724137931034483
3939971,849,654,195,451,357,94,male,Copa America,2024,2024-06-23,0.22968197879858657,0.20842572062084258
3939972,741,579,162,288,243,45,male,Copa America,2024,2024-06-22,0.21862348178137653,0.15625
3939973,721,566,155,293,246,47,male,Copa America,2024,2024-06-24,0.21497919556171982,0.16040955631399317
3939974,873,703,170,410,342,68,male,Copa America,2024,2024-06-23,0.19473081328751432,0.16585365853658537
3939975,756,581,175,404,315,89,male,Copa America,2024,2024-06-24,0.23148148148148148,0.2202970297029703
3939976,931,803,128,524,469,55,male,Copa America,2024,2024-06-25,0.13748657357679914,0.1049618320610687
3939977,902,759,143,447,385,62,male,Copa America,2024,2024-06-26,0.15853658536585366,0.13870246085011187
3939978,711,522,189,332,261,71,male,Copa America,2024,2024-06-25,0.26582278481012656,0.21385542168674698
3939979,796,617,179,420,341,79,male,Copa America,2024,2024-06-27,0.22487437185929648,0.1880952380952381
3939980,600,456,144,267,220,47,male,Copa America,2024,2024-06-26,0.24,0.1760299625468165
3939981,726,571,155,291,232,59,male,Copa America,2024,2024-06-27,0.21349862258953167,0.2027491408934708
3939982,789,656,133,275,236,39,male,Copa America,2024,2024-06-28,0.16856780735107732,0.14181818181818182
3939983,848,721,127,459,409,50,male,Copa America,2024,2024-06-29,0.14976415094339623,0.10893246187363835
3939984,799,674,125,367,319,48,male,Copa America,2024,2024-06-28,0.15644555694618273,0.1307901907356948
3939985,737,567,170,269,218,51,male,Copa America,2024,2024-06-30,0.23066485753052918,0.1895910780669145
3939986,820,699,121,308,269,39,male,Copa America,2024,2024-06-30,0.1475609756097561,0.1266233766233766
3939987,720,585,135,265,227,38,male,Copa America,2024,2024-07-01,0.1875,0.14339622641509434
3939988,679,506,173,292,223,69,male,Copa America,2024,2024-07-01,0.2547864506627393,0.2363013698630137
3939989,848,692,156,388,334,54,male,Copa America,2024,2024-07-02,0.18396226415094338,0.13917525773195877
3939990,617,446,171,305,231,74,male,Copa America,2024,2024-07-02,0.2771474878444084,0.24262295081967214
3939991,801,660,141,326,269,57,male,Copa America,2024,2024-07-03,0.1760299625468165,0.17484662576687116
3939992,777,615,162,355,302,53,male,Copa America,2024,2024-07-03,0.2084942084942085,0.14929577464788732
3942228,703,566,137,268,221,47,male,Copa America,2024,2024-07-05,0.19487908961593173,0.17537313432835822
3942229,748,552,196,293,231,62,male,Copa America,2024,2024-07-06,0.2620320855614973,0.21160409556313994
3942415,607,459,148,223,171,52,male,Copa America,2024,2024-07-07,0.24382207578253706,0.23318385650224216
3942416,695,565,130,359,306,53,male,Copa America,2024,2024-07-06,0.18705035971223022,0.14763231197771587
3942785,916,789,127,603,531,72,male,Copa America,2024,2024-07-10,0.13864628820960698,0.11940298507462686
3942852,650,515,135,284,232,52,male,Copa America,2024,2024-07-11,0.2076923076923077,0.18309859154929578
3943076,632,470,162,246,198,48,male,Copa America,2024,2024-07-14,0.2563291139240506,0.1951219512195122
3943077,1098,915,183,639,554,85,male,Copa America,2024,2024-07-15,0.16666666666666666,0.13302034428794993
3775563,893,701,192,510,416,94,female,FA Women's Super League,2020/2021,2021-05-09,0.21500559910414332,0.1843137254901961
3775568,521,317,204,246,166,80,female,FA Women's Super League,2020/2021,2021-04-28,0.3915547024952015,0.3252032520325203
3775570,861,654,207,386,317,69,female,FA Women's Super League,2020/2021,2021-03-28,0.24041811846689895,0.17875647668393782
3775581,872,670,202,500,408,92,female,FA Women's Super League,2020/2021,2021-03-28,0.231651376146789,0.184
3775609,873,668,205,451,366,85,female,FA Women's Super League,2020/2021,2021-04-28,0.23482245131729668,0.188470066518847
3775628,766,595,171,417,325,92,female,FA Women's Super League,2020/2021,2021-03-27,0.22323759791122716,0.22062350119904076
3775629,1109,952,157,573,501,72,female,FA Women's Super League,2020/2021,2021-01-24,0.14156898106402163,0.1256544502617801
3775633,738,502,236,283,199,84,female,FA Women's Super League,2020/2021,2021-02-06,0.31978319783197834,0.2968197879858657
3775638,793,570,223,450,344,106,female,FA Women's Super League,2020/2021,2021-03-07,0.2812105926860025,0.23555555555555555
3775648,936,753,183,472,391,81,female,FA Women's Super League,2020/2021,2021-02-28,0.1955128205128205,0.1716101694915254
3912592,804,626,178,462,381,81,female,FA Women's Super League,2023/2024,2023-10-01,0.22139303482587064,0.17532467532467533
3912593,1052,868,184,643,540,103,female,FA Women's Super League,2023/2024,2023-10-01,0.17490494296577946,0.16018662519440124
3912594,656,468,188,315,243,72,female,FA Women's Super League,2023/2024,2023-10-01,0.2865853658536585,0.22857142857142856
3912595,804,636,168,339,282,57,female,FA Women's Super League,2023/2024,2023-10-01,0.208955223880597,0.168141592920354
3912596,934,737,197,486,397,89,female,FA Women's Super League,2023/2024,2023-10-01,0.21092077087794434,0.1831275720164609
3912597,1014,843,171,696,604,92,female,FA Women's Super League,2023/2024,2023-10-01,0.16863905325443787,0.13218390804597702
3912598,864,681,183,458,375,83,female,FA Women's Super League,2023/2024,2023-10-06,0.21180555555555555,0.1812227074235808
3912600,883,646,237,511,392,119,female,FA Women's Super League,2023/2024,2023-10-08,0.26840317100792754,0.2328767123287671
3912601,883,688,195,479,393,86,female,FA Women's Super League,2023/2024,2023-10-08,0.22083805209513024,0.17954070981210857
3912602,815,615,200,327,252,75,female,FA Women's Super League,2023/2024,2023-10-08,0.24539877300613497,0.22935779816513763
3913070,971,761,210,588,472,116,female,FA Women's Super League,2023/2024,2023-10-15,0.21627188465499486,0.19727891156462585
3913071,848,652,196,504,409,95,female,FA Women's Super League,2023/2024,2023-10-15,0.23113207547169812,0.1884920634920635
3913072,1008,860,148,540,469,71,female,FA Women's Super League,2023/2024,2023-10-15,0.14682539682539683,0.13148148148148148
3913073,936,750,186,570,472,98,female,FA Women's Super League,2023/2024,2023-10-15,0.1987179487179487,0.17192982456140352
3913074,1025,846,179,663,559,104,female,FA Women's Super League,2023/2024,2023-10-15,0.1746341463414634,0.1568627450980392
3913075,1072,885,187,582,495,87,female,FA Women's Super League,2023/2024,2023-10-21,0.17444029850746268,0.14948453608247422
3913076,822,581,241,473,363,110,female,FA Women's Super League,2023/2024,2023-10-21,0.29318734793187345,0.23255813953488372
3913077,968,780,188,631,532,99,female,FA Women's Super League,2023/2024,2023-10-22,0.19421487603305784,0.15689381933438987
3913078,921,756,165,489,405,84,female,FA Women's Super League,2023/2024,2023-10-22,0.1791530944625407,0.17177914110429449
3913079,888,722,166,450,371,79,female,FA Women's Super League,2023/2024,2023-10-22,0.18693693693693694,0.17555555555555555
3913080,937,714,223,479,380,99,female,FA Women's Super League,2023/2024,2023-10-22,0.23799359658484526,0.20668058455114824
3913081,1034,834,200,614,498,116,female,FA Women's Super League,2023/2024,2023-11-04,0.19342359767891681,0.18892508143322476
3913083,839,657,182,462,366,96,female,FA Women's Super League,2023/2024,2023-11-05,0.2169249106078665,0.2077922077922078
3913084,807,561,246,353,259,94,female,FA Women's Super League,2023/2024,2023-11-05,0.3048327137546468,0.26628895184135976
3913085,989,817,172,598,511,87,female,FA Women's Super League,2023/2024,2023-11-05,0.17391304347826086,0.1454849498327759
3913086,897,692,205,467,378,89,female,FA Women's Super League,2023/2024,2023-11-05,0.22853957636566333,0.1905781584582441
3913087,958,761,197,568,459,109,female,FA Women's Super League,2023/2024,2023-11-12,0.2056367432150313,0.19190140845070422
3913088,903,722,181,464,387,77,female,FA Women's Super League,2023/2024,2023-11-12,0.20044296788482835,0.16594827586206898
3913089,1140,939,201,659,549,110,female,FA Women's Super League,2023/2024,2023-11-12,0.1763157894736842,0.1669195751138088
3913090,1007,829,178,599,500,99,female,FA Women's Super League,2023/2024,2023-11-12,0.17676266137040714,0.1652754590984975
3913091,772,620,152,442,381,61,female,FA Women's Super League,2023/2024,2023-11-12,0.19689119170984457,0.13800904977375567
3913092,912,718,194,529,436,93,female,FA Women's Super League,2023/2024,2023-11-12,0.21271929824561403,0.17580340264650285
3913093,974,733,241,651,511,140,female,FA Women's Super League,2023/2024,2023-11-18,0.24743326488706366,0.21505376344086022
3913094,876,687,189,441,368,73,female,FA Women's Super League,2023/2024,2023-11-19,0.21575342465753425,0.1655328798185941
3913095,888,683,205,494,390,104,female,FA Women's Super League,2023/2024,2023-11-19,0.23085585585585586,0.21052631578947367
3913096,787,567,220,365,286,79,female,FA Women's Super League,2023/2024,2023-11-19,0.2795425667090216,0.21643835616438356
3913097,892,672,220,463,376,87,female,FA Women's Super League,2023/2024,2023-11-19,0.24663677130044842,0.1879049676025918
3913098,773,600,173,369,302,67,female,FA Women's Super League,2023/2024,2023-11-19,0.2238033635187581,0.18157181571815717
3913099,935,691,244,373,294,79,female,FA Women's Super League,2023/2024,2023-11-26,0.2609625668449198,0.21179624664879357
3913100,1052,852,200,616,511,105,female,FA Women's Super League,2023/2024,2023-11-26,0.19011406844106463,0.17045454545454544
3913101,854,682,172,435,358,77,female,FA Women's Super League,2023/2024,2023-11-26,0.20140515222482436,0.17701149425287357
3913102,1040,892,148,637,561,76,female,FA Women's Super League,2023/2024,2023-11-26,0.1423076923076923,0.11930926216640503
3913103,884,664,220,341,279,62,female,FA Women's Super League,2023/2024,2023-11-26,0.248868778280543,0.18181818181818182
3913104,824,640,184,478,393,85,female,FA Women's Super League,2023/2024,2023-11-26,0.22330097087378642,0.17782426778242677
3913105,842,642,200,464,362,102,female,FA Women's Super League,2023/2024,2023-12-10,0.2375296912114014,0.21982758620689655
3913106,860,640,220,471,368,103,female,FA Women's Super League,2023/2024,2023-12-10,0.2558139534883721,0.21868365180467092
3913108,871,636,235,497,377,120,female,FA Women's Super League,2023/2024,2023-12-10,0.269804822043628,0.2414486921529175
3913109,980,785,195,471,398,73,female,FA Women's Super League,2023/2024,2023-12-10,0.1989795918367347,0.15498938428874734
3913110,916,696,220,446,351,95,female,FA Women's Super League,2023/2024,2023-12-10,0.24017467248908297,0.21300448430493274
3913111,900,668,232,494,386,108,female,FA Women's Super League,2023/2024,2023-12-17,0.2577777777777778,0.21862348178137653
3913112,994,800,194,615,513,102,female,FA Women's Super League,2023/2024,2023-12-17,0.19517102615694165,0.16585365853658537
3913113,877,708,169,514,439,75,female,FA Women's Super League,2023/2024,2023-12-16,0.19270239452679588,0.14591439688715954
3913114,890,653,237,587,462,125,female,FA Women's Super League,2023/2024,2023-12-17,0.2662921348314607,0.21294718909710392
3913116,1006,841,165,501,431,70,female,FA Women's Super League,2023/2024,2023-12-17,0.16401590457256462,0.13972055888223553
3913117,937,758,179,440,365,75,female,FA Women's Super League,2023/2024,2024-01-20,0.1910352187833511,0.17045454545454544
3913118,920,714,206,441,356,85,female,FA Women's Super League,2023/2024,2024-01-21,0.22391304347826088,0.1927437641723356
3913119,875,605,270,426,317,109,female,FA Women's Super League,2023/2024,2024-01-19,0.30857142857142855,0.25586854460093894
3913120,1003,797,206,501,415,86,female,FA Women's Super League,2023/2024,2024-01-21,0.2053838484546361,0.17165668662674652
3913121,940,729,211,586,474,112,female,FA Women's Super League,2023/2024,2024-01-21,0.22446808510638297,0.19112627986348124
3913122,788,560,228,438,332,106,female,FA Women's Super League,2023/2024,2024-01-21,0.2893401015228426,0.2420091324200913
3913123,897,711,186,480,402,78,female,FA Women's Super League,2023/2024,2024-01-27,0.20735785953177258,0.1625
3913124,794,574,220,386,304,82,female,FA Women's Super League,2023/2024,2024-01-28,0.2770780856423174,0.21243523316062177
3913125,881,678,203,401,335,66,female,FA Women's Super League,2023/2024,2024-01-28,0.2304199772985244,0.16458852867830423
3913126,1074,921,153,500,434,66,female,FA Women's Super League,2023/2024,2024-01-28,0.1424581005586592,0.132
3913127,867,700,167,428,361,67,female,FA Women's Super League,2023/2024,2024-01-28,0.19261822376009227,0.15654205607476634
3913128,855,642,213,458,355,103,female,FA Women's Super League,2023/2024,2024-01-28,0.24912280701754386,0.22489082969432314
3913132,989,821,168,457,388,69,female,FA Women's Super League,2023/2024,2024-02-04,0.1698685540950455,0.15098468271334792
3913133,883,703,180,372,307,65,female,FA Women's Super League,2023/2024,2024-02-04,0.20385050962627407,0.17473118279569894
3913136,935,737,198,435,353,82,female,FA Women's Super League,2023/2024,2024-02-18,0.21176470588235294,0.18850574712643678
3913138,859,698,161,471,393,78,female,FA Women's Super League,2023/2024,2024-02-16,0.18742724097788127,0.16560509554140126
3913139,948,763,185,471,393,78,female,FA Women's Super League,2023/2024,2024-02-18,0.19514767932489452,0.16560509554140126
3913140,888,678,210,392,304,88,female,FA Women's Super League,2023/2024,2024-02-18,0.23648648648648649,0.22448979591836735
3913142,925,775,150,638,549,89,female,FA Women's Super League,2023/2024,2024-03-03,0.16216216216216217,0.13949843260188088
3913143,981,824,157,475,409,66,female,FA Women's Super League,2023/2024,2024-03-02,0.1600407747196738,0.13894736842105262
3913145,967,785,182,557,467,90,female,FA Women's Super League,2023/2024,2024-03-03,0.18821096173733196,0.1615798922800718
3913149,879,663,216,452,353,99,female,FA Women's Super League,2023/2024,2024-03-17,0.24573378839590443,0.21902654867256638
3913154,891,715,176,538,453,85,female,FA Women's Super League,2023/2024,2024-03-24,0.19753086419753085,0.1579925650557621
3913158,864,678,186,464,386,78,female,FA Women's Super League,2023/2024,2024-03-24,0.2152777777777778,0.16810344827586207
3913159,858,678,180,473,400,73,female,FA Women's Super League,2023/2024,2024-03-30,0.2097902097902098,0.1543340380549683
3913164,816,602,214,413,321,92,female,FA Women's Super League,2023/2024,2024-03-31,0.2622549019607843,0.22276029055690072
3913170,870,626,244,477,375,102,female,FA Women's Super League,2023/2024,2024-04-20,0.28045977011494255,0.2138364779874214
3913172,863,691,172,528,451,77,female,FA Women's Super League,2023/2024,2024-04-28,0.1993047508690614,0.14583333333333334
3913176,894,746,148,459,396,63,female,FA Women's Super League,2023/2024,2024-04-28,0.16554809843400448,0.13725490196078433
3913177,934,778,156,545,461,84,female,FA Women's Super League,2023/2024,2024-05-05,0.1670235546038544,0.15412844036697249
3913178,821,634,187,405,330,75,female,FA Women's Super League,2023/2024,2024-05-05,0.22777101096224117,0.18518518518518517
3913179,802,543,259,370,268,102,female,FA Women's Super League,2023/2024,2024-05-05,0.3229426433915212,0.2756756756756757
3913183,1066,891,175,751,648,103,female,FA Women's Super League,2023/2024,2024-05-18,0.16416510318949343,0.13715046604527298
3913184,910,725,185,536,437,99,female,FA Women's Super League,2023/2024,2024-05-18,0.2032967032967033,0.18470149253731344
3913187,844,668,176,388,311,77,female,FA Women's Super League,2023/2024,2024-05-18,0.20853080568720378,0.19845360824742267
3913188,931,755,176,495,420,75,female,FA Women's Super League,2023/2024,2024-05-18,0.18904403866809882,0.15151515151515152
3764230,866,630,236,503,398,105,female,FA Women's Super League,2020/2021,2020-09-06,0.27251732101616627,0.20874751491053678
3764231,771,548,223,425,325,100,female,FA Women's Super League,2020/2021,2020-09-06,0.2892347600518807,0.23529411764705882
3764232,967,764,203,524,436,88,female,FA Women's Super League,2020/2021,2020-09-06,0.20992761116856257,0.16793893129770993
3764233,819,629,190,418,332,86,female,FA Women's Super League,2020/2021,2020-09-06,0.231990231990232,0.20574162679425836
3764234,920,747,173,461,387,74,female,FA Women's Super League,2020/2021,2020-09-05,0.18804347826086956,0.16052060737527116
3764235,949,773,176,565,481,84,female,FA Women's Super League,2020/2021,2020-09-13,0.18545837723919917,0.1486725663716814
3764236,606,414,192,324,243,81,female,FA Women's Super League,2020/2021,2020-09-13,0.31683168316831684,0.25
3764237,812,630,182,433,350,83,female,FA Women's Super League,2020/2021,2020-09-13,0.22413793103448276,0.19168591224018475
3764239,775,537,238,372,295,77,female,FA Women's Super League,2020/2021,2020-09-13,0.30709677419354836,0.20698924731182797
3764240,811,631,180,372,306,66,female,FA Women's Super League,2020/2021,2020-09-06,0.2219482120838471,0.1774193548387097
3764241,931,708,223,478,383,95,female,FA Women's Super League,2020/2021,2020-09-13,0.23952738990332975,0.19874476987447698
3775540,662,414,248,328,225,103,female,FA Women's Super League,2020/2021,2021-04-24,0.37462235649546827,0.31402439024390244
3775541,883,678,205,456,364,92,female,FA Women's Super League,2020/2021,2021-03-07,0.232163080407701,0.20175438596491227
3775543,1053,864,189,580,495,85,female,FA Women's Super League,2020/2021,2020-10-11,0.1794871794871795,0.14655172413793102
3775544,671,439,232,409,307,102,female,FA Women's Super League,2020/2021,2021-05-02,0.34575260804769004,0.24938875305623473
3775545,803,654,149,392,340,52,female,FA Women's Super League,2020/2021,2020-10-04,0.1855541718555417,0.1326530612244898
3775546,682,466,216,288,221,67,female,FA Women's Super League,2020/2021,2021-03-21,0.31671554252199413,0.2326388888888889
3775547,855,685,170,582,492,90,female,FA Women's Super League,2020/2021,2021-02-28,0.19883040935672514,0.15463917525773196
3775548,891,655,236,432,339,93,female,FA Women's Super League,2020/2021,2021-02-10,0.2648709315375982,0.2152777777777778
3775549,745,545,200,334,262,72,female,FA Women's Super League,2020/2021,2021-05-09,0.2684563758389262,0.2155688622754491
3775550,1042,856,186,592,510,82,female,FA Women's Super League,2020/2021,2021-03-17,0.1785028790786948,0.13851351351351351
3775551,854,615,239,444,339,105,female,FA Women's Super League,2020/2021,2020-11-08,0.27985948477751754,0.23648648648648649
3775552,788,561,227,372,293,79,female,FA Women's Super League,2020/2021,2021-02-28,0.2880710659898477,0.21236559139784947
3775553,791,578,213,440,342,98,female,FA Women's Super League,2020/2021,2020-11-08,0.2692793931731985,0.22272727272727272
3775555,899,690,209,426,345,81,female,FA Women's Super League,2020/2021,2021-05-05,0.2324805339265851,0.19014084507042253
3775556,737,545,192,339,272,67,female,FA Women's Super League,2020/2021,2020-11-08,0.26051560379918587,0.1976401179941003
3775557,915,740,175,393,324,69,female,FA Women's Super League,2020/2021,2021-04-25,0.1912568306010929,0.17557251908396945
3775558,668,449,219,325,235,90,female,FA Women's Super League,2020/2021,2020-12-13,0.3278443113772455,0.27692307692307694
3775559,996,820,176,574,489,85,female,FA Women's Super League,2020/2021,2020-12-20,0.17670682730923695,0.1480836236933798
3775560,838,662,176,337,273,64,female,FA Women's Super League,2020/2021,2021-05-09,0.2100238663484487,0.18991097922848665
3775561,764,513,251,329,247,82,female,FA Women's Super League,2020/2021,2020-10-18,0.3285340314136126,0.24924012158054712
3775562,727,532,195,340,272,68,female,FA Women's Super League,2020/2021,2020-10-04,0.26822558459422285,0.2
3775564,819,641,178,442,364,78,female,FA Women's Super League,2020/2021,2021-03-27,0.21733821733821734,0.17647058823529413
3775566,826,625,201,423,337,86,female,FA Women's Super League,2020/2021,2020-12-05,0.24334140435835352,0.2033096926713948
3775567,764,532,232,343,260,83,female,FA Women's Super League,2020/2021,2021-01-17,0.3036649214659686,0.24198250728862974
3775569,886,695,191,471,386,85,female,FA Women's Super League,2020/2021,2021-04-04,0.21557562076749437,0.18046709129511676
3775571,744,536,208,397,306,91,female,FA Women's Super League,2020/2021,2021-01-23,0.27956989247311825,0.22921914357682618
3775572,878,705,173,384,320,64,female,FA Women's Super League,2020/2021,2020-10-04,0.1970387243735763,0.16666666666666666
3775573,762,569,193,399,308,91,female,FA Women's Super League,2020/2021,2021-05-09,0.2532808398950131,0.22807017543859648
3775574,923,784,139,602,522,80,female,FA Women's Super League,2020/2021,2021-05-02,0.15059588299024917,0.132890365448505
3775575,955,757,198,521,432,89,female,FA Women's Super League,2020/2021,2020-10-03,0.20732984293193718,0.1708253358925144
3775576,793,613,180,386,312,74,female,FA Women's Super League,2020/2021,2021-04-21,0.22698612862547288,0.19170984455958548
3775577,952,766,186,480,400,80,female,FA Women's Super League,2020/2021,2021-05-02,0.1953781512605042,0.16666666666666666
3775578,750,524,226,366,277,89,female,FA Women's Super League,2020/2021,2021-02-14,0.30133333333333334,0.24316939890710382
3775579,877,680,197,602,485,117,female,FA Women's Super League,2020/2021,2021-05-02,0.22462941847206386,0.19435215946843853
3775580,1040,821,219,464,383,81,female,FA Women's Super League,2020/2021,2020-12-13,0.21057692307692308,0.17456896551724138
3775582,706,475,231,396,290,106,female,FA Women's Super League,2020/2021,2020-10-18,0.3271954674220963,0.2676767676767677
3775584,850,677,173,462,376,86,female,FA Women's Super League,2020/2021,2020-12-06,0.20352941176470588,0.18614718614718614
3775585,609,395,214,281,203,78,female,FA Women's Super League,2020/2021,2021-05-09,0.35139573070607555,0.2775800711743772
3775586,929,754,175,406,344,62,female,FA Women's Super League,2020/2021,2020-10-18,0.1883745963401507,0.15270935960591134
3775588,689,447,242,375,268,107,female,FA Women's Super League,2020/2021,2020-12-06,0.35123367198838895,0.2853333333333333
3775589,724,494,230,308,225,83,female,FA Women's Super League,2020/2021,2021-01-17,0.31767955801104975,0.2694805194805195
3775590,744,551,193,327,262,65,female,FA Women's Super League,2020/2021,2021-02-07,0.2594086021505376,0.19877675840978593
3775591,803,550,253,391,283,108,female,FA Women's Super League,2020/2021,2021-03-07,0.3150684931506849,0.27621483375959077
3775592,724,464,260,389,261,128,female,FA Women's Super League,2020/2021,2020-11-07,0.35911602209944754,0.32904884318766064
3775593,932,760,172,540,451,89,female,FA Women's Super League,2020/2021,2021-05-09,0.18454935622317598,0.1648148148148148
3775594,792,608,184,399,320,79,female,FA Women's Super League,2020/2021,2021-01-24,0.23232323232323232,0.19799498746867167
3775596,817,627,190,376,305,71,female,FA Women's Super League,2020/2021,2021-03-17,0.23255813953488372,0.18882978723404256
3775597,792,605,187,441,351,90,female,FA Women's Super League,2020/2021,2021-03-19,0.2361111111111111,0.20408163265306123
3775598,714,515,199,382,290,92,female,FA Women's Super League,2020/2021,2021-03-14,0.27871148459383754,0.24083769633507854
3775600,883,677,206,461,375,86,female,FA Women's Super League,2020/2021,2021-02-07,0.2332955832389581,0.18655097613882862
3775601,608,398,210,350,240,110,female,FA Women's Super League,2020/2021,2021-05-02,0.34539473684210525,0.3142857142857143
3775602,749,503,246,449,331,118,female,FA Women's Super League,2020/2021,2020-10-04,0.32843791722296395,0.26280623608017817
3775603,765,499,266,400,285,115,female,FA Women's Super League,2020/2021,2021-02-10,0.3477124183006536,0.2875
3775605,1011,812,199,596,504,92,female,FA Women's Super League,2020/2021,2021-01-31,0.19683481701285854,0.15436241610738255
3775606,855,642,213,556,451,105,female,FA Women's Super League,2020/2021,2021-01-10,0.24912280701754386,0.18884892086330934
3775607,661,460,201,235,168,67,female,FA Women's Super League,2020/2021,2021-03-08,0.3040847201210287,0.2851063829787234
3775610,856,667,189,438,363,75,female,FA Women's Super League,2020/2021,2020-12-20,0.2207943925233645,0.17123287671232876
3775611,890,653,237,451,354,97,female,FA Women's Super League,2020/2021,2020-10-11,0.2662921348314607,0.21507760532150777
3775612,862,676,186,491,396,95,female,FA Women's Super League,2020/2021,2021-04-25,0.21577726218097448,0.1934826883910387
3775613,996,847,149,593,518,75,female,FA Women's Super League,2020/2021,2021-03-27,0.1495983935742972,0.12647554806070826
3775614,905,665,240,507,400,107,female,FA Women's Super League,2020/2021,2021-02-14,0.26519337016574585,0.21104536489151873
3775615,846,654,192,451,367,84,female,FA Women's Super League,2020/2021,2020-12-13,0.22695035460992907,0.18625277161862527
3775616,763,555,208,355,285,70,female,FA Women's Super League,2020/2021,2020-12-13,0.272608125819135,0.19718309859154928
3775618,728,516,212,399,305,94,female,FA Women's Super League,2020/2021,2020-10-11,0.29120879120879123,0.23558897243107768
3775619,766,558,208,406,310,96,female,FA Women's Super League,2020/2021,2020-12-20,0.27154046997389036,0.23645320197044334
3775620,814,582,232,382,289,93,female,FA Women's Super League,2020/2021,2020-10-11,0.28501228501228504,0.24345549738219896
3775621,743,544,199,354,272,82,female,FA Women's Super League,2020/2021,2020-12-06,0.26783310901749663,0.23163841807909605
3775622,741,556,185,388,316,72,female,FA Women's Super League,2020/2021,2021-04-25,0.2496626180836707,0.18556701030927836
3775623,705,493,212,391,293,98,female,FA Women's Super League,2020/2021,2020-11-15,0.300709219858156,0.2506393861892583
3775624,737,558,179,237,185,52,female,FA Women's Super League,2020/2021,2020-11-14,0.24287652645861602,0.21940928270042195
3775625,899,752,147,201,168,33,female,FA Women's Super League,2020/2021,2020-11-07,0.1635150166852058,0.16417910447761194
3775626,983,775,208,587,496,91,female,FA Women's Super League,2020/2021,2021-01-17,0.2115971515768057,0.15502555366269166
3775627,816,580,236,414,318,96,female,FA Women's Super League,2020/2021,2020-11-15,0.28921568627450983,0.2318840579710145
3775630,902,748,154,477,411,66,female,FA Women's Super League,2020/2021,2021-03-07,0.17073170731707318,0.13836477987421383
3775631,628,459,169,323,249,74,female,FA Women's Super League,2020/2021,2020-11-14,0.26910828025477707,0.22910216718266255
3775632,905,717,188,502,422,80,female,FA Women's Super League,2020/2021,2020-12-06,0.20773480662983426,0.1593625498007968
3775635,721,475,246,399,279,120,female,FA Women's Super League,2020/2021,2021-04-25,0.34119278779472956,0.3007518796992481
3775636,793,614,179,408,328,80,female,FA Women's Super League,2020/2021,2020-10-18,0.2257250945775536,0.19607843137254902
3775637,821,633,188,421,333,88,female,FA Women's Super League,2020/2021,2020-12-09,0.2289890377588307,0.20902612826603326
3775639,1000,826,174,590,515,75,female,FA Women's Super League,2020/2021,2021-03-07,0.174,0.1271186440677966
3775640,722,514,208,361,273,88,female,FA Women's Super League,2020/2021,2021-02-07,0.2880886426592798,0.24376731301939059
3775641,740,545,195,354,270,84,female,FA Women's Super League,2020/2021,2020-11-14,0.2635135135135135,0.23728813559322035
3775642,673,441,232,277,197,80,female,FA Women's Super League,2020/2021,2021-03-17,0.3447251114413076,0.2888086642599278
3775643,694,430,264,325,223,102,female,FA Women's Super League,2020/2021,2021-03-17,0.3804034582132565,0.31384615384615383
3775644,635,454,181,309,240,69,female,FA Women's Super League,2020/2021,2020-10-10,0.28503937007874014,0.22330097087378642
3775645,895,687,208,521,414,107,female,FA Women's Super League,2020/2021,2020-11-08,0.2324022346368715,0.2053742802303263
3775646,964,768,196,441,363,78,female,FA Women's Super League,2020/2021,2021-01-27,0.2033195020746888,0.17687074829931973
3775647,758,548,210,450,332,118,female,FA Women's Super League,2020/2021,2021-01-17,0.2770448548812665,0.26222222222222225
3775649,647,428,219,328,244,84,female,FA Women's Super League,2020/2021,2021-04-03,0.3384853168469861,0.25609756097560976
3775650,862,682,180,468,391,77,female,FA Women's Super League,2020/2021,2020-12-06,0.2088167053364269,0.16452991452991453
3775651,1010,837,173,572,488,84,female,FA Women's Super League,2020/2021,2021-01-31,0.1712871287128713,0.14685314685314685
3775653,932,738,194,527,440,87,female,FA Women's Super League,2020/2021,2021-03-11,0.20815450643776823,0.1650853889943074
3775654,654,437,217,331,250,81,female,FA Women's Super League,2020/2021,2021-03-28,0.3318042813455658,0.24471299093655588
3775655,645,381,264,299,203,96,female,FA Women's Super League,2020/2021,2021-02-07,0.40930232558139534,0.3210702341137124
3775657,1083,869,214,617,509,108,female,FA Women's Super League,2020/2021,2020-10-04,0.19759926131117267,0.17504051863857376
3775658,863,669,194,450,367,83,female,FA Women's Super League,2020/2021,2021-02-12,0.22479721900347624,0.18444444444444444
3775659,787,584,203,319,248,71,female,FA Women's Super League,2020/2021,2020-10-18,0.2579415501905972,0.2225705329153605
19730,863,665,198,405,326,79,female,FA Women's Super League,2018/2019,2018-09-30,0.22943221320973348,0.19506172839506172
19736,823,583,240,415,319,96,female,FA Women's Super League,2018/2019,2018-10-14,0.2916160388821385,0.23132530120481928
19745,533,313,220,213,141,72,female,FA Women's Super League,2018/2019,2018-10-28,0.41275797373358347,0.3380281690140845
19746,727,472,255,346,258,88,female,FA Women's Super League,2018/2019,2018-10-28,0.35075653370013754,0.2543352601156069
19769,720,487,233,331,250,81,female,FA Women's Super League,2018/2019,2018-12-02,0.3236111111111111,0.24471299093655588
19770,861,673,188,491,400,91,female,FA Women's Super League,2018/2019,2018-12-02,0.2183507549361208,0.18533604887983707
19771,854,681,173,583,479,104,female,FA Women's Super League,2018/2019,2018-12-02,0.202576112412178,0.1783876500857633
19772,784,502,282,414,293,121,female,FA Women's Super League,2018/2019,2018-12-02,0.3596938775510204,0.2922705314009662
19778,994,828,166,644,550,94,female,FA Women's Super League,2018/2019,2018-12-09,0.16700201207243462,0.14596273291925466
19820,780,553,227,491,373,118,female,FA Women's Super League,2018/2019,2019-05-11,0.29102564102564105,0.24032586558044808
2275026,929,759,170,559,475,84,female,FA Women's Super League,2019/2020,2019-11-24,0.18299246501614638,0.15026833631484796
2275027,701,490,211,326,252,74,female,FA Women's Super League,2019/2020,2020-02-02,0.30099857346647646,0.22699386503067484
2275028,973,819,154,552,482,70,female,FA Women's Super League,2019/2020,2019-10-12,0.15827338129496402,0.12681159420289856
2275029,596,385,211,303,207,96,female,FA Women's Super League,2019/2020,2020-01-19,0.3540268456375839,0.31683168316831684
2275030,621,403,218,215,157,58,female,FA Women's Super League,2019/2020,2020-02-23,0.35104669887278583,0.26976744186046514
2275033,708,496,212,371,287,84,female,FA Women's Super League,2019/2020,2019-10-27,0.2994350282485876,0.22641509433962265
2275034,786,615,171,341,284,57,female,FA Women's Super League,2019/2020,2019-09-15,0.21755725190839695,0.16715542521994134
2275036,618,360,258,303,200,103,female,FA Women's Super League,2019/2020,2020-01-19,0.4174757281553398,0.33993399339933994
2275037,964,776,188,551,465,86,female,FA Women's Super League,2019/2020,2020-02-02,0.1950207468879668,0.1560798548094374
2275038,632,420,212,345,245,100,female,FA Women's Super League,2019/2020,2020-02-12,0.33544303797468356,0.2898550724637681
2275040,695,483,212,311,232,79,female,FA Women's Super League,2019/2020,2019-10-13,0.30503597122302156,0.2540192926045016
2275041,856,653,203,463,377,86,female,FA Women's Super League,2019/2020,2019-09-15,0.2371495327102804,0.1857451403887689
2275042,820,654,166,407,343,64,female,FA Women's Super League,2019/2020,2019-11-17,0.20243902439024392,0.15724815724815724
2275044,1000,830,170,571,501,70,female,FA Women's Super League,2019/2020,2019-10-27,0.17,0.12259194395796848
2275045,734,492,242,408,284,124,female,FA Women's Super League,2019/2020,2019-12-15,0.329700272479564,0.30392156862745096
2275048,593,417,176,266,201,65,female,FA Women's Super League,2019/2020,2019-09-29,0.29679595278246207,0.24436090225563908
2275049,590,387,203,251,179,72,female,FA Women's Super League,2019/2020,2019-11-24,0.3440677966101695,0.2868525896414343
2275050,762,494,268,426,301,125,female,FA Women's Super League,2019/2020,2020-01-12,0.35170603674540685,0.2934272300469484
2275051,633,413,220,287,205,82,female,FA Women's Super League,2019/2020,2019-10-27,0.34755134281200634,0.2857142857142857
2275052,739,565,174,308,240,68,female,FA Women's Super League,2019/2020,2019-09-15,0.2354533152909337,0.22077922077922077
2275054,648,418,230,372,278,94,female,FA Women's Super League,2019/2020,2020-01-05,0.3549382716049383,0.25268817204301075
2275056,783,570,213,428,342,86,female,FA Women's Super League,2019/2020,2019-11-17,0.2720306513409962,0.20093457943925233
2275057,715,518,197,386,304,82,female,FA Women's Super League,2019/2020,2020-02-02,0.2755244755244755,0.21243523316062177
2275061,690,472,218,447,326,121,female,FA Women's Super League,2019/2020,2019-09-07,0.3159420289855073,0.27069351230425054
2275062,834,629,205,484,396,88,female,FA Women's Super League,2019/2020,2020-02-13,0.24580335731414868,0.18181818181818182
2275063,930,738,192,470,385,85,female,FA Women's Super League,2019/2020,2019-10-13,0.2064516129032258,0.18085106382978725
2275065,784,613,171,470,376,94,female,FA Women's Super League,2019/2020,2019-11-17,0.2181122448979592,0.2
2275070,709,492,217,376,285,91,female,FA Women's Super League,2019/2020,2019-10-13,0.306064880112835,0.24202127659574468
2275072,755,514,241,368,268,100,female,FA Women's Super League,2019/2020,2020-01-05,0.31920529801324504,0.2717391304347826
2275073,872,603,269,444,345,99,female,FA Women's Super League,2019/2020,2020-02-12,0.3084862385321101,0.22297297297297297
2275074,954,760,194,483,411,72,female,FA Women's Super League,2019/2020,2020-02-12,0.20335429769392033,0.14906832298136646
2275075,653,446,207,314,234,80,female,FA Women's Super League,2019/2020,2019-12-15,0.3169984686064318,0.25477707006369427
2275077,628,426,202,328,242,86,female,FA Women's Super League,2019/2020,2020-01-12,0.321656050955414,0.2621951219512195
2275078,1037,881,156,622,544,78,female,FA Women's Super League,2019/2020,2020-01-11,0.15043394406943106,0.12540192926045016
2275079,958,782,176,530,450,80,female,FA Women's Super League,2019/2020,2019-11-24,0.1837160751565762,0.1509433962264151
2275080,877,680,197,477,383,94,female,FA Women's Super League,2019/2020,2020-01-12,0.22462941847206386,0.1970649895178197
2275082,901,736,165,541,463,78,female,FA Women's Super League,2019/2020,2019-11-17,0.18312985571587126,0.14417744916820702
2275083,759,553,206,393,314,79,female,FA Women's Super League,2019/2020,2020-02-23,0.27140974967061926,0.2010178117048346
2275084,796,582,214,396,305,91,female,FA Women's Super League,2019/2020,2019-10-27,0.26884422110552764,0.2297979797979798
2275085,901,740,161,553,469,84,female,FA Women's Super League,2019/2020,2020-01-05,0.17869034406215317,0.1518987341772152
2275086,769,538,231,330,242,88,female,FA Women's Super League,2019/2020,2019-12-08,0.30039011703511054,0.26666666666666666
2275088,663,478,185,366,285,81,female,FA Women's Super League,2019/2020,2019-12-08,0.2790346907993967,0.22131147540983606
2275089,1002,802,200,548,449,99,female,FA Women's Super League,2019/2020,2020-01-05,0.1996007984031936,0.18065693430656934
2275090,826,603,223,410,327,83,female,FA Women's Super League,2019/2020,2020-01-19,0.26997578692493945,0.20243902439024392
2275091,791,560,231,401,319,82,female,FA Women's Super League,2019/2020,2019-12-08,0.2920353982300885,0.20448877805486285
2275092,950,784,166,492,415,77,female,FA Women's Super League,2019/2020,2020-01-19,0.17473684210526316,0.1565040650406504
2275093,871,701,170,427,359,68,female,FA Women's Super League,2019/2020,2019-11-24,0.19517795637198623,0.1592505854800937
2275094,698,526,172,338,271,67,female,FA Women's Super League,2019/2020,2019-09-15,0.24641833810888253,0.19822485207100593
2275096,907,747,160,561,480,81,female,FA Women's Super League,2019/2020,2019-09-08,0.17640573318632854,0.1443850267379679
2275097,852,676,176,484,403,81,female,FA Women's Super League,2019/2020,2019-12-15,0.20657276995305165,0.16735537190082644
2275098,1024,834,190,480,397,83,female,FA Women's Super League,2019/2020,2020-01-12,0.185546875,0.17291666666666666
2275099,713,505,208,354,273,81,female,FA Women's Super League,2019/2020,2019-09-08,0.2917251051893408,0.2288135593220339
2275102,663,439,224,325,228,97,female,FA Women's Super League,2019/2020,2019-11-29,0.3378582202111614,0.29846153846153844
2275103,683,453,230,337,251,86,female,FA Women's Super League,2019/2020,2019-12-08,0.3367496339677892,0.2551928783382789
2275104,956,801,155,465,396,69,female,FA Women's Super League,2019/2020,2019-12-01,0.16213389121338911,0.14838709677419354
2275105,920,718,202,459,378,81,female,FA Women's Super League,2019/2020,2020-02-23,0.21956521739130436,0.17647058823529413
2275106,984,833,151,584,511,73,female,FA Women's Super League,2019/2020,2020-02-12,0.15345528455284552,0.125
2275107,925,712,213,548,447,101,female,FA Women's Super League,2019/2020,2019-09-15,0.23027027027027028,0.1843065693430657
2275108,817,629,188,349,280,69,female,FA Women's Super League,2019/2020,2019-09-29,0.23011015911872704,0.1977077363896848
2275109,683,494,189,345,254,91,female,FA Women's Super League,2019/2020,2019-12-04,0.2767203513909224,0.263768115942029
2275110,755,566,189,425,343,82,female,FA Women's Super League,2019/2020,2019-10-27,0.2503311258278146,0.19294117647058823
2275113,700,507,193,352,268,84,female,FA Women's Super League,2019/2020,2020-01-19,0.2757142857142857,0.23863636363636365
2275116,986,790,196,569,476,93,female,FA Women's Super League,2019/2020,2019-12-01,0.19878296146044624,0.1634446397188049
2275117,1012,793,219,536,441,95,female,FA Women's Super League,2019/2020,2019-12-15,0.21640316205533597,0.17723880597014927
2275120,721,522,199,413,319,94,female,FA Women's Super League,2019/2020,2019-09-08,0.27600554785020803,0.22760290556900725
2275121,1158,970,188,673,578,95,female,FA Women's Super League,2019/2020,2019-09-29,0.16234887737478412,0.1411589895988113
2275122,799,557,242,391,292,99,female,FA Women's Super League,2019/2020,2019-11-17,0.30287859824780977,0.2531969309462916
2275126,727,517,210,355,279,76,female,FA Women's Super League,2019/2020,2019-11-24,0.28885832187070154,0.2140845070422535
2275127,555,356,199,294,216,78,female,FA Women's Super League,2019/2020,2019-10-13,0.35855855855855856,0.2653061224489796
2275130,865,658,207,497,401,96,female,FA Women's Super League,2019/2020,2019-12-08,0.23930635838150288,0.193158953722334
2275131,931,696,235,489,378,111,female,FA Women's Super League,2019/2020,2019-09-29,0.25241675617615467,0.22699386503067484
2275132,826,678,148,480,415,65,female,FA Women's Super League,2019/2020,2019-09-08,0.1791767554479419,0.13541666666666666
2275133,751,516,235,332,248,84,female,FA Women's Super League,2019/2020,2020-02-23,0.3129161118508655,0.25301204819277107
2275136,884,710,174,481,409,72,female,FA Women's Super League,2019/2020,2019-09-07,0.19683257918552036,0.1496881496881497
2275137,732,553,179,421,347,74,female,FA Women's Super League,2019/2020,2020-01-19,0.24453551912568305,0.17577197149643706
2275138,707,536,171,341,280,61,female,FA Women's Super League,2019/2020,2019-09-28,0.24186704384724186,0.17888563049853373
2275139,543,378,165,280,206,74,female,FA Women's Super League,2019/2020,2019-10-13,0.30386740331491713,0.2642857142857143
2275140,852,673,179,420,343,77,female,FA Women's Super League,2019/2020,2019-11-24,0.21009389671361503,0.18333333333333332
2275142,764,569,195,371,290,81,female,FA Women's Super League,2019/2020,2020-01-05,0.25523560209424084,0.2183288409703504
2275144,640,378,262,287,200,87,female,FA Women's Super League,2019/2020,2020-02-23,0.409375,0.30313588850174217
2275146,833,592,241,408,305,103,female,FA Women's Super League,2019/2020,2019-12-08,0.2893157262905162,0.25245098039215685
2275150,543,392,151,249,194,55,female,FA Women's Super League,2019/2020,2019-12-01,0.27808471454880296,0.22088353413654618
2275151,858,621,237,490,386,104,female,FA Women's Super League,2019/2020,2020-02-12,0.2762237762237762,0.21224489795918366
2275153,613,391,222,262,184,78,female,FA Women's Super League,2019/2020,2020-02-02,0.3621533442088091,0.29770992366412213
2275154,736,554,182,309,247,62,female,FA Women's Super League,2019/2020,2019-11-17,0.24728260869565216,0.20064724919093851
2275156,904,720,184,396,324,72,female,FA Women's Super League,2019/2020,2019-09-16,0.20353982300884957,0.18181818181818182
2275157,545,324,221,177,116,61,female,FA Women's Super League,2019/2020,2019-10-27,0.4055045871559633,0.3446327683615819
3764238,821,660,161,467,397,70,female,FA Women's Super League,2020/2021,2020-09-12,0.1961023142509135,0.14989293361884368
3775542,839,648,191,406,334,72,female,FA Women's Super League,2020/2021,2021-01-17,0.22765196662693682,0.17733990147783252
3775554,739,486,253,385,267,118,female,FA Women's Super League,2020/2021,2020-11-14,0.3423545331529093,0.3064935064935065
3775565,860,679,181,450,372,78,female,FA Women's Super League,2020/2021,2021-04-04,0.21046511627906977,0.17333333333333334
3775583,879,716,163,450,386,64,female,FA Women's Super League,2020/2021,2020-12-13,0.18543799772468714,0.14222222222222222
3775587,933,699,234,542,419,123,female,FA Women's Super League,2020/2021,2021-01-31,0.2508038585209003,0.22693726937269373
3775595,742,475,267,429,283,146,female,FA Women's Super League,2020/2021,2021-01-30,0.35983827493261455,0.34032634032634035
3775599,556,295,261,181,109,72,female,FA Women's Super League,2020/2021,2021-04-20,0.4694244604316547,0.39779005524861877
3775604,964,802,162,527,462,65,female,FA Women's Super League,2020/2021,2021-04-04,0.16804979253112035,0.12333965844402277
3775608,817,590,227,436,333,103,female,FA Women's Super League,2020/2021,2021-01-17,0.2778457772337821,0.23623853211009174
3775617,722,495,227,289,207,82,female,FA Women's Super League,2020/2021,2021-04-04,0.314404432132964,0.2837370242214533
3775634,767,563,204,407,321,86,female,FA Women's Super League,2020/2021,2021-04-04,0.26597131681877445,0.2113022113022113
3775652,919,737,182,432,355,77,female,FA Women's Super League,2020/2021,2021-02-07,0.19804134929270947,0.17824074074074073
19714,831,589,242,394,293,101,female,FA Women's Super League,2018/2019,2018-09-09,0.29121540312876054,0.2563451776649746
19715,554,308,246,283,186,97,female,FA Women's Super League,2018/2019,2018-09-09,0.44404332129963897,0.34275618374558303
19716,789,563,226,470,369,101,female,FA Women's Super League,2018/2019,2018-09-09,0.2864385297845374,0.2148936170212766
19717,856,654,202,406,325,81,female,FA Women's Super League,2018/2019,2018-09-09,0.23598130841121495,0.19950738916256158
19718,858,653,205,505,419,86,female,FA Women's Super League,2018/2019,2018-09-09,0.23892773892773891,0.1702970297029703
19719,551,295,256,259,182,77,female,FA Women's Super League,2018/2019,2018-09-19,0.4646098003629764,0.2972972972972973
19720,879,633,246,374,275,99,female,FA Women's Super League,2018/2019,2018-09-19,0.27986348122866894,0.2647058823529412
19722,909,691,218,622,485,137,female,FA Women's Super League,2018/2019,2018-09-19,0.23982398239823982,0.2202572347266881
19723,925,685,240,575,457,118,female,FA Women's Super League,2018/2019,2018-09-20,0.2594594594594595,0.20521739130434782
19724,837,599,238,415,324,91,female,FA Women's Super League,2018/2019,2018-09-23,0.2843488649940263,0.21927710843373494
19725,763,504,259,409,302,107,female,FA Women's Super League,2018/2019,2018-09-23,0.3394495412844037,0.2616136919315403
19726,864,566,298,432,300,132,female,FA Women's Super League,2018/2019,2018-09-23,0.3449074074074074,0.3055555555555556
19727,663,398,265,324,212,112,female,FA Women's Super League,2018/2019,2018-09-23,0.3996983408748115,0.345679012345679
19728,828,619,209,521,405,116,female,FA Women's Super League,2018/2019,2018-09-23,0.2524154589371981,0.22264875239923224
19729,695,470,225,356,261,95,female,FA Women's Super League,2018/2019,2019-03-24,0.3237410071942446,0.26685393258426965
19731,711,479,232,262,185,77,female,FA Women's Super League,2018/2019,2018-09-30,0.3263009845288326,0.29389312977099236
19732,846,595,251,457,351,106,female,FA Women's Super League,2018/2019,2018-09-30,0.2966903073286052,0.23194748358862144
19733,931,685,246,604,460,144,female,FA Women's Super League,2018/2019,2018-09-30,0.26423200859291085,0.23841059602649006
19734,943,727,216,496,410,86,female,FA Women's Super League,2018/2019,2018-10-14,0.22905620360551432,0.17338709677419356
19735,1097,864,233,568,473,95,female,FA Women's Super League,2018/2019,2018-10-14,0.2123974475843209,0.16725352112676056
19737,721,497,224,363,257,106,female,FA Women's Super League,2018/2019,2018-10-14,0.3106796116504854,0.29201101928374656
19738,940,723,217,645,523,122,female,FA Women's Super League,2018/2019,2018-10-14,0.23085106382978723,0.18914728682170542
19739,915,712,203,444,369,75,female,FA Women's Super League,2018/2019,2018-10-21,0.22185792349726777,0.16891891891891891
19740,713,483,230,350,258,92,female,FA Women's Super League,2018/2019,2018-10-21,0.3225806451612903,0.26285714285714284
19741,781,574,207,431,342,89,female,FA Women's Super League,2018/2019,2018-10-21,0.26504481434058896,0.20649651972157773
19742,570,339,231,294,184,110,female,FA Women's Super League,2018/2019,2018-10-21,0.4052631578947368,0.3741496598639456
19743,864,656,208,431,338,93,female,FA Women's Super League,2018/2019,2018-10-21,0.24074074074074073,0.21577726218097448
19744,974,770,204,597,490,107,female,FA Women's Super League,2018/2019,2018-10-28,0.20944558521560575,0.17922948073701842
19747,797,530,267,461,337,124,female,FA Women's Super League,2018/2019,2018-10-26,0.33500627352572143,0.26898047722342733
19748,844,612,232,405,318,87,female,FA Women's Super League,2018/2019,2018-10-28,0.27488151658767773,0.21481481481481482
19749,871,705,166,546,462,84,female,FA Women's Super League,2018/2019,2018-11-04,0.19058553386911595,0.15384615384615385
19750,642,448,194,351,262,89,female,FA Women's Super League,2018/2019,2018-11-04,0.30218068535825543,0.2535612535612536
19751,780,571,209,265,209,56,female,FA Women's Super League,2018/2019,2018-11-04,0.26794871794871794,0.21132075471698114
19752,965,754,211,588,474,114,female,FA Women's Super League,2018/2019,2018-11-04,0.21865284974093263,0.19387755102040816
19753,784,553,231,443,336,107,female,FA Women's Super League,2018/2019,2018-11-04,0.29464285714285715,0.24153498871331827
19754,935,749,186,489,405,84,female,FA Women's Super League,2018/2019,2019-03-24,0.19893048128342247,0.17177914110429449
19755,802,585,217,348,268,80,female,FA Women's Super League,2018/2019,2019-02-10,0.27057356608478805,0.22988505747126436
19756,585,358,227,261,187,74,female,FA Women's Super League,2018/2019,2019-04-17,0.38803418803418804,0.2835249042145594
19757,676,425,251,289,202,87,female,FA Women's Super League,2018/2019,2019-02-10,0.371301775147929,0.30103806228373703
19758,752,564,188,393,306,87,female,FA Women's Super League,2018/2019,2019-04-17,0.25,0.22137404580152673
19759,807,587,220,454,358,96,female,FA Women's Super League,2018/2019,2018-11-18,0.27261462205700127,0.21145374449339208
19760,827,645,182,381,304,77,female,FA Women's Super League,2018/2019,2018-11-18,0.22007255139056833,0.2020997375328084
19761,594,378,216,265,187,78,female,FA Women's Super League,2018/2019,2018-11-17,0.36363636363636365,0.2943396226415094
19762,765,537,228,424,337,87,female,FA Women's Super League,2018/2019,2018-11-18,0.2980392156862745,0.20518867924528303
19763,803,598,205,425,323,102,female,FA Women's Super League,2018/2019,2018-11-18,0.25529265255292655,0.24
19764,945,709,236,603,481,122,female,FA Women's Super League,2018/2019,2018-11-25,0.24973544973544973,0.2023217247097844
19765,965,787,178,504,427,77,female,FA Women's Super League,2018/2019,2018-11-25,0.1844559585492228,0.1527777777777778
19766,835,673,162,488,405,83,female,FA Women's Super League,2018/2019,2018-11-25,0.19401197604790418,0.17008196721311475
19767,761,506,255,443,325,118,female,FA Women's Super League,2018/2019,2018-11-25,0.33508541392904073,0.26636568848758463
19768,757,493,264,403,266,137,female,FA Women's Super League,2018/2019,2018-11-25,0.3487450462351387,0.3399503722084367
19773,834,580,254,444,332,112,female,FA Women's Super League,2018/2019,2018-12-02,0.30455635491606714,0.25225225225225223
19774,685,454,231,335,243,92,female,FA Women's Super League,2018/2019,2018-12-09,0.3372262773722628,0.2746268656716418
19775,889,590,299,446,319,127,female,FA Women's Super League,2018/2019,2018-12-09,0.3363329583802025,0.28475336322869954
19776,823,583,240,358,263,95,female,FA Women's Super League,2018/2019,2018-12-09,0.2916160388821385,0.26536312849162014
19777,738,525,213,490,376,114,female,FA Women's Super League,2018/2019,2018-12-09,0.2886178861788618,0.23265306122448978
19779,881,689,192,524,429,95,female,FA Women's Super League,2018/2019,2019-01-06,0.21793416572077184,0.18129770992366412
19780,734,515,219,399,307,92,female,FA Women's Super League,2018/2019,2019-01-06,0.29836512261580383,0.23057644110275688
19781,792,595,197,425,329,96,female,FA Women's Super League,2018/2019,2019-01-06,0.24873737373737373,0.22588235294117648
19782,641,396,245,324,231,93,female,FA Women's Super League,2018/2019,2019-01-06,0.38221528861154447,0.28703703703703703
19783,912,706,206,415,335,80,female,FA Women's Super League,2018/2019,2019-01-06,0.22587719298245615,0.1927710843373494
19784,618,404,214,337,253,84,female,FA Women's Super League,2018/2019,2019-01-13,0.34627831715210355,0.24925816023738873
19785,794,570,224,387,291,96,female,FA Women's Super League,2018/2019,2019-01-13,0.28211586901763225,0.24806201550387597
19786,764,554,210,371,281,90,female,FA Women's Super League,2018/2019,2019-01-13,0.27486910994764396,0.24258760107816713
19787,690,511,179,348,268,80,female,FA Women's Super League,2018/2019,2019-01-13,0.2594202898550725,0.22988505747126436
19788,660,444,216,384,277,107,female,FA Women's Super League,2018/2019,2019-01-13,0.32727272727272727,0.2786458333333333
19789,922,698,224,503,408,95,female,FA Women's Super League,2018/2019,2019-01-27,0.24295010845986983,0.18886679920477137
19790,929,747,182,471,398,73,female,FA Women's Super League,2018/2019,2019-01-27,0.19590958019375673,0.15498938428874734
19791,683,501,182,381,292,89,female,FA Women's Super League,2018/2019,2019-01-27,0.2664714494875549,0.2335958005249344
19792,636,398,238,326,226,100,female,FA Women's Super League,2018/2019,2019-01-27,0.3742138364779874,0.3067484662576687
19793,822,549,273,431,328,103,female,FA Women's Super League,2018/2019,2019-01-28,0.33211678832116787,0.23897911832946636
19794,998,786,212,571,462,109,female,FA Women's Super League,2018/2019,2019-02-20,0.2124248496993988,0.19089316987740806
19795,633,391,242,352,238,114,female,FA Women's Super League,2018/2019,2019-02-20,0.382306477093207,0.32386363636363635
19796,918,665,253,395,290,105,female,FA Women's Super League,2018/2019,2019-02-20,0.275599128540305,0.26582278481012656
19797,783,609,174,310,250,60,female,FA Women's Super League,2018/2019,2019-02-20,0.2222222222222222,0.1935483870967742
19798,826,625,201,349,288,61,female,FA Women's Super League,2018/2019,2019-02-20,0.24334140435835352,0.17478510028653296
19799,1076,824,252,532,441,91,female,FA Women's Super League,2018/2019,2019-03-13,0.2342007434944238,0.17105263157894737
19800,867,691,176,500,415,85,female,FA Women's Super League,2018/2019,2019-03-14,0.2029988465974625,0.17
19801,861,627,234,470,365,105,female,FA Women's Super League,2018/2019,2019-03-13,0.27177700348432055,0.22340425531914893
19802,561,346,215,271,188,83,female,FA Women's Super League,2018/2019,2019-03-13,0.38324420677361853,0.3062730627306273
19803,640,437,203,256,186,70,female,FA Women's Super League,2018/2019,2019-03-13,0.3171875,0.2734375
19804,697,512,185,358,271,87,female,FA Women's Super League,2018/2019,2019-03-31,0.2654232424677188,0.2430167597765363
19805,736,508,228,293,210,83,female,FA Women's Super League,2018/2019,2019-03-31,0.30978260869565216,0.2832764505119454
19806,742,498,244,357,255,102,female,FA Women's Super League,2018/2019,2019-03-31,0.3288409703504043,0.2857142857142857
19807,955,754,201,464,383,81,female,FA Women's Super League,2018/2019,2019-03-31,0.21047120418848167,0.17456896551724138
19808,709,432,277,271,182,89,female,FA Women's Super League,2018/2019,2019-03-31,0.3906911142454161,0.3284132841328413
19809,696,521,175,385,313,72,female,FA Women's Super League,2018/2019,2019-04-20,0.2514367816091954,0.18701298701298702
19810,650,410,240,350,240,110,female,FA Women's Super League,2018/2019,2019-04-21,0.36923076923076925,0.3142857142857143
19811,828,649,179,389,319,70,female,FA Women's Super League,2018/2019,2019-04-21,0.21618357487922704,0.17994858611825193
19813,795,602,193,398,318,80,female,FA Women's Super League,2018/2019,2019-04-21,0.24276729559748428,0.20100502512562815
19814,719,494,225,344,258,86,female,FA Women's Super League,2018/2019,2019-04-28,0.3129346314325452,0.25
19815,886,708,178,440,371,69,female,FA Women's Super League,2018/2019,2019-04-28,0.20090293453724606,0.15681818181818183
19816,794,595,199,386,322,64,female,FA Women's Super League,2018/2019,2019-04-28,0.2506297229219144,0.16580310880829016
19817,797,511,286,379,280,99,female,FA Women's Super League,2018/2019,2019-04-28,0.3588456712672522,0.2612137203166227
19818,860,677,183,511,415,96,female,FA Women's Super League,2018/2019,2019-04-28,0.2127906976744186,0.18786692759295498
19819,764,534,230,384,281,103,female,FA Women's Super League,2018/2019,2019-05-11,0.3010471204188482,0.2682291666666667
19821,920,756,164,485,408,77,female,FA Women's Super League,2018/2019,2019-05-11,0.1782608695652174,0.15876288659793814
19822,844,621,223,418,308,110,female,FA Women's Super League,2018/2019,2019-05-11,0.26421800947867297,0.2631578947368421
3857255,1276,1111,165,631,559,72,male,FIFA World Cup,2022,2022-12-01,0.12931034482758622,0.11410459587955626
3857261,899,763,136,426,358,68,male,FIFA World Cup,2022,2022-11-29,0.15127919911012236,0.1596244131455399
3857271,1005,846,159,435,376,59,male,FIFA World Cup,2022,2022-11-21,0.1582089552238806,0.135632183908046
3857272,957,818,139,416,367,49,male,FIFA World Cup,2022,2022-11-25,0.1452455590386625,0.11778846153846154
3857273,822,596,226,399,310,89,male,FIFA World Cup,2022,2022-11-25,0.2749391727493917,0.22305764411027568
3857274,910,735,175,394,332,62,male,FIFA World Cup,2022,2022-11-25,0.19230769230769232,0.15736040609137056
3857275,906,751,155,304,252,52,male,FIFA World Cup,2022,2022-11-30,0.17108167770419427,0.17105263157894737
3857276,853,714,139,346,301,45,male,FIFA World Cup,2022,2022-12-01,0.16295427901524032,0.13005780346820808
3857277,976,804,172,492,425,67,male,FIFA World Cup,2022,2022-11-23,0.1762295081967213,0.13617886178861788
3857278,939,759,180,530,448,82,male,FIFA World Cup,2022,2022-11-29,0.19169329073482427,0.15471698113207547
3857296,1154,990,164,620,545,75,male,FIFA World Cup,2022,2022-12-01,0.14211438474870017,0.12096774193548387
7529,856,665,191,568,447,121,male,FIFA World Cup,2018,2018-06-16,0.22313084112149534,0.2130281690140845
7530,918,728,190,611,499,112,male,FIFA World Cup,2018,2018-06-16,0.20697167755991286,0.18330605564648117
7531,955,788,167,519,438,81,male,FIFA World Cup,2018,2018-06-16,0.17486910994764399,0.15606936416184972
7534,877,716,161,610,515,95,male,FIFA World Cup,2018,2018-06-17,0.18358038768529075,0.1557377049180328
7535,846,655,191,552,453,99,male,FIFA World Cup,2018,2018-06-17,0.22576832151300236,0.1793478260869565
7536,892,740,152,425,350,75,male,FIFA World Cup,2018,2018-06-18,0.17040358744394618,0.17647058823529413
7537,854,707,147,459,395,64,male,FIFA World Cup,2018,2018-06-18,0.1721311475409836,0.1394335511982571
7538,782,605,177,452,366,86,male,FIFA World Cup,2018,2018-06-18,0.22634271099744246,0.1902654867256637
7539,900,718,182,579,466,113,male,FIFA World Cup,2018,2018-06-19,0.20222222222222222,0.19516407599309155
7540,867,631,236,629,484,145,male,FIFA World Cup,2018,2018-06-19,0.2722029988465975,0.23052464228934816
7542,825,601,224,472,358,114,male,FIFA World Cup,2018,2018-06-20,0.27151515151515154,0.24152542372881355
7543,1004,830,174,611,527,84,male,FIFA World Cup,2018,2018-06-20,0.17330677290836655,0.13747954173486088
7544,1033,875,158,692,590,102,male,FIFA World Cup,2018,2018-06-20,0.15295256534365925,0.14739884393063585
7545,835,626,209,468,360,108,male,FIFA World Cup,2018,2018-06-21,0.2502994011976048,0.23076923076923078
7546,890,698,192,507,428,79,male,FIFA World Cup,2018,2018-06-21,0.2157303370786517,0.15581854043392504
7547,948,793,155,607,515,92,male,FIFA World Cup,2018,2018-06-21,0.16350210970464135,0.1515650741350906
7548,974,817,157,577,502,75,male,FIFA World Cup,2018,2018-06-22,0.16119096509240247,0.12998266897746968
7549,796,596,200,516,407,109,male,FIFA World Cup,2018,2018-06-22,0.25125628140703515,0.21124031007751937
7550,812,662,150,452,379,73,male,FIFA World Cup,2018,2018-06-22,0.18472906403940886,0.16150442477876106
7551,885,737,148,636,546,90,male,FIFA World Cup,2018,2018-06-23,0.1672316384180791,0.14150943396226415
7553,787,649,138,514,428,86,male,FIFA World Cup,2018,2018-06-23,0.17534942820838628,0.16731517509727625
7554,948,852,96,488,448,40,male,FIFA World Cup,2018,2018-06-24,0.10126582278481013,0.08196721311475409
7555,925,717,208,694,564,130,male,FIFA World Cup,2018,2018-06-24,0.22486486486486487,0.1873198847262248
7557,806,647,159,485,389,96,male,FIFA World Cup,2018,2018-06-25,0.19727047146401985,0.1979381443298969
7558,823,673,150,470,397,73,male,FIFA World Cup,2018,2018-06-25,0.1822600243013366,0.15531914893617021
7561,796,637,159,528,437,91,male,FIFA World Cup,2018,2018-06-26,0.19974874371859297,0.17234848484848486
7562,920,759,161,479,398,81,male,FIFA World Cup,2018,2018-06-26,0.175,0.16910229645093947
7565,1047,853,194,802,672,130,male,FIFA World Cup,2018,2018-06-27,0.18529130850047756,0.16209476309226933
7568,888,730,158,534,447,87,male,FIFA World Cup,2018,2018-06-27,0.17792792792792791,0.16292134831460675
7569,859,698,161,514,447,67,male,FIFA World Cup,2018,2018-06-28,0.18742724097788127,0.1303501945525292
7570,1014,868,146,629,550,79,male,FIFA World Cup,2018,2018-06-28,0.14398422090729784,0.12559618441971382
7571,703,534,169,404,325,79,male,FIFA World Cup,2018,2018-06-28,0.24039829302987198,0.19554455445544555
7572,1003,832,171,580,514,66,male,FIFA World Cup,2018,2018-06-28,0.17048853439680958,0.11379310344827587
7576,1106,984,122,678,608,70,male,FIFA World Cup,2018,2018-06-15,0.11030741410488246,0.10324483775811209
7578,1032,813,219,797,653,144,male,FIFA World Cup,2018,2018-06-15,0.21220930232558138,0.1806775407779172
7580,826,686,140,590,508,82,male,FIFA World Cup,2018,2018-06-30,0.1694915254237288,0.13898305084745763
7581,1132,884,248,599,486,113,male,FIFA World Cup,2018,2018-07-01,0.21908127208480566,0.18864774624373956
7583,762,630,132,471,405,66,male,FIFA World Cup,2018,2018-07-02,0.1732283464566929,0.14012738853503184
7584,1005,832,173,691,589,102,male,FIFA World Cup,2018,2018-07-02,0.17213930348258707,0.1476121562952243
7585,1062,838,224,678,571,107,male,FIFA World Cup,2018,2018-07-03,0.21092278719397364,0.15781710914454278
7586,836,660,176,411,337,74,male,FIFA World Cup,2018,2018-07-03,0.21052631578947367,0.18004866180048662
8649,827,602,225,456,378,78,male,FIFA World Cup,2018,2018-07-06,0.2720677146311971,0.17105263157894737
8650,855,721,134,582,500,82,male,FIFA World Cup,2018,2018-07-06,0.1567251461988304,0.140893470790378
8656,1065,798,267,569,452,117,male,FIFA World Cup,2018,2018-07-11,0.2507042253521127,0.2056239015817223
3857254,959,784,175,550,464,86,male,FIFA World Cup,2022,2022-11-22,0.18248175182481752,0.15636363636363637
3857256,865,679,186,426,346,80,male,FIFA World Cup,2022,2022-12-02,0.21502890173410405,0.18779342723004694
3857257,956,729,227,401,323,78,male,FIFA World Cup,2022,2022-11-30,0.23744769874476987,0.19451371571072318
3857258,978,820,158,583,508,75,male,FIFA World Cup,2022,2022-11-24,0.16155419222903886,0.12864493996569468
3857259,836,636,200,493,411,82,male,FIFA World Cup,2022,2022-11-28,0.23923444976076555,0.1663286004056795
3857260,683,470,213,267,200,67,male,FIFA World Cup,2022,2022-11-30,0.3118594436310395,0.250936329588015
3857262,920,778,142,442,384,58,male,FIFA World Cup,2022,2022-12-02,0.15434782608695652,0.13122171945701358
3857263,937,793,144,475,420,55,male,FIFA World Cup,2022,2022-11-27,0.1536819637139808,0.11578947368421053
3857264,1170,1029,141,543,489,54,male,FIFA World Cup,2022,2022-11-30,0.12051282051282051,0.09944751381215469
3857265,802,616,186,364,283,81,male,FIFA World Cup,2022,2022-11-22,0.23192019950124687,0.22252747252747251
3857266,1016,872,144,503,444,59,male,FIFA World Cup,2022,2022-11-26,0.14173228346456693,0.1172962226640159
3857267,672,509,163,285,219,66,male,FIFA World Cup,2022,2022-11-29,0.2425595238095238,0.23157894736842105
3857268,909,764,145,416,351,65,male,FIFA World Cup,2022,2022-11-23,0.15951595159515952,0.15625
3857269,1011,852,159,338,286,52,male,FIFA World Cup,2022,2022-11-28,0.1572700296735905,0.15384615384615385
3857270,969,768,201,481,390,91,male,FIFA World Cup,2022,2022-11-28,0.20743034055727555,0.1891891891891892
3857279,1150,1002,148,470,421,49,male,FIFA World Cup,2022,2022-11-22,0.12869565217391304,0.10425531914893617
3857280,834,696,138,367,315,52,male,FIFA World Cup,2022,2022-12-02,0.16546762589928057,0.14168937329700274
3857281,938,770,168,442,372,70,male,FIFA World Cup,2022,2022-11-27,0.1791044776119403,0.1583710407239819
3857282,953,784,169,446,377,69,male,FIFA World Cup,2022,2022-11-21,0.17733473242392445,0.1547085201793722
3857283,958,820,138,442,384,58,male,FIFA World Cup,2022,2022-11-27,0.1440501043841336,0.13122171945701358
3857284,1013,854,159,347,294,53,male,FIFA World Cup,2022,2022-11-23,0.15695952615992104,0.15273775216138327
3857285,814,655,159,293,247,46,male,FIFA World Cup,2022,2022-11-21,0.19533169533169534,0.15699658703071673
3857286,895,747,148,369,305,64,male,FIFA World Cup,2022,2022-11-20,0.1653631284916201,0.17344173441734417
3857287,939,760,179,388,327,61,male,FIFA World Cup,2022,2022-11-24,0.1906283280085197,0.15721649484536082
3857288,836,590,246,348,267,81,male,FIFA World Cup,2022,2022-11-26,0.2942583732057416,0.23275862068965517
3857289,868,699,169,293,240,53,male,FIFA World Cup,2022,2022-11-26,0.19470046082949308,0.18088737201365188
3857290,995,836,159,518,450,68,male,FIFA World Cup,2022,2022-11-24,0.15979899497487438,0.13127413127413126
3857291,1251,1107,144,465,418,47,male,FIFA World Cup,2022,2022-11-23,0.11510791366906475,0.1010752688172043
3857292,1049,885,164,629,548,81,male,FIFA World Cup,2022,2022-12-01,0.1563393708293613,0.1287758346581876
3857293,850,659,191,365,304,61,male,FIFA World Cup,2022,2022-12-02,0.22470588235294117,0.16712328767123288
3857294,1235,1070,165,599,527,72,male,FIFA World Cup,2022,2022-11-29,0.13360323886639677,0.12020033388981637
3857295,1001,839,162,523,450,73,male,FIFA World Cup,2022,2022-11-27,0.16183816183816183,0.13957934990439771
3857297,809,668,141,340,295,45,male,FIFA World Cup,2022,2022-11-26,0.17428924598269468,0.1323529411764706
3857298,995,843,152,606,532,74,male,FIFA World Cup,2022,2022-11-24,0.1527638190954774,0.12211221122112212
3857299,849,699,150,334,285,49,male,FIFA World Cup,2022,2022-11-28,0.17667844522968199,0.1467065868263473
3857300,830,661,169,312,250,62,male,FIFA World Cup,2022,2022-11-22,0.2036144578313253,0.1987179487179487
3857301,893,736,157,386,334,52,male,FIFA World Cup,2022,2022-11-25,0.17581187010078386,0.13471502590673576
3869117,974,772,202,502,411,91,male,FIFA World Cup,2022,2022-12-03,0.20739219712525667,0.18127490039840638
3869118,946,786,160,376,315,61,male,FIFA World Cup,2022,2022-12-04,0.16913319238900634,0.1622340425531915
3869151,1110,947,163,468,407,61,male,FIFA World Cup,2022,2022-12-03,0.14684684684684685,0.13034188034188035
3869152,1003,850,153,547,476,71,male,FIFA World Cup,2022,2022-12-04,0.15254237288135594,0.12979890310786105
3869219,1253,1009,244,679,566,113,male,FIFA World Cup,2022,2022-12-05,0.19473264166001597,0.16642120765832105
3869220,1300,1108,192,566,494,72,male,FIFA World Cup,2022,2022-12-06,0.1476923076923077,0.127208480565371
3869253,1115,971,144,458,408,50,male,FIFA World Cup,2022,2022-12-05,0.12914798206278028,0.1091703056768559
3869254,913,754,159,346,296,50,male,FIFA World Cup,2022,2022-12-06,0.1741511500547645,0.14450867052023122
3869321,1199,999,200,577,495,82,male,FIFA World Cup,2022,2022-12-09,0.16680567139282734,0.14211438474870017
3869354,887,736,151,431,372,59,male,FIFA World Cup,2022,2022-12-10,0.17023675310033823,0.1368909512761021
3869420,1365,1192,173,603,533,70,male,FIFA World Cup,2022,2022-12-09,0.12673992673992673,0.11608623548922056
3869486,875,716,159,332,279,53,male,FIFA World Cup,2022,2022-12-10,0.18171428571428572,0.15963855421686746
3869519,995,848,147,457,393,64,male,FIFA World Cup,2022,2022-12-13,0.14773869346733667,0.1400437636761488
3869552,916,773,143,321,273,48,male,FIFA World Cup,2022,2022-12-14,0.15611353711790393,0.14953271028037382
3869684,942,789,153,440,378,62,male,FIFA World Cup,2022,2022-12-17,0.1624203821656051,0.1409090909090909
3869685,1124,898,226,510,427,83,male,FIFA World Cup,2022,2022-12-18,0.20106761565836298,0.1627450980392157
7525,868,666,202,490,391,99,male,FIFA World Cup,2018,2018-06-14,0.23271889400921658,0.20204081632653062
7532,755,594,161,450,366,84,male,FIFA World Cup,2018,2018-06-16,0.21324503311258278,0.18666666666666668
7533,952,795,157,674,570,104,male,FIFA World Cup,2018,2018-06-17,0.16491596638655462,0.1543026706231454
7541,973,785,188,556,458,98,male,FIFA World Cup,2018,2018-06-19,0.1932168550873587,0.17625899280575538
7552,858,699,159,547,453,94,male,FIFA World Cup,2018,2018-06-23,0.1853146853146853,0.17184643510054845
7556,793,595,198,471,373,98,male,FIFA World Cup,2018,2018-06-24,0.24968474148802017,0.208067940552017
7559,995,839,156,673,576,97,male,FIFA World Cup,2018,2018-06-25,0.15678391959798996,0.14413075780089152
7560,948,824,124,676,595,81,male,FIFA World Cup,2018,2018-06-25,0.1308016877637131,0.11982248520710059
7563,982,790,192,666,556,110,male,FIFA World Cup,2018,2018-06-26,0.1955193482688391,0.16516516516516516
7564,822,624,198,441,345,96,male,FIFA World Cup,2018,2018-06-26,0.24087591240875914,0.21768707482993196
7566,689,503,186,424,323,101,male,FIFA World Cup,2018,2018-06-27,0.26995645863570394,0.23820754716981132
7567,912,758,154,533,444,89,male,FIFA World Cup,2018,2018-06-27,0.16885964912280702,0.1669793621013133
7577,666,485,181,372,296,76,male,FIFA World Cup,2018,2018-06-15,0.27177177177177175,0.20430107526881722
7579,810,625,185,535,434,101,male,FIFA World Cup,2018,2018-06-30,0.22839506172839505,0.18878504672897195
7582,1382,1164,218,609,506,103,male,FIFA World Cup,2018,2018-07-01,0.1577424023154848,0.16912972085385877
8651,873,655,218,475,377,98,male,FIFA World Cup,2018,2018-07-07,0.24971363115693013,0.2063157894736842
8652,1082,803,279,699,553,146,male,FIFA World Cup,2018,2018-07-07,0.2578558225508318,0.2088698140200286
8655,922,804,118,542,484,58,male,FIFA World Cup,2018,2018-07-10,0.1279826464208243,0.1070110701107011
8657,1140,1010,130,849,757,92,male,FIFA World Cup,2018,2018-07-14,0.11403508771929824,0.10836277974087162
8658,769,597,172,535,432,103,male,FIFA World Cup,2018,2018-07-15,0.22366710013003901,0.1925233644859813
3911757,641,426,215,299,219,80,female,Frauen Bundesliga,2023/2024,2023-09-30,0.33541341653666146,0.26755852842809363
3911758,974,751,223,498,395,103,female,Frauen Bundesliga,2023/2024,2023-10-01,0.22895277207392198,0.20682730923694778
3911759,825,562,263,391,288,103,female,Frauen Bundesliga,2023/2024,2023-10-01,0.3187878787878788,0.26342710997442453
3911760,875,673,202,420,348,72,female,Frauen Bundesliga,2023/2024,2023-10-02,0.23085714285714284,0.17142857142857143
3911762,793,565,228,360,269,91,female,Frauen Bundesliga,2023/2024,2023-10-07,0.287515762925599,0.25277777777777777
3911763,842,594,248,406,310,96,female,Frauen Bundesliga,2023/2024,2023-10-07,0.29453681710213775,0.23645320197044334
3911764,997,817,180,555,475,80,female,Frauen Bundesliga,2023/2024,2023-10-08,0.18054162487462388,0.14414414414414414
3911765,676,452,224,355,275,80,female,Frauen Bundesliga,2023/2024,2023-10-08,0.33136094674556216,0.22535211267605634
3911767,796,603,193,495,394,101,female,Frauen Bundesliga,2023/2024,2023-10-13,0.24246231155778894,0.20404040404040405
3911768,937,752,185,513,421,92,female,Frauen Bundesliga,2023/2024,2023-10-14,0.19743863393810032,0.1793372319688109
3911769,654,435,219,359,269,90,female,Frauen Bundesliga,2023/2024,2023-10-14,0.3348623853211009,0.25069637883008355
3911774,812,569,243,423,307,116,female,Frauen Bundesliga,2023/2024,2023-10-21,0.29926108374384236,0.27423167848699764
3911775,756,518,238,424,328,96,female,Frauen Bundesliga,2023/2024,2023-10-21,0.3148148148148148,0.22641509433962265
3911776,765,544,221,353,264,89,female,Frauen Bundesliga,2023/2024,2023-10-22,0.28888888888888886,0.2521246458923513
3911777,841,639,202,458,353,105,female,Frauen Bundesliga,2023/2024,2023-10-22,0.24019024970273484,0.2292576419213974
3911778,924,714,210,509,418,91,female,Frauen Bundesliga,2023/2024,2023-10-22,0.22727272727272727,0.1787819253438114
3911779,903,656,247,567,439,128,female,Frauen Bundesliga,2023/2024,2023-11-04,0.27353266888150607,0.2257495590828924
3911780,816,623,193,394,322,72,female,Frauen Bundesliga,2023/2024,2023-11-06,0.23651960784313725,0.18274111675126903
3911783,703,481,222,355,273,82,female,Frauen Bundesliga,2023/2024,2023-11-05,0.3157894736842105,0.23098591549295774
3911784,740,510,230,361,276,85,female,Frauen Bundesliga,2023/2024,2023-11-05,0.3108108108108108,0.23545706371191136
3911785,795,558,237,454,340,114,female,Frauen Bundesliga,2023/2024,2023-11-12,0.2981132075471698,0.2511013215859031
3911786,848,632,216,435,339,96,female,Frauen Bundesliga,2023/2024,2023-11-10,0.25471698113207547,0.2206896551724138
3911787,764,585,179,333,267,66,female,Frauen Bundesliga,2023/2024,2023-11-11,0.2342931937172775,0.1981981981981982
3911788,972,790,182,454,382,72,female,Frauen Bundesliga,2023/2024,2023-11-12,0.18724279835390947,0.15859030837004406
3911789,769,578,191,434,358,76,female,Frauen Bundesliga,2023/2024,2023-11-13,0.2483745123537061,0.17511520737327188
3911795,780,591,189,385,321,64,female,Frauen Bundesliga,2023/2024,2023-11-19,0.2423076923076923,0.16623376623376623
3911796,713,505,208,356,275,81,female,Frauen Bundesliga,2023/2024,2023-11-18,0.2917251051893408,0.22752808988764045
3911798,804,589,215,401,314,87,female,Frauen Bundesliga,2023/2024,2023-12-09,0.26741293532338306,0.2169576059850374
3911800,982,823,159,567,493,74,female,Frauen Bundesliga,2023/2024,2023-12-11,0.16191446028513237,0.13051146384479717
3911801,573,350,223,321,223,98,female,Frauen Bundesliga,2023/2024,2023-12-08,0.38917975567190227,0.3052959501557632
3911802,891,678,213,499,416,83,female,Frauen Bundesliga,2023/2024,2023-12-10,0.23905723905723905,0.16633266533066132
3912184,952,750,202,566,469,97,female,Frauen Bundesliga,2023/2024,2023-12-16,0.21218487394957983,0.17137809187279152
3912185,838,602,236,445,348,97,female,Frauen Bundesliga,2023/2024,2023-12-16,0.28162291169451076,0.21797752808988763
3912186,793,545,248,470,342,128,female,Frauen Bundesliga,2023/2024,2023-12-18,0.31273644388398486,0.2723404255319149
3912187,847,645,202,414,332,82,female,Frauen Bundesliga,2023/2024,2023-12-17,0.2384887839433294,0.19806763285024154
3912189,730,553,177,347,288,59,female,Frauen Bundesliga,2023/2024,2024-01-26,0.24246575342465754,0.17002881844380405
3912190,793,600,193,422,330,92,female,Frauen Bundesliga,2023/2024,2024-01-27,0.24337957124842372,0.21800947867298578
3912196,975,790,185,593,510,83,female,Frauen Bundesliga,2023/2024,2024-02-05,0.18974358974358974,0.1399662731871838
3912197,784,560,224,396,311,85,female,Frauen Bundesliga,2023/2024,2024-02-04,0.2857142857142857,0.21464646464646464
3912199,602,439,163,308,241,67,female,Frauen Bundesliga,2023/2024,2024-02-03,0.2707641196013289,0.21753246753246752
3912200,797,593,204,442,364,78,female,Frauen Bundesliga,2023/2024,2024-02-11,0.2559598494353827,0.17647058823529413
3912201,691,473,218,309,231,78,female,Frauen Bundesliga,2023/2024,2024-02-10,0.3154848046309696,0.2524271844660194
3912203,929,741,188,415,342,73,female,Frauen Bundesliga,2023/2024,2024-02-10,0.2023681377825619,0.17590361445783131
3912207,679,528,151,361,296,65,female,Frauen Bundesliga,2023/2024,2024-02-17,0.22238586156111928,0.18005540166204986
3912209,940,744,196,550,453,97,female,Frauen Bundesliga,2023/2024,2024-02-18,0.20851063829787234,0.17636363636363636
3912210,850,611,239,396,302,94,female,Frauen Bundesliga,2023/2024,2024-02-16,0.2811764705882353,0.23737373737373738
3912214,779,558,221,438,337,101,female,Frauen Bundesliga,2023/2024,2024-03-08,0.28369704749679076,0.23059360730593606
3912215,815,629,186,390,310,80,female,Frauen Bundesliga,2023/2024,2024-03-09,0.2282208588957055,0.20512820512820512
3912217,766,602,164,389,323,66,female,Frauen Bundesliga,2023/2024,2024-03-09,0.21409921671018275,0.16966580976863754
3912218,929,717,212,395,320,75,female,Frauen Bundesliga,2023/2024,2024-03-16,0.22820236813778255,0.189873417721519
3912219,710,515,195,352,268,84,female,Frauen Bundesliga,2023/2024,2024-03-15,0.2746478873239437,0.23863636363636365
3912221,669,469,200,336,264,72,female,Frauen Bundesliga,2023/2024,2024-03-16,0.29895366218236175,0.21428571428571427
3912222,692,440,252,329,246,83,female,Frauen Bundesliga,2023/2024,2024-03-17,0.36416184971098264,0.25227963525835867
3912223,1056,843,213,662,534,128,female,Frauen Bundesliga,2023/2024,2024-03-17,0.20170454545454544,0.1933534743202417
3912224,734,554,180,403,327,76,female,Frauen Bundesliga,2023/2024,2024-03-23,0.2452316076294278,0.18858560794044665
3912228,847,605,242,471,354,117,female,Frauen Bundesliga,2023/2024,2024-03-24,0.2857142857142857,0.2484076433121019
3912229,794,608,186,500,412,88,female,Frauen Bundesliga,2023/2024,2024-03-25,0.23425692695214106,0.176
3912230,631,473,158,291,231,60,female,Frauen Bundesliga,2023/2024,2024-04-14,0.25039619651347067,0.20618556701030927
3912231,773,570,203,498,383,115,female,Frauen Bundesliga,2023/2024,2024-04-13,0.2626131953428202,0.23092369477911648
3912232,825,591,234,386,298,88,female,Frauen Bundesliga,2023/2024,2024-04-15,0.28363636363636363,0.22797927461139897
3912233,894,672,222,577,461,116,female,Frauen Bundesliga,2023/2024,2024-04-14,0.2483221476510067,0.20103986135181975
3912234,807,594,213,448,353,95,female,Frauen Bundesliga,2023/2024,2024-04-12,0.26394052044609667,0.21205357142857142
3912235,782,585,197,397,316,81,female,Frauen Bundesliga,2023/2024,2024-04-13,0.25191815856777494,0.2040302267002519
3912236,731,548,183,341,276,65,female,Frauen Bundesliga,2023/2024,2024-04-20,0.2503419972640219,0.1906158357771261
3912237,768,561,207,350,263,87,female,Frauen Bundesliga,2023/2024,2024-04-21,0.26953125,0.24857142857142858
3912238,705,516,189,357,282,75,female,Frauen Bundesliga,2023/2024,2024-04-21,0.2680851063829787,0.21008403361344538
3912239,865,656,209,511,426,85,female,Frauen Bundesliga,2023/2024,2024-04-22,0.24161849710982658,0.16634050880626222
3912240,836,627,209,485,384,101,female,Frauen Bundesliga,2023/2024,2024-04-19,0.25,0.20824742268041238
3912241,772,548,224,401,307,94,female,Frauen Bundesliga,2023/2024,2024-04-20,0.29015544041450775,0.2344139650872818
3912242,698,482,216,309,239,70,female,Frauen Bundesliga,2023/2024,2024-05-06,0.30945558739255014,0.22653721682847897
3912243,947,759,188,589,507,82,female,Frauen Bundesliga,2023/2024,2024-05-04,0.19852164730728616,0.13921901528013583
3912244,752,501,251,383,285,98,female,Frauen Bundesliga,2023/2024,2024-05-05,0.3337765957446808,0.2558746736292428
3912245,851,681,170,499,424,75,female,Frauen Bundesliga,2023/2024,2024-05-03,0.199764982373678,0.15030060120240482
3912246,747,539,208,428,340,88,female,Frauen Bundesliga,2023/2024,2024-05-05,0.2784471218206158,0.205607476635514
3912247,1006,842,164,542,469,73,female,Frauen Bundesliga,2023/2024,2024-05-04,0.16302186878727634,0.13468634686346864
3912248,831,646,185,425,348,77,female,Frauen Bundesliga,2023/2024,2024-05-10,0.2226233453670277,0.1811764705882353
3912249,828,632,196,509,413,96,female,Frauen Bundesliga,2023/2024,2024-05-11,0.23671497584541062,0.18860510805500982
3912250,650,467,183,350,271,79,female,Frauen Bundesliga,2023/2024,2024-05-12,0.2815384615384615,0.2257142857142857
3912251,726,539,187,344,269,75,female,Frauen Bundesliga,2023/2024,2024-05-11,0.25757575757575757,0.2180232558139535
3912252,943,783,160,538,452,86,female,Frauen Bundesliga,2023/2024,2024-05-12,0.16967126193001061,0.15985130111524162
3912253,829,630,199,479,391,88,female,Frauen Bundesliga,2023/2024,2024-05-13,0.24004825090470447,0.1837160751565762
3912254,711,532,179,385,302,83,female,Frauen Bundesliga,2023/2024,2024-05-20,0.2517580872011252,0.21558441558441557
3912255,673,481,192,394,297,97,female,Frauen Bundesliga,2023/2024,2024-05-20,0.2852897473997028,0.24619289340101522
3912256,862,710,152,355,305,50,female,Frauen Bundesliga,2023/2024,2024-05-20,0.17633410672853828,0.14084507042253522
3912257,879,697,182,545,447,98,female,Frauen Bundesliga,2023/2024,2024-05-20,0.20705346985210465,0.1798165137614679
3912258,767,554,213,393,309,84,female,Frauen Bundesliga,2023/2024,2024-05-20,0.2777053455019557,0.21374045801526717
3912259,696,513,183,330,264,66,female,Frauen Bundesliga,2023/2024,2024-05-20,0.2629310344827586,0.2
3913800,791,577,214,442,341,101,female,Frauen Bundesliga,2023/2024,2023-12-15,0.27054361567635904,0.22850678733031674
3813266,725,556,169,366,297,69,male,Indian Super league,2021/2022,2022-01-08,0.23310344827586207,0.1885245901639344
3813269,674,492,182,394,318,76,male,Indian Super league,2021/2022,2021-12-14,0.27002967359050445,0.19289340101522842
3813271,714,531,183,370,303,67,male,Indian Super league,2021/2022,2022-01-02,0.25630252100840334,0.1810810810810811
3813275,650,430,220,309,224,85,male,Indian Super league,2021/2022,2021-12-26,0.3384615384615385,0.2750809061488673
3813278,789,581,208,409,326,83,male,Indian Super league,2021/2022,2021-12-22,0.26362484157160965,0.20293398533007334
3813282,675,481,194,337,256,81,male,Indian Super league,2021/2022,2021-12-19,0.2874074074074074,0.2403560830860534
3813283,730,546,184,386,305,81,male,Indian Super league,2021/2022,2021-12-30,0.25205479452054796,0.20984455958549222
3813295,721,546,175,379,293,86,male,Indian Super league,2021/2022,2021-12-28,0.24271844660194175,0.22691292875989447
3813296,665,475,190,338,268,70,male,Indian Super league,2021/2022,2021-11-25,0.2857142857142857,0.20710059171597633
3813302,794,573,221,456,356,100,male,Indian Super league,2021/2022,2022-01-06,0.2783375314861461,0.21929824561403508
3813303,849,690,159,497,419,78,male,Indian Super league,2021/2022,2021-12-29,0.1872791519434629,0.15694164989939638
3813304,697,489,208,360,278,82,male,Indian Super league,2021/2022,2021-12-23,0.2984218077474892,0.22777777777777777
3813305,647,427,220,334,236,98,male,Indian Super league,2021/2022,2022-01-09,0.3400309119010819,0.2934131736526946
3813306,767,567,200,413,330,83,male,Indian Super league,2021/2022,2021-12-21,0.2607561929595828,0.2009685230024213
3813311,695,520,175,385,303,82,male,Indian Super league,2021/2022,2022-01-02,0.2517985611510791,0.21298701298701297
3813313,810,652,158,388,313,75,male,Indian Super league,2021/2022,2022-01-23,0.19506172839506172,0.19329896907216496
3813314,699,508,191,377,293,84,male,Indian Super league,2021/2022,2021-11-19,0.2732474964234621,0.22281167108753316
3817852,709,530,179,378,300,78,male,Indian Super league,2021/2022,2022-02-06,0.2524682651622003,0.20634920634920634
3817854,751,587,164,379,311,68,male,Indian Super league,2021/2022,2022-02-27,0.21837549933422104,0.17941952506596306
3817855,720,537,183,290,220,70,male,Indian Super league,2021/2022,2022-02-19,0.25416666666666665,0.2413793103448276
3817856,675,464,211,243,185,58,male,Indian Super league,2021/2022,2022-03-07,0.3125925925925926,0.23868312757201646
3817857,612,420,192,278,211,67,male,Indian Super league,2021/2022,2022-03-01,0.3137254901960784,0.24100719424460432
3817858,840,666,174,389,324,65,male,Indian Super league,2021/2022,2022-02-26,0.20714285714285716,0.16709511568123395
3817859,636,463,173,310,248,62,male,Indian Super league,2021/2022,2022-02-25,0.2720125786163522,0.2
3817861,578,377,201,247,182,65,male,Indian Super league,2021/2022,2022-01-30,0.3477508650519031,0.2631578947368421
3817862,826,661,165,475,399,76,male,Indian Super league,2021/2022,2022-02-13,0.19975786924939468,0.16
3817863,703,527,176,383,307,76,male,Indian Super league,2021/2022,2022-02-19,0.2503556187766714,0.19843342036553524
3817864,763,583,180,408,317,91,male,Indian Super league,2021/2022,2022-02-03,0.23591087811271297,0.22303921568627452
3817865,730,594,136,349,288,61,male,Indian Super league,2021/2022,2022-01-18,0.1863013698630137,0.17478510028653296
3817866,613,447,166,318,248,70,male,Indian Super league,2021/2022,2022-03-02,0.2707993474714519,0.22012578616352202
3817867,696,545,151,371,307,64,male,Indian Super league,2021/2022,2022-01-25,0.21695402298850575,0.1725067385444744
3817868,860,652,208,516,414,102,male,Indian Super league,2021/2022,2022-01-26,0.24186046511627907,0.19767441860465115
3817869,691,506,185,322,254,68,male,Indian Super league,2021/2022,2022-02-11,0.26772793053545585,0.2111801242236025
3817870,753,556,197,390,322,68,male,Indian Super league,2021/2022,2022-03-06,0.26162018592297476,0.17435897435897435
3817871,682,497,185,342,270,72,male,Indian Super league,2021/2022,2022-01-31,0.27126099706744866,0.21052631578947367
3817872,703,508,195,279,217,62,male,Indian Super league,2021/2022,2022-02-21,0.2773826458036984,0.2222222222222222
3817873,793,645,148,412,355,57,male,Indian Super league,2021/2022,2022-02-12,0.18663303909205547,0.1383495145631068
3817874,575,385,190,253,180,73,male,Indian Super league,2021/2022,2022-01-23,0.33043478260869563,0.2885375494071146
3817875,704,531,173,342,267,75,male,Indian Super league,2021/2022,2022-01-28,0.24573863636363635,0.21929824561403508
3817876,770,570,200,375,295,80,male,Indian Super league,2021/2022,2022-01-22,0.2597402597402597,0.21333333333333335
3817877,749,580,169,388,317,71,male,Indian Super league,2021/2022,2022-02-18,0.22563417890520696,0.18298969072164947
3817878,753,552,201,379,308,71,male,Indian Super league,2021/2022,2022-01-24,0.26693227091633465,0.18733509234828497
3817879,688,518,170,336,269,67,male,Indian Super league,2021/2022,2022-01-13,0.24709302325581395,0.19940476190476192
3817880,754,579,175,340,268,72,male,Indian Super league,2021/2022,2022-02-16,0.23209549071618038,0.21176470588235294
3817881,577,364,213,255,173,82,male,Indian Super league,2021/2022,2022-02-10,0.36915077989601386,0.3215686274509804
3817882,833,666,167,467,387,80,male,Indian Super league,2021/2022,2022-02-02,0.20048019207683074,0.17130620985010706
3817883,622,444,178,273,207,66,male,Indian Super league,2021/2022,2022-02-05,0.2861736334405145,0.24175824175824176
3817884,735,543,192,324,248,76,male,Indian Super league,2021/2022,2022-02-08,0.2612244897959184,0.2345679012345679
3817885,723,564,159,403,320,83,male,Indian Super league,2021/2022,2022-02-22,0.21991701244813278,0.20595533498759305
3817886,671,490,181,219,169,50,male,Indian Super league,2021/2022,2022-02-04,0.2697466467958271,0.228310502283105
3817887,785,589,196,425,338,87,male,Indian Super league,2021/2022,2022-03-05,0.24968152866242038,0.20470588235294118
3817888,784,617,167,473,402,71,male,Indian Super league,2021/2022,2022-01-29,0.21301020408163265,0.15010570824524314
3817889,1028,861,167,534,459,75,male,Indian Super league,2021/2022,2022-03-03,0.16245136186770429,0.1404494382022472
3817890,662,495,167,330,258,72,male,Indian Super league,2021/2022,2022-01-14,0.25226586102719034,0.21818181818181817
3817891,774,584,190,402,324,78,male,Indian Super league,2021/2022,2022-03-05,0.2454780361757106,0.19402985074626866
3817892,757,607,150,322,273,49,male,Indian Super league,2021/2022,2022-02-24,0.19815059445178335,0.15217391304347827
3817893,759,573,186,411,325,86,male,Indian Super league,2021/2022,2022-02-28,0.2450592885375494,0.20924574209245742
3817894,698,527,171,397,317,80,male,Indian Super league,2021/2022,2022-02-01,0.24498567335243554,0.20151133501259447
3817895,993,814,179,477,409,68,male,Indian Super league,2021/2022,2022-02-09,0.18026183282980865,0.14255765199161424
3817896,865,668,197,445,365,80,male,Indian Super league,2021/2022,2022-02-07,0.2277456647398844,0.1797752808988764
3817897,672,475,197,267,199,68,male,Indian Super league,2021/2022,2022-02-23,0.2931547619047619,0.2546816479400749
3817898,685,516,169,310,244,66,male,Indian Super league,2021/2022,2022-02-26,0.24671532846715327,0.2129032258064516
3817899,599,431,168,302,238,64,male,Indian Super league,2021/2022,2022-03-04,0.28046744574290483,0.2119205298013245
3817900,759,566,193,418,327,91,male,Indian Super league,2021/2022,2022-02-20,0.25428194993412384,0.21770334928229665
3817901,706,539,167,440,362,78,male,Indian Super league,2021/2022,2022-02-17,0.23654390934844194,0.17727272727272728
3817902,755,532,223,402,301,101,male,Indian Super league,2021/2022,2022-02-14,0.295364238410596,0.2512437810945274
3827335,625,387,238,329,218,111,male,Indian Super league,2021/2022,2022-03-15,0.3808,0.3373860182370821
3827336,621,457,164,308,256,52,male,Indian Super league,2021/2022,2022-03-16,0.2640901771336554,0.16883116883116883
3827337,569,355,214,197,144,53,male,Indian Super league,2021/2022,2022-03-11,0.37609841827768015,0.26903553299492383
3827338,863,677,186,429,361,68,male,Indian Super league,2021/2022,2022-03-12,0.21552723059096177,0.1585081585081585
3827767,1002,738,264,511,403,108,male,Indian Super league,2021/2022,2022-03-20,0.2634730538922156,0.21135029354207435
3910730,950,735,215,418,337,81,female,Frauen Bundesliga,2023/2024,2023-09-15,0.22631578947368422,0.1937799043062201
3910731,698,512,186,455,356,99,female,Frauen Bundesliga,2023/2024,2023-09-16,0.2664756446991404,0.2175824175824176
3910732,745,583,162,389,323,66,female,Frauen Bundesliga,2023/2024,2023-09-16,0.2174496644295302,0.16966580976863754
3910733,633,420,213,354,254,100,female,Frauen Bundesliga,2023/2024,2023-09-17,0.33649289099526064,0.2824858757062147
3910734,826,642,184,403,322,81,female,Frauen Bundesliga,2023/2024,2023-09-17,0.22276029055690072,0.20099255583126552
3910735,803,601,202,404,316,88,female,Frauen Bundesliga,2023/2024,2023-09-17,0.25155666251556663,0.21782178217821782
3911755,758,553,205,363,284,79,female,Frauen Bundesliga,2023/2024,2023-09-29,0.2704485488126649,0.21763085399449036
3911756,722,577,145,358,298,60,female,Frauen Bundesliga,2023/2024,2023-09-30,0.20083102493074792,0.16759776536312848
3911761,815,601,214,431,342,89,female,Frauen Bundesliga,2023/2024,2023-10-06,0.2625766871165644,0.20649651972157773
3911766,829,639,190,451,361,90,female,Frauen Bundesliga,2023/2024,2023-10-09,0.22919179734620024,0.19955654101995565
3911770,936,652,284,490,359,131,female,Frauen Bundesliga,2023/2024,2023-10-15,0.3034188034188034,0.2673469387755102
3911771,894,684,210,533,435,98,female,Frauen Bundesliga,2023/2024,2023-10-15,0.2348993288590604,0.18386491557223264
3911772,809,610,199,469,362,107,female,Frauen Bundesliga,2023/2024,2023-10-16,0.24598269468479605,0.2281449893390192
3911773,834,610,224,443,347,96,female,Frauen Bundesliga,2023/2024,2023-10-20,0.2685851318944844,0.21670428893905191
3911781,859,628,231,414,312,102,female,Frauen Bundesliga,2023/2024,2023-11-03,0.2689173457508731,0.2463768115942029
3911782,760,540,220,314,232,82,female,Frauen Bundesliga,2023/2024,2023-11-04,0.2894736842105263,0.2611464968152866
3911790,745,510,235,428,320,108,female,Frauen Bundesliga,2023/2024,2023-11-11,0.31543624161073824,0.2523364485981308
3911791,963,748,215,516,413,103,female,Frauen Bundesliga,2023/2024,2023-11-18,0.2232606438213915,0.1996124031007752
3911792,789,563,226,456,358,98,female,Frauen Bundesliga,2023/2024,2023-11-20,0.2864385297845374,0.2149122807017544
3911793,955,766,189,477,399,78,female,Frauen Bundesliga,2023/2024,2023-11-17,0.19790575916230366,0.16352201257861634
3911794,799,541,258,398,273,125,female,Frauen Bundesliga,2023/2024,2023-11-19,0.32290362953692114,0.314070351758794
3911797,760,544,216,335,258,77,female,Frauen Bundesliga,2023/2024,2023-12-09,0.28421052631578947,0.2298507462686567
3911799,783,559,224,445,346,99,female,Frauen Bundesliga,2023/2024,2023-12-10,0.28607918263090676,0.22247191011235956
3912183,841,641,200,456,362,94,female,Frauen Bundesliga,2023/2024,2023-12-17,0.23781212841854935,0.20614035087719298
3912188,701,509,192,288,226,62,female,Frauen Bundesliga,2023/2024,2024-01-28,0.2738944365192582,0.2152777777777778
3912191,786,517,269,375,267,108,female,Frauen Bundesliga,2023/2024,2024-01-27,0.3422391857506361,0.288
3912192,872,646,226,513,408,105,female,Frauen Bundesliga,2023/2024,2024-01-29,0.2591743119266055,0.2046783625730994
3912193,864,653,211,428,343,85,female,Frauen Bundesliga,2023/2024,2024-01-28,0.24421296296296297,0.1985981308411215
3912194,759,564,195,378,302,76,female,Frauen Bundesliga,2023/2024,2024-02-04,0.25691699604743085,0.20105820105820105
3912195,809,573,236,407,317,90,female,Frauen Bundesliga,2023/2024,2024-02-03,0.29171817058096416,0.22113022113022113
3912198,866,678,188,505,413,92,female,Frauen Bundesliga,2023/2024,2024-02-02,0.21709006928406466,0.18217821782178217
3912202,822,618,204,410,335,75,female,Frauen Bundesliga,2023/2024,2024-02-11,0.24817518248175183,0.18292682926829268
3912204,670,448,222,329,242,87,female,Frauen Bundesliga,2023/2024,2024-02-09,0.33134328358208953,0.26443768996960487
3912205,724,527,197,349,269,80,female,Frauen Bundesliga,2023/2024,2024-02-12,0.27209944751381215,0.22922636103151864
3912206,762,520,242,391,288,103,female,Frauen Bundesliga,2023/2024,2024-02-17,0.31758530183727035,0.26342710997442453
3912208,891,678,213,472,391,81,female,Frauen Bundesliga,2023/2024,2024-02-18,0.23905723905723905,0.1716101694915254
3912211,813,586,227,407,316,91,female,Frauen Bundesliga,2023/2024,2024-02-18,0.27921279212792127,0.22358722358722358
3912212,913,681,232,612,478,134,female,Frauen Bundesliga,2023/2024,2024-03-10,0.25410733844468786,0.21895424836601307
3912213,560,398,162,316,253,63,female,Frauen Bundesliga,2023/2024,2024-03-10,0.2892857142857143,0.19936708860759494
3912216,875,621,254,443,335,108,female,Frauen Bundesliga,2023/2024,2024-03-11,0.29028571428571426,0.24379232505643342
3912220,850,635,215,499,393,106,female,Frauen Bundesliga,2023/2024,2024-03-18,0.2529411764705882,0.2124248496993988
3912225,729,520,209,359,275,84,female,Frauen Bundesliga,2023/2024,2024-03-24,0.28669410150891633,0.233983286908078
3912226,553,345,208,220,167,53,female,Frauen Bundesliga,2023/2024,2024-03-23,0.37613019891500904,0.2409090909090909
3912227,890,693,197,490,398,92,female,Frauen Bundesliga,2023/2024,2024-03-22,0.22134831460674156,0.18775510204081633
303400,1133,1008,125,593,532,61,male,La Liga,2019/2020,2020-01-25,0.11032656663724624,0.10286677908937605
303421,1085,955,130,524,458,66,male,La Liga,2019/2020,2020-07-19,0.11981566820276497,0.12595419847328243
303430,1097,949,148,542,478,64,male,La Liga,2019/2020,2019-09-24,0.1349134001823154,0.11808118081180811
303451,1064,923,141,502,435,67,male,La Liga,2019/2020,2019-12-07,0.1325187969924812,0.13346613545816732
303479,955,791,164,492,431,61,male,La Liga,2019/2020,2020-03-07,0.17172774869109947,0.12398373983739837
303487,1077,929,148,624,558,66,male,La Liga,2019/2020,2019-11-09,0.1374187558031569,0.10576923076923077
303493,1041,859,182,475,401,74,male,La Liga,2019/2020,2020-06-23,0.17483189241114314,0.15578947368421053
303504,987,836,151,538,466,72,male,La Liga,2019/2020,2019-11-02,0.1529888551165147,0.13382899628252787
303516,934,794,140,478,417,61,male,La Liga,2019/2020,2020-06-27,0.14989293361884368,0.12761506276150628
303532,1120,985,135,539,480,59,male,La Liga,2019/2020,2020-06-16,0.12053571428571429,0.10946196660482375
303548,1072,916,156,604,526,78,male,La Liga,2019/2020,2020-06-13,0.1455223880597015,0.1291390728476821
303596,1099,947,152,602,533,69,male,La Liga,2019/2020,2019-12-18,0.13830755232029118,0.11461794019933555
303600,1010,849,161,414,351,63,male,La Liga,2019/2020,2019-10-29,0.1594059405940594,0.15217391304347827
303615,1075,922,153,611,538,73,male,La Liga,2019/2020,2020-07-08,0.14232558139534884,0.11947626841243862
303634,1015,854,161,560,479,81,male,La Liga,2019/2020,2020-07-16,0.15862068965517243,0.14464285714285716
303664,1063,925,138,441,391,50,male,La Liga,2019/2020,2019-12-14,0.12982126058325494,0.11337868480725624
303680,1098,926,172,648,554,94,male,La Liga,2019/2020,2020-07-11,0.15664845173041894,0.14506172839506173
303682,1088,951,137,561,490,71,male,La Liga,2019/2020,2020-02-02,0.12591911764705882,0.1265597147950089
303696,1026,907,119,567,513,54,male,La Liga,2019/2020,2020-06-30,0.11598440545808966,0.09523809523809523
303725,1189,1056,133,715,650,65,male,La Liga,2019/2020,2020-07-05,0.1118587047939445,0.09090909090909091
303731,978,793,185,441,381,60,male,La Liga,2019/2020,2020-02-22,0.18916155419222905,0.1360544217687075
3764440,1148,1025,123,596,535,61,male,La Liga,2020/2021,2021-02-24,0.10714285714285714,0.10234899328859061
3764661,1122,977,145,557,502,55,male,La Liga,2020/2021,2021-01-06,0.12923351158645277,0.09874326750448834
3773369,1284,1156,128,652,589,63,male,La Liga,2020/2021,2021-03-15,0.09968847352024922,0.09662576687116564
3773372,980,861,119,403,365,38,male,La Liga,2020/2021,2021-05-08,0.12142857142857143,0.09429280397022333
3773377,980,825,155,506,439,67,male,La Liga,2020/2021,2020-12-19,0.15816326530612246,0.1324110671936759
3773386,1025,859,166,409,355,54,male,La Liga,2020/2021,2020-10-31,0.16195121951219513,0.13202933985330073
3773387,1005,860,145,535,464,71,male,La Liga,2020/2021,2021-05-11,0.14427860696517414,0.13271028037383178
3773403,1001,853,148,536,474,62,male,La Liga,2020/2021,2021-01-31,0.14785214785214784,0.11567164179104478
3773415,1070,907,163,374,320,54,male,La Liga,2020/2021,2021-02-21,0.15233644859813084,0.1443850267379679
3773428,1029,857,172,442,369,73,male,La Liga,2020/2021,2020-12-05,0.16715257531584063,0.16515837104072398
3773457,1106,965,141,570,508,62,male,La Liga,2020/2021,2021-05-16,0.1274864376130199,0.10877192982456141
3773466,965,804,161,471,404,67,male,La Liga,2020/2021,2020-10-01,0.16683937823834197,0.14225053078556263
3773474,1011,849,162,561,462,99,male,La Liga,2020/2021,2021-04-05,0.16023738872403562,0.17647058823529413
3773477,1020,882,138,552,483,69,male,La Liga,2020/2021,2020-11-07,0.13529411764705881,0.125
3773497,1010,857,153,489,418,71,male,La Liga,2020/2021,2021-04-10,0.15148514851485148,0.14519427402862986
3773523,929,772,157,462,402,60,male,La Liga,2020/2021,2020-12-16,0.1689989235737352,0.12987012987012986
3773526,1142,987,155,546,471,75,male,La Liga,2020/2021,2021-02-13,0.13572679509632224,0.13736263736263737
3773547,1127,964,163,652,563,89,male,La Liga,2020/2021,2020-11-29,0.14463176574977818,0.13650306748466257
3773552,1135,997,138,708,631,77,male,La Liga,2020/2021,2021-01-03,0.12158590308370044,0.10875706214689265
3773565,1081,958,123,416,364,52,male,La Liga,2020/2021,2021-01-09,0.11378353376503238,0.125
3773571,1100,960,140,586,524,62,male,La Liga,2020/2021,2020-12-22,0.12727272727272726,0.10580204778156997
3773585,1122,984,138,647,571,76,male,La Liga,2020/2021,2020-10-24,0.12299465240641712,0.11746522411128284
3773586,1024,887,137,343,295,48,male,La Liga,2020/2021,2021-04-29,0.1337890625,0.13994169096209913
3773587,820,655,165,442,365,77,male,La Liga,2020/2021,2020-10-17,0.20121951219512196,0.17420814479638008
3773593,1237,1063,174,694,600,94,male,La Liga,2020/2021,2020-09-27,0.1406628940986257,0.13544668587896252
3773597,1054,925,129,636,567,69,male,La Liga,2020/2021,2021-03-21,0.12239089184060721,0.10849056603773585
3773625,1046,903,143,617,549,68,male,La Liga,2020/2021,2021-02-27,0.1367112810707457,0.11021069692058347
3773631,1100,961,139,588,528,60,male,La Liga,2020/2021,2021-02-07,0.12636363636363637,0.10204081632653061
3773656,1137,989,148,463,411,52,male,La Liga,2020/2021,2020-11-21,0.13016710642040458,0.11231101511879049
3773660,1038,887,151,494,428,66,male,La Liga,2020/2021,2020-12-13,0.14547206165703275,0.13360323886639677
3773661,1122,975,147,361,307,54,male,La Liga,2020/2021,2021-04-22,0.13101604278074866,0.14958448753462603
3773665,1130,964,166,749,662,87,male,La Liga,2020/2021,2021-03-06,0.14690265486725665,0.11615487316421896
3773672,1164,1005,159,638,557,81,male,La Liga,2020/2021,2020-10-04,0.13659793814432988,0.12695924764890282
3773689,1026,883,143,521,462,59,male,La Liga,2020/2021,2021-04-25,0.13937621832358674,0.11324376199616124
3773695,1116,969,147,604,528,76,male,La Liga,2020/2021,2021-05-02,0.13172043010752688,0.12582781456953643
3813264,762,572,190,312,245,67,male,Indian Super league,2021/2022,2022-01-05,0.24934383202099739,0.21474358974358973
3813265,678,495,183,338,267,71,male,Indian Super league,2021/2022,2022-01-07,0.26991150442477874,0.21005917159763313
3813267,755,573,182,287,238,49,male,Indian Super league,2021/2022,2021-12-07,0.2410596026490066,0.17073170731707318
3813268,620,443,177,309,239,70,male,Indian Super league,2021/2022,2021-12-06,0.2854838709677419,0.22653721682847897
3813270,707,559,148,330,268,62,male,Indian Super league,2021/2022,2021-11-22,0.20933521923620935,0.18787878787878787
3813272,680,495,185,371,282,89,male,Indian Super league,2021/2022,2021-12-18,0.27205882352941174,0.2398921832884097
3813273,711,582,129,446,389,57,male,Indian Super league,2021/2022,2022-01-03,0.18143459915611815,0.12780269058295965
3813274,548,358,190,272,213,59,male,Indian Super league,2021/2022,2021-12-04,0.3467153284671533,0.21691176470588236
3813276,700,512,188,371,311,60,male,Indian Super league,2021/2022,2021-12-17,0.26857142857142857,0.16172506738544473
3813277,631,452,179,300,240,60,male,Indian Super league,2021/2022,2021-11-27,0.2836767036450079,0.2
3813279,788,617,171,443,373,70,male,Indian Super league,2021/2022,2021-12-18,0.217005076142132,0.1580135440180587
3813280,726,553,173,350,291,59,male,Indian Super league,2021/2022,2021-12-03,0.23829201101928374,0.16857142857142857
3813281,745,560,185,412,341,71,male,Indian Super league,2021/2022,2021-12-11,0.2483221476510067,0.17233009708737865
3813284,711,528,183,481,378,103,male,Indian Super league,2021/2022,2021-12-09,0.25738396624472576,0.21413721413721415
3813285,527,349,178,247,176,71,male,Indian Super league,2021/2022,2021-12-11,0.3377609108159393,0.2874493927125506
3813286,853,671,182,388,316,72,male,Indian Super league,2021/2022,2021-12-15,0.21336459554513482,0.18556701030927836
3813287,424,263,161,146,100,46,male,Indian Super league,2021/2022,2021-12-16,0.37971698113207547,0.3150684931506849
3813288,504,318,186,184,128,56,male,Indian Super league,2021/2022,2021-12-02,0.36904761904761907,0.30434782608695654
3813289,716,559,157,447,366,81,male,Indian Super league,2021/2022,2021-11-24,0.21927374301675978,0.18120805369127516
3813290,724,507,217,426,321,105,male,Indian Super league,2021/2022,2021-12-13,0.29972375690607733,0.24647887323943662
3813291,851,682,169,430,353,77,male,Indian Super league,2021/2022,2021-11-27,0.19858989424206816,0.17906976744186046
3813292,773,539,234,373,285,88,male,Indian Super league,2021/2022,2021-11-28,0.3027166882276843,0.2359249329758713
3813293,742,552,190,312,234,78,male,Indian Super league,2021/2022,2022-01-04,0.2560646900269542,0.25
3813294,789,595,194,330,270,60,male,Indian Super league,2021/2022,2021-11-29,0.2458808618504436,0.18181818181818182
3813297,725,535,190,321,246,75,male,Indian Super league,2021/2022,2021-11-20,0.2620689655172414,0.2336448598130841
3813298,632,444,188,314,237,77,male,Indian Super league,2021/2022,2021-11-21,0.2974683544303797,0.24522292993630573
3813299,669,420,249,323,233,90,male,Indian Super league,2021/2022,2021-12-08,0.3721973094170404,0.2786377708978328
3813300,753,542,211,299,227,72,male,Indian Super league,2021/2022,2021-12-05,0.28021248339973437,0.2408026755852843
3813301,725,520,205,335,256,79,male,Indian Super league,2021/2022,2021-12-10,0.2827586206896552,0.23582089552238805
3813307,576,364,212,194,143,51,male,Indian Super league,2021/2022,2021-12-20,0.3680555555555556,0.26288659793814434
3813308,844,634,210,425,330,95,male,Indian Super league,2021/2022,2021-12-24,0.24881516587677724,0.2235294117647059
3813309,702,522,180,265,210,55,male,Indian Super league,2021/2022,2021-11-23,0.2564102564102564,0.20754716981132076
3813310,690,504,186,209,164,45,male,Indian Super league,2021/2022,2021-12-12,0.26956521739130435,0.215311004784689
3813312,753,607,146,393,328,65,male,Indian Super league,2021/2022,2021-12-01,0.19389110225763612,0.16539440203562342
3813315,627,492,135,228,192,36,male,Indian Super league,2021/2022,2021-11-26,0.215311004784689,0.15789473684210525
3813316,771,563,208,411,321,90,male,Indian Super league,2021/2022,2021-12-04,0.2697795071335927,0.21897810218978103
3813317,731,573,158,354,299,55,male,Indian Super league,2021/2022,2021-11-30,0.2161422708618331,0.1553672316384181
3813318,706,544,162,436,350,86,male,Indian Super league,2021/2022,2021-12-27,0.22946175637393768,0.19724770642201836
3817848,781,596,185,343,286,57,male,Indian Super league,2021/2022,2022-02-15,0.23687580025608196,0.1661807580174927
3817849,724,544,180,368,285,83,male,Indian Super league,2021/2022,2022-01-10,0.24861878453038674,0.22554347826086957
3817850,601,365,236,294,208,86,male,Indian Super league,2021/2022,2022-01-11,0.39267886855241263,0.2925170068027211
3817851,844,648,196,533,440,93,male,Indian Super league,2021/2022,2022-01-12,0.23222748815165878,0.17448405253283303
3817853,786,597,189,401,327,74,male,Indian Super league,2021/2022,2022-01-19,0.24045801526717558,0.18453865336658354
3817860,768,528,240,387,300,87,male,Indian Super league,2021/2022,2022-01-27,0.3125,0.2248062015503876
9575,1050,904,146,510,445,65,male,La Liga,2017/2018,2017-08-20,0.13904761904761906,0.12745098039215685
9581,999,851,148,449,389,60,male,La Liga,2017/2018,2017-08-26,0.14814814814814814,0.133630289532294
9592,914,758,156,302,251,51,male,La Liga,2017/2018,2017-09-09,0.17067833698030635,0.16887417218543047
9602,921,759,162,399,333,66,male,La Liga,2017/2018,2017-09-16,0.1758957654723127,0.16541353383458646
9609,977,801,176,515,438,77,male,La Liga,2017/2018,2017-09-19,0.18014329580348004,0.14951456310679612
9620,879,704,175,424,353,71,male,La Liga,2017/2018,2017-09-23,0.19908987485779295,0.16745283018867924
9636,1044,907,137,594,524,70,male,La Liga,2017/2018,2017-10-01,0.13122605363984674,0.11784511784511785
9642,1056,885,171,533,451,82,male,La Liga,2017/2018,2017-10-14,0.16193181818181818,0.15384615384615385
9650,1084,929,155,628,562,66,male,La Liga,2017/2018,2017-10-21,0.1429889298892989,0.10509554140127389
9661,888,695,193,455,364,91,male,La Liga,2017/2018,2017-10-28,0.21734234234234234,0.2
9673,1098,932,166,666,571,95,male,La Liga,2017/2018,2017-11-04,0.151183970856102,0.14264264264264265
9682,872,692,180,382,313,69,male,La Liga,2017/2018,2017-11-18,0.20642201834862386,0.1806282722513089
9695,1064,883,181,478,403,75,male,La Liga,2017/2018,2017-11-26,0.17011278195488722,0.15690376569037656
9700,1117,933,184,666,568,98,male,La Liga,2017/2018,2017-12-02,0.1647269471799463,0.14714714714714713
9717,1107,941,166,446,388,58,male,La Liga,2017/2018,2017-12-10,0.14995483288166214,0.13004484304932734
9726,1060,902,158,705,603,102,male,La Liga,2017/2018,2017-12-17,0.1490566037735849,0.14468085106382977
9736,1017,870,147,663,575,88,male,La Liga,2017/2018,2017-12-23,0.14454277286135694,0.13273001508295626
9742,924,801,123,356,311,45,male,La Liga,2017/2018,2018-01-07,0.1331168831168831,0.12640449438202248
9754,901,755,146,397,341,56,male,La Liga,2017/2018,2018-01-14,0.16204217536071033,0.14105793450881612
9765,998,824,174,606,506,100,male,La Liga,2017/2018,2018-01-21,0.1743486973947896,0.16501650165016502
9774,915,743,172,496,410,86,male,La Liga,2017/2018,2018-01-28,0.18797814207650274,0.17338709677419356
9783,789,601,188,285,232,53,male,La Liga,2017/2018,2018-02-04,0.23827629911280102,0.18596491228070175
9794,968,778,190,433,345,88,male,La Liga,2017/2018,2018-02-11,0.1962809917355372,0.20323325635103925
9799,994,796,198,559,460,99,male,La Liga,2017/2018,2018-02-17,0.19919517102615694,0.1771019677996422
9811,924,769,155,422,353,69,male,La Liga,2017/2018,2018-02-24,0.16774891774891776,0.16350710900473933
9827,818,669,149,354,296,58,male,La Liga,2017/2018,2018-03-01,0.1821515892420538,0.1638418079096045
9837,1019,831,188,590,491,99,male,La Liga,2017/2018,2018-03-04,0.1844946025515211,0.16779661016949152
9855,993,803,190,551,455,96,male,La Liga,2017/2018,2018-03-18,0.19133937562940584,0.17422867513611615
9860,992,839,153,476,419,57,male,La Liga,2017/2018,2018-03-31,0.15423387096774194,0.11974789915966387
9870,983,813,170,414,354,60,male,La Liga,2017/2018,2018-04-07,0.17293997965412003,0.14492753623188406
9880,1070,924,146,549,484,65,male,La Liga,2017/2018,2018-04-14,0.13644859813084112,0.11839708561020036
9889,950,759,191,626,529,97,male,La Liga,2017/2018,2018-04-17,0.20105263157894737,0.15495207667731628
9912,1098,946,152,498,441,57,male,La Liga,2017/2018,2018-04-29,0.1384335154826958,0.1144578313253012
9924,1073,949,124,576,518,58,male,La Liga,2017/2018,2018-05-06,0.11556383970177074,0.10069444444444445
9928,1103,961,142,724,640,84,male,La Liga,2017/2018,2018-05-09,0.128739800543971,0.11602209944751381
9948,960,831,129,530,476,54,male,La Liga,2017/2018,2018-05-20,0.134375,0.1018867924528302
15946,1085,926,159,522,449,73,male,La Liga,2018/2019,2018-08-18,0.14654377880184333,0.13984674329501914
15956,900,728,172,473,390,83,male,La Liga,2018/2019,2018-08-25,0.19111111111111112,0.17547568710359407
15973,955,831,124,374,338,36,male,La Liga,2018/2019,2018-09-02,0.12984293193717278,0.0962566844919786
15978,1060,892,168,577,500,77,male,La Liga,2018/2019,2018-09-15,0.15849056603773584,0.13344887348353554
15986,1068,930,138,637,565,72,male,La Liga,2018/2019,2018-09-23,0.12921348314606743,0.1130298273155416
15998,1019,861,158,515,453,62,male,La Liga,2018/2019,2018-09-26,0.155053974484789,0.1203883495145631
16010,886,702,184,455,368,87,male,La Liga,2018/2019,2018-09-29,0.2076749435665914,0.1912087912087912
16023,1316,1141,175,728,633,95,male,La Liga,2018/2019,2018-10-07,0.13297872340425532,0.1304945054945055
16029,869,723,146,371,308,63,male,La Liga,2018/2019,2018-10-20,0.16800920598388952,0.16981132075471697
16056,887,748,139,445,379,66,male,La Liga,2018/2019,2018-11-11,0.15670800450958286,0.14831460674157304
16073,1034,895,139,561,498,63,male,La Liga,2018/2019,2018-11-24,0.1344294003868472,0.11229946524064172
16079,1072,941,131,466,417,49,male,La Liga,2018/2019,2018-12-02,0.12220149253731344,0.10515021459227468
16086,1032,874,158,516,453,63,male,La Liga,2018/2019,2018-12-08,0.15310077519379844,0.12209302325581395
16095,893,760,133,468,406,62,male,La Liga,2018/2019,2018-12-16,0.14893617021276595,0.13247863247863248
16109,1033,884,149,544,471,73,male,La Liga,2018/2019,2018-12-22,0.1442400774443369,0.13419117647058823
16120,926,791,135,450,395,55,male,La Liga,2018/2019,2019-01-06,0.14578833693304535,0.12222222222222222
16131,1027,832,195,557,453,104,male,La Liga,2018/2019,2019-01-13,0.189873417721519,0.1867145421903052
16136,1055,866,189,560,467,93,male,La Liga,2018/2019,2019-01-20,0.1791469194312796,0.16607142857142856
16149,954,798,156,485,420,65,male,La Liga,2018/2019,2019-01-27,0.16352201257861634,0.13402061855670103
16157,1127,980,147,678,598,80,male,La Liga,2018/2019,2019-02-02,0.13043478260869565,0.11799410029498525
16173,1014,856,158,435,375,60,male,La Liga,2018/2019,2019-02-10,0.15581854043392504,0.13793103448275862
16182,1144,969,175,664,567,97,male,La Liga,2018/2019,2019-02-16,0.15297202797202797,0.1460843373493976
16190,907,732,175,422,350,72,male,La Liga,2018/2019,2019-02-23,0.19294377067254687,0.17061611374407584
16196,967,819,148,556,475,81,male,La Liga,2018/2019,2019-03-02,0.15305067218200621,0.14568345323741008
16205,988,860,128,553,496,57,male,La Liga,2018/2019,2019-03-09,0.12955465587044535,0.10307414104882459
16215,1034,894,140,593,514,79,male,La Liga,2018/2019,2019-03-17,0.13539651837524178,0.13322091062394603
16231,970,802,168,481,412,69,male,La Liga,2018/2019,2019-03-30,0.1731958762886598,0.14345114345114346
16240,976,842,134,387,334,53,male,La Liga,2018/2019,2019-04-02,0.13729508196721313,0.13695090439276486
16248,1114,973,141,604,534,70,male,La Liga,2018/2019,2019-04-06,0.12657091561938957,0.11589403973509933
16265,1038,850,188,599,502,97,male,La Liga,2018/2019,2019-04-20,0.1811175337186898,0.16193656093489148
16275,973,818,155,443,379,64,male,La Liga,2018/2019,2019-04-23,0.1593011305241521,0.14446952595936793
16289,954,797,157,445,384,61,male,La Liga,2018/2019,2019-04-27,0.16457023060796647,0.13707865168539327
16306,1103,908,195,407,335,72,male,La Liga,2018/2019,2019-05-12,0.1767905711695376,0.1769041769041769
16317,993,809,184,512,425,87,male,La Liga,2018/2019,2019-05-19,0.18529707955689828,0.169921875
266357,1051,899,152,415,362,53,male,La Liga,2016/2017,2016-12-10,0.14462416745956233,0.12771084337349398
266516,794,631,163,356,287,69,male,La Liga,2016/2017,2017-01-29,0.2052896725440806,0.19382022471910113
266669,906,750,156,471,401,70,male,La Liga,2016/2017,2016-09-10,0.17218543046357615,0.14861995753715498
266892,920,740,180,442,363,79,male,La Liga,2016/2017,2016-08-28,0.1956521739130435,0.17873303167420815
266989,903,752,151,488,412,76,male,La Liga,2016/2017,2016-11-06,0.1672203765227021,0.1557377049180328
267039,1022,868,154,522,456,66,male,La Liga,2016/2017,2017-05-14,0.1506849315068493,0.12643678160919541
267212,785,629,156,383,313,70,male,La Liga,2016/2017,2016-09-17,0.19872611464968154,0.18276762402088773
267220,1002,862,140,423,368,55,male,La Liga,2016/2017,2016-09-21,0.13972055888223553,0.13002364066193853
267569,929,788,141,461,393,68,male,La Liga,2016/2017,2017-04-23,0.15177610333692143,0.1475054229934924
267670,909,760,149,346,296,50,male,La Liga,2016/2017,2016-08-20,0.1639163916391639,0.14450867052023122
303377,861,677,184,263,203,60,male,La Liga,2019/2020,2020-02-15,0.21370499419279906,0.22813688212927757
303470,1142,1004,138,647,574,73,male,La Liga,2019/2020,2020-03-01,0.12084063047285463,0.11282843894899536
303473,971,843,128,499,446,53,male,La Liga,2019/2020,2019-10-06,0.13182286302780638,0.1062124248496994
303517,1083,929,154,622,538,84,male,La Liga,2019/2020,2019-12-21,0.14219759926131118,0.13504823151125403
303524,1006,850,156,404,359,45,male,La Liga,2019/2020,2019-12-01,0.1550695825049702,0.11138613861386139
303610,1187,1027,160,517,452,65,male,La Liga,2019/2020,2020-01-19,0.13479359730412804,0.12572533849129594
303652,1003,856,147,497,436,61,male,La Liga,2019/2020,2020-01-04,0.1465603190428714,0.1227364185110664
303666,844,703,141,312,253,59,male,La Liga,2019/2020,2019-09-21,0.1670616113744076,0.1891025641025641
303674,1128,946,182,727,634,93,male,La Liga,2019/2020,2020-06-19,0.16134751773049646,0.1279229711141678
303700,1009,825,184,483,401,82,male,La Liga,2019/2020,2019-10-19,0.1823587710604559,0.16977225672877846
303707,970,855,115,447,397,50,male,La Liga,2019/2020,2020-02-09,0.11855670103092783,0.11185682326621924
303715,926,756,170,326,262,64,male,La Liga,2019/2020,2019-11-23,0.183585313174946,0.19631901840490798
265952,906,766,140,382,327,55,male,La Liga,2016/2017,2017-03-01,0.1545253863134658,0.14397905759162305
266033,891,731,160,350,288,62,male,La Liga,2016/2017,2016-10-22,0.17957351290684623,0.17714285714285713
266191,849,660,189,353,288,65,male,La Liga,2016/2017,2016-11-27,0.2226148409893993,0.18413597733711048
266273,962,817,145,474,411,63,male,La Liga,2016/2017,2017-02-11,0.15072765072765074,0.13291139240506328
266280,1006,863,143,604,524,80,male,La Liga,2016/2017,2017-04-05,0.14214711729622267,0.13245033112582782
266299,968,791,177,474,391,83,male,La Liga,2016/2017,2017-03-04,0.1828512396694215,0.1751054852320675
266440,836,693,143,371,317,54,male,La Liga,2016/2017,2017-03-19,0.17105263157894737,0.14555256064690028
266477,961,809,152,492,424,68,male,La Liga,2016/2017,2017-01-08,0.15816857440166493,0.13821138211382114
266528,881,736,145,363,312,51,male,La Liga,2016/2017,2016-12-18,0.16458569807037457,0.14049586776859505
266731,918,695,223,478,377,101,male,La Liga,2016/2017,2017-01-22,0.2429193899782135,0.2112970711297071
266874,902,735,167,484,408,76,male,La Liga,2016/2017,2017-02-04,0.18514412416851442,0.15702479338842976
266952,1048,904,144,563,490,73,male,La Liga,2016/2017,2017-05-06,0.13740458015267176,0.12966252220248667
267058,933,784,149,364,306,58,male,La Liga,2016/2017,2016-10-29,0.15969989281886388,0.15934065934065933
267076,962,803,159,402,347,55,male,La Liga,2016/2017,2016-12-03,0.1652806652806653,0.13681592039800994
267077,929,725,204,516,426,90,male,La Liga,2016/2017,2017-04-29,0.21959095801937567,0.1744186046511628
267101,1031,872,159,502,425,77,male,La Liga,2016/2017,2017-04-26,0.1542192046556741,0.15338645418326693
267373,937,791,146,460,401,59,male,La Liga,2016/2017,2017-04-15,0.15581643543223053,0.1282608695652174
267395,899,765,134,435,385,50,male,La Liga,2016/2017,2017-01-14,0.14905450500556172,0.11494252873563218
267432,774,615,159,313,250,63,male,La Liga,2016/2017,2017-05-21,0.2054263565891473,0.2012779552715655
267464,737,551,186,347,280,67,male,La Liga,2016/2017,2017-02-26,0.25237449118046135,0.1930835734870317
267492,909,768,141,498,438,60,male,La Liga,2016/2017,2016-10-15,0.1551155115511551,0.12048192771084337
267590,888,704,184,422,342,80,male,La Liga,2016/2017,2017-04-08,0.2072072072072072,0.1895734597156398
267596,1028,868,160,533,459,74,male,La Liga,2016/2017,2017-02-19,0.1556420233463035,0.13883677298311445
267660,971,783,188,526,434,92,male,La Liga,2016/2017,2017-03-12,0.19361483007209063,0.17490494296577946
3825641,881,677,204,384,303,81,male,La Liga,2015/2016,2015-10-26,0.23155505107832008,0.2109375
3825739,1084,935,149,568,494,74,male,La Liga,2015/2016,2016-01-17,0.13745387453874539,0.13028169014084506
3825740,687,465,222,338,239,99,male,La Liga,2015/2016,2016-01-18,0.3231441048034934,0.29289940828402367
3825757,953,807,146,377,330,47,male,La Liga,2015/2016,2016-01-31,0.15320041972717732,0.1246684350132626
3825777,703,503,200,378,291,87,male,La Liga,2015/2016,2016-02-19,0.2844950213371266,0.23015873015873015
3825778,766,565,201,352,279,73,male,La Liga,2015/2016,2016-02-20,0.26240208877284593,0.20738636363636365
3825782,860,679,181,394,324,70,male,La Liga,2015/2016,2016-02-21,0.21046511627906977,0.17766497461928935
3825784,934,668,266,493,381,112,male,La Liga,2015/2016,2016-02-21,0.284796573875803,0.22718052738336714
3825803,817,607,210,416,323,93,male,La Liga,2015/2016,2016-03-03,0.25703794369645044,0.22355769230769232
3825804,846,607,239,444,332,112,male,La Liga,2015/2016,2016-03-05,0.28250591016548465,0.25225225225225223
3825805,1143,929,214,704,584,120,male,La Liga,2015/2016,2016-03-05,0.18722659667541558,0.17045454545454544
3825807,992,760,232,438,354,84,male,La Liga,2015/2016,2016-03-06,0.23387096774193547,0.1917808219178082
3825808,893,670,223,459,361,98,male,La Liga,2015/2016,2016-03-06,0.24972004479283313,0.21350762527233116
3825809,726,560,166,383,312,71,male,La Liga,2015/2016,2016-03-06,0.22865013774104684,0.185378590078329
3825810,812,610,202,466,377,89,male,La Liga,2015/2016,2016-03-06,0.24876847290640394,0.19098712446351931
3825811,773,579,194,380,303,77,male,La Liga,2015/2016,2016-03-07,0.25097024579560157,0.2026315789473684
3825812,893,640,253,467,352,115,male,La Liga,2015/2016,2016-03-11,0.28331466965285557,0.2462526766595289
3825813,923,737,186,405,348,57,male,La Liga,2015/2016,2016-03-12,0.20151679306608883,0.14074074074074075
3825814,830,594,236,485,372,113,male,La Liga,2015/2016,2016-03-12,0.28433734939759037,0.2329896907216495
3825815,790,554,236,411,314,97,male,La Liga,2015/2016,2016-03-13,0.29873417721518986,0.2360097323600973
3825816,794,644,150,326,278,48,male,La Liga,2015/2016,2016-03-13,0.1889168765743073,0.147239263803681
3825817,717,494,223,399,296,103,male,La Liga,2015/2016,2016-03-18,0.3110181311018131,0.2581453634085213
3825818,856,659,197,414,326,88,male,La Liga,2015/2016,2016-03-19,0.23014018691588786,0.21256038647342995
3825819,867,657,210,435,350,85,male,La Liga,2015/2016,2016-03-20,0.2422145328719723,0.19540229885057472
3825820,923,767,156,355,295,60,male,La Liga,2015/2016,2016-03-20,0.16901408450704225,0.16901408450704225
3825821,857,631,226,412,320,92,male,La Liga,2015/2016,2016-03-20,0.2637106184364061,0.22330097087378642
3825822,876,679,197,520,417,103,male,La Liga,2015/2016,2016-04-02,0.22488584474885845,0.19807692307692307
3825823,778,571,207,427,338,89,male,La Liga,2015/2016,2016-04-03,0.2660668380462725,0.20843091334894615
3825824,905,615,290,463,332,131,male,La Liga,2015/2016,2016-04-03,0.32044198895027626,0.28293736501079914
3825825,760,536,224,434,337,97,male,La Liga,2015/2016,2016-04-04,0.29473684210526313,0.22350230414746544
3825826,784,591,193,410,329,81,male,La Liga,2015/2016,2016-04-08,0.2461734693877551,0.1975609756097561
3825827,867,654,213,425,340,85,male,La Liga,2015/2016,2016-04-09,0.24567474048442905,0.2
3825828,862,628,234,464,363,101,male,La Liga,2015/2016,2016-04-09,0.271461716937355,0.21767241379310345
3825829,921,688,233,491,383,108,male,La Liga,2015/2016,2016-04-10,0.252985884907709,0.219959266802444
3825830,813,601,212,411,318,93,male,La Liga,2015/2016,2016-04-10,0.2607626076260763,0.22627737226277372
3825831,738,569,169,392,332,60,male,La Liga,2015/2016,2016-04-10,0.22899728997289973,0.15306122448979592
3825832,797,596,201,422,334,88,male,La Liga,2015/2016,2016-04-10,0.2521957340025094,0.20853080568720378
3825833,841,708,133,468,396,72,male,La Liga,2015/2016,2016-04-16,0.1581450653983353,0.15384615384615385
3825834,895,694,201,506,416,90,male,La Liga,2015/2016,2016-04-17,0.2245810055865922,0.17786561264822134
3825835,783,537,246,440,318,122,male,La Liga,2015/2016,2016-04-17,0.31417624521072796,0.2772727272727273
3825836,885,679,206,404,326,78,male,La Liga,2015/2016,2016-04-17,0.2327683615819209,0.19306930693069307
3825837,923,765,158,554,478,76,male,La Liga,2015/2016,2016-04-19,0.17118093174431204,0.1371841155234657
3825838,1036,821,215,488,393,95,male,La Liga,2015/2016,2016-04-20,0.20752895752895753,0.19467213114754098
3825839,872,660,212,460,361,99,male,La Liga,2015/2016,2016-04-20,0.24311926605504589,0.21521739130434783
3825840,968,770,198,524,437,87,male,La Liga,2015/2016,2016-04-20,0.20454545454545456,0.16603053435114504
3825841,832,655,177,412,335,77,male,La Liga,2015/2016,2016-04-21,0.2127403846153846,0.18689320388349515
3825842,815,585,230,372,282,90,male,La Liga,2015/2016,2016-04-24,0.2822085889570552,0.24193548387096775
3825843,716,521,195,383,302,81,male,La Liga,2015/2016,2016-04-20,0.2723463687150838,0.21148825065274152
3825846,1105,956,149,664,589,75,male,La Liga,2015/2016,2016-05-14,0.134841628959276,0.11295180722891567
3825847,827,568,259,442,325,117,male,La Liga,2015/2016,2016-04-23,0.313180169286578,0.2647058823529412
3825848,776,534,242,330,236,94,male,La Liga,2015/2016,2015-09-23,0.3118556701030928,0.28484848484848485
3825849,851,645,206,432,348,84,male,La Liga,2015/2016,2016-05-13,0.24206815511163338,0.19444444444444445
3825855,763,546,217,354,272,82,male,La Liga,2015/2016,2016-05-02,0.28440366972477066,0.23163841807909605
3825857,738,535,203,377,286,91,male,La Liga,2015/2016,2016-04-15,0.2750677506775068,0.2413793103448276
3825858,692,424,268,269,193,76,male,La Liga,2015/2016,2016-03-12,0.3872832369942196,0.2825278810408922
3825860,1036,836,200,585,494,91,male,La Liga,2015/2016,2016-05-08,0.19305019305019305,0.15555555555555556
3825863,977,801,176,515,434,81,male,La Liga,2015/2016,2016-04-11,0.18014329580348004,0.15728155339805824
3825867,738,509,229,386,288,98,male,La Liga,2015/2016,2016-03-05,0.31029810298102983,0.2538860103626943
3825869,917,717,200,524,429,95,male,La Liga,2015/2016,2016-05-14,0.21810250817884405,0.18129770992366412
3825871,928,765,163,439,371,68,male,La Liga,2015/2016,2016-04-22,0.17564655172413793,0.1548974943052392
3825875,922,700,222,330,257,73,male,La Liga,2015/2016,2016-04-24,0.24078091106290672,0.22121212121212122
3825876,824,654,170,406,328,78,male,La Liga,2015/2016,2016-05-15,0.20631067961165048,0.1921182266009852
3825882,984,790,194,568,488,80,male,La Liga,2015/2016,2016-05-14,0.19715447154471544,0.14084507042253522
3825883,891,732,159,558,467,91,male,La Liga,2015/2016,2016-05-15,0.17845117845117844,0.16308243727598568
3825884,640,462,178,319,253,66,male,La Liga,2015/2016,2016-04-24,0.278125,0.20689655172413793
3825887,721,577,144,325,272,53,male,La Liga,2015/2016,2016-03-19,0.19972260748959778,0.16307692307692306
3825889,860,682,178,434,364,70,male,La Liga,2015/2016,2016-04-16,0.2069767441860465,0.16129032258064516
3825890,809,568,241,411,317,94,male,La Liga,2015/2016,2016-04-23,0.2978986402966625,0.22871046228710462
3825894,741,554,187,338,275,63,male,La Liga,2015/2016,2016-05-01,0.252361673414305,0.1863905325443787
3825895,781,554,227,423,320,103,male,La Liga,2015/2016,2015-09-23,0.2906530089628681,0.24349881796690306
3825896,727,564,163,399,331,68,male,La Liga,2015/2016,2016-04-21,0.22420907840440166,0.17042606516290726
3825897,790,565,225,419,314,105,male,La Liga,2015/2016,2016-04-16,0.2848101265822785,0.25059665871121717
3825900,1023,859,164,542,451,91,male,La Liga,2015/2016,2016-05-15,0.1603128054740958,0.16789667896678967
3825902,924,721,203,487,408,79,male,La Liga,2015/2016,2016-05-15,0.2196969696969697,0.162217659137577
3825903,859,621,238,460,359,101,male,La Liga,2015/2016,2016-03-19,0.2770663562281723,0.21956521739130436
3825905,814,583,231,409,325,84,male,La Liga,2015/2016,2016-04-03,0.28378378378378377,0.20537897310513448
3825906,911,729,182,488,408,80,male,La Liga,2015/2016,2016-04-17,0.19978046103183314,0.16393442622950818
3825907,916,691,225,417,332,85,male,La Liga,2015/2016,2016-03-19,0.24563318777292575,0.2038369304556355
3825908,866,615,251,528,407,121,male,La Liga,2015/2016,2016-05-15,0.28983833718244806,0.22916666666666666
3825572,922,761,161,421,354,67,male,La Liga,2015/2016,2015-08-29,0.17462039045553146,0.15914489311163896
3825579,783,613,170,454,372,82,male,La Liga,2015/2016,2015-08-30,0.21711366538952745,0.18061674008810572
3825595,766,528,238,337,250,87,male,La Liga,2015/2016,2015-09-20,0.31070496083550914,0.258160237388724
3825601,754,558,196,365,291,74,male,La Liga,2015/2016,2015-09-23,0.259946949602122,0.20273972602739726
3825607,1031,796,235,485,385,100,male,La Liga,2015/2016,2015-09-26,0.22793404461687683,0.20618556701030927
3825608,879,634,245,404,304,100,male,La Liga,2015/2016,2015-09-26,0.2787258248009101,0.24752475247524752
3825612,853,639,214,431,338,93,male,La Liga,2015/2016,2015-09-27,0.2508792497069168,0.21577726218097448
3825614,725,497,228,301,230,71,male,La Liga,2015/2016,2015-10-03,0.31448275862068964,0.23588039867109634
3825616,866,669,197,482,391,91,male,La Liga,2015/2016,2015-10-03,0.22748267898383373,0.1887966804979253
3825623,791,592,199,470,374,96,male,La Liga,2015/2016,2015-10-17,0.2515802781289507,0.20425531914893616
3825626,766,574,192,399,310,89,male,La Liga,2015/2016,2015-10-17,0.2506527415143603,0.22305764411027568
3825638,856,661,195,488,400,88,male,La Liga,2015/2016,2015-10-25,0.22780373831775702,0.18032786885245902
3825642,1075,853,222,564,467,97,male,La Liga,2015/2016,2015-10-30,0.20651162790697675,0.17198581560283688
3825643,1139,981,158,546,462,84,male,La Liga,2015/2016,2015-10-31,0.13871817383669885,0.15384615384615385
3825652,869,648,221,473,381,92,male,La Liga,2015/2016,2015-11-06,0.25431530494821636,0.1945031712473573
3825656,814,568,246,322,241,81,male,La Liga,2015/2016,2015-11-07,0.3022113022113022,0.2515527950310559
3825657,752,530,222,406,307,99,male,La Liga,2015/2016,2015-11-07,0.29521276595744683,0.2438423645320197
3825658,891,627,264,388,296,92,male,La Liga,2015/2016,2015-11-08,0.2962962962962963,0.23711340206185566
3825659,634,434,200,237,173,64,male,La Liga,2015/2016,2015-11-08,0.31545741324921134,0.270042194092827
3825660,987,791,196,448,365,83,male,La Liga,2015/2016,2015-11-08,0.19858156028368795,0.18526785714285715
3825661,1027,889,138,573,520,53,male,La Liga,2015/2016,2015-11-08,0.13437195715676728,0.0924956369982548
3825662,787,575,212,448,352,96,male,La Liga,2015/2016,2015-11-21,0.26937738246505716,0.21428571428571427
3825663,765,556,209,385,306,79,male,La Liga,2015/2016,2015-11-21,0.27320261437908494,0.2051948051948052
3825664,829,593,236,429,340,89,male,La Liga,2015/2016,2015-11-21,0.28468033775633295,0.20745920745920746
3825665,737,504,233,324,237,87,male,La Liga,2015/2016,2015-11-22,0.31614654002713705,0.26851851851851855
3825666,1037,817,220,628,520,108,male,La Liga,2015/2016,2015-11-22,0.21215043394406943,0.17197452229299362
3825667,826,574,252,485,362,123,male,La Liga,2015/2016,2015-11-22,0.3050847457627119,0.2536082474226804
3825668,850,625,225,446,336,110,male,La Liga,2015/2016,2015-11-22,0.2647058823529412,0.24663677130044842
3825669,723,525,198,343,268,75,male,La Liga,2015/2016,2015-11-23,0.27385892116182575,0.21865889212827988
3825670,818,616,202,409,321,88,male,La Liga,2015/2016,2015-11-27,0.2469437652811736,0.21515892420537897
3825671,904,682,222,451,361,90,male,La Liga,2015/2016,2015-11-28,0.24557522123893805,0.19955654101995565
3825672,622,450,172,283,215,68,male,La Liga,2015/2016,2015-11-28,0.2765273311897106,0.24028268551236748
3825673,944,743,201,485,395,90,male,La Liga,2015/2016,2015-11-28,0.2129237288135593,0.18556701030927836
3825674,860,670,190,435,361,74,male,La Liga,2015/2016,2015-11-28,0.22093023255813954,0.17011494252873563
3825675,802,560,242,400,306,94,male,La Liga,2015/2016,2015-11-29,0.30174563591022446,0.235
3825676,726,537,189,377,291,86,male,La Liga,2015/2016,2015-11-29,0.2603305785123967,0.22811671087533156
3825677,792,622,170,369,301,68,male,La Liga,2015/2016,2015-11-29,0.21464646464646464,0.1842818428184282
3825678,882,654,228,495,382,113,male,La Liga,2015/2016,2015-11-29,0.2585034013605442,0.22828282828282828
3825680,814,586,228,427,337,90,male,La Liga,2015/2016,2015-12-05,0.2800982800982801,0.2107728337236534
3825681,1062,932,130,620,559,61,male,La Liga,2015/2016,2015-12-05,0.1224105461393597,0.09838709677419355
3825682,989,810,179,541,465,76,male,La Liga,2015/2016,2015-12-05,0.18099089989888775,0.14048059149722736
3825683,802,594,208,510,399,111,male,La Liga,2015/2016,2015-12-06,0.2593516209476309,0.21764705882352942
3825684,742,539,203,349,280,69,male,La Liga,2015/2016,2015-12-06,0.27358490566037735,0.1977077363896848
3825685,813,643,170,419,344,75,male,La Liga,2015/2016,2015-12-06,0.2091020910209102,0.17899761336515513
3825686,766,569,197,369,299,70,male,La Liga,2015/2016,2015-12-06,0.25718015665796345,0.1897018970189702
3825687,773,575,198,396,320,76,male,La Liga,2015/2016,2015-12-07,0.25614489003880986,0.1919191919191919
3825688,858,666,192,420,358,62,male,La Liga,2015/2016,2015-12-11,0.22377622377622378,0.14761904761904762
3825689,782,568,214,390,304,86,male,La Liga,2015/2016,2015-12-12,0.27365728900255754,0.2205128205128205
3825690,944,706,238,538,440,98,male,La Liga,2015/2016,2015-12-12,0.2521186440677966,0.1821561338289963
3825691,799,551,248,351,279,72,male,La Liga,2015/2016,2015-12-12,0.31038798498122655,0.20512820512820512
3825692,866,657,209,449,362,87,male,La Liga,2015/2016,2015-12-12,0.24133949191685913,0.19376391982182628
3825693,965,712,253,492,380,112,male,La Liga,2015/2016,2015-12-13,0.2621761658031088,0.22764227642276422
3825694,751,515,236,399,288,111,male,La Liga,2015/2016,2015-12-13,0.31424766977363516,0.2781954887218045
3825695,978,771,207,508,418,90,male,La Liga,2015/2016,2015-12-13,0.2116564417177914,0.17716535433070865
3825696,679,425,254,327,221,106,male,La Liga,2015/2016,2015-12-13,0.374079528718704,0.3241590214067278
3825697,826,635,191,421,334,87,male,La Liga,2015/2016,2015-12-19,0.23123486682808717,0.20665083135391923
3825698,844,597,247,391,299,92,male,La Liga,2015/2016,2015-12-19,0.29265402843601895,0.23529411764705882
3825699,620,432,188,312,246,66,male,La Liga,2015/2016,2015-12-19,0.3032258064516129,0.21153846153846154
3825700,883,758,125,366,321,45,male,La Liga,2015/2016,2015-12-20,0.14156285390713477,0.12295081967213115
3825701,867,631,236,507,388,119,male,La Liga,2015/2016,2015-12-20,0.2722029988465975,0.23471400394477318
3825702,982,771,211,498,402,96,male,La Liga,2015/2016,2015-12-20,0.21486761710794297,0.1927710843373494
3825703,801,581,220,419,338,81,male,La Liga,2015/2016,2015-12-20,0.2746566791510612,0.19331742243436753
3825704,784,581,203,400,307,93,male,La Liga,2015/2016,2015-12-20,0.25892857142857145,0.2325
3825705,645,407,238,305,213,92,male,La Liga,2015/2016,2015-12-30,0.3689922480620155,0.3016393442622951
3825706,901,669,232,516,401,115,male,La Liga,2015/2016,2015-12-30,0.25749167591564925,0.22286821705426357
3825707,806,605,201,343,260,83,male,La Liga,2015/2016,2015-12-30,0.24937965260545905,0.24198250728862974
3825708,759,516,243,398,286,112,male,La Liga,2015/2016,2015-12-30,0.3201581027667984,0.2814070351758794
3825711,727,510,217,355,269,86,male,La Liga,2015/2016,2015-12-30,0.2984869325997249,0.24225352112676057
3825712,760,542,218,411,304,107,male,La Liga,2015/2016,2015-12-30,0.2868421052631579,0.26034063260340634
3825731,904,723,181,451,377,74,male,La Liga,2015/2016,2016-01-10,0.2002212389380531,0.164079822616408
3825736,787,589,198,378,298,80,male,La Liga,2015/2016,2016-01-17,0.25158831003811943,0.21164021164021163
3825767,860,618,242,462,359,103,male,La Liga,2015/2016,2016-02-08,0.2813953488372093,0.22294372294372294
3825768,860,654,206,439,357,82,male,La Liga,2015/2016,2016-02-12,0.23953488372093024,0.1867881548974943
3825769,915,666,249,526,402,124,male,La Liga,2015/2016,2016-02-13,0.2721311475409836,0.23574144486692014
3825770,1000,827,173,592,506,86,male,La Liga,2015/2016,2016-02-13,0.173,0.14527027027027026
3825771,733,503,230,373,268,105,male,La Liga,2015/2016,2016-02-13,0.31377899045020463,0.28150134048257375
3825772,669,492,177,328,258,70,male,La Liga,2015/2016,2016-02-13,0.2645739910313901,0.21341463414634146
3825773,812,586,226,409,324,85,male,La Liga,2015/2016,2016-02-14,0.27832512315270935,0.2078239608801956
3825774,1029,862,167,617,536,81,male,La Liga,2015/2016,2016-02-14,0.16229348882410108,0.1312803889789303
3825775,737,520,217,362,278,84,male,La Liga,2015/2016,2016-02-14,0.2944369063772049,0.23204419889502761
3825776,904,718,186,493,413,80,male,La Liga,2015/2016,2016-02-14,0.20575221238938052,0.16227180527383367
3825779,849,616,233,368,272,96,male,La Liga,2015/2016,2016-02-20,0.2744405182567727,0.2608695652173913
3825780,852,627,225,517,408,109,male,La Liga,2015/2016,2016-02-20,0.2640845070422535,0.21083172147001933
3825781,670,443,227,231,170,61,male,La Liga,2015/2016,2016-02-21,0.33880597014925373,0.26406926406926406
3825783,723,469,254,274,199,75,male,La Liga,2015/2016,2016-02-21,0.35131396957123096,0.2737226277372263
3825785,808,629,179,448,365,83,male,La Liga,2015/2016,2016-02-21,0.22153465346534654,0.18526785714285715
3825786,861,599,262,505,375,130,male,La Liga,2015/2016,2016-02-26,0.3042973286875726,0.25742574257425743
3825787,965,789,176,487,407,80,male,La Liga,2015/2016,2016-02-27,0.18238341968911917,0.16427104722792607
3825788,749,549,200,381,303,78,male,La Liga,2015/2016,2016-02-27,0.26702269692923897,0.2047244094488189
3825789,767,549,218,362,269,93,male,La Liga,2015/2016,2016-02-27,0.2842242503259452,0.2569060773480663
3825790,818,615,203,485,394,91,male,La Liga,2015/2016,2016-02-27,0.24816625916870416,0.18762886597938144
3825791,714,515,199,314,243,71,male,La Liga,2015/2016,2016-02-27,0.27871148459383754,0.22611464968152867
3825792,933,706,227,462,358,104,male,La Liga,2015/2016,2016-02-28,0.2433011789924973,0.22510822510822512
3825793,983,802,181,547,473,74,male,La Liga,2015/2016,2016-02-28,0.18413021363173956,0.13528336380255943
3825794,931,773,158,524,447,77,male,La Liga,2015/2016,2016-02-28,0.16970998925886144,0.14694656488549618
3825795,1079,864,215,574,475,99,male,La Liga,2015/2016,2016-03-01,0.19925857275254866,0.17247386759581881
3825796,873,728,145,443,378,65,male,La Liga,2015/2016,2016-03-01,0.1660939289805269,0.14672686230248308
3825797,995,765,230,628,490,138,male,La Liga,2015/2016,2016-03-02,0.23115577889447236,0.2197452229299363
3825798,939,770,169,415,344,71,male,La Liga,2015/2016,2016-03-02,0.1799787007454739,0.1710843373493976
3825799,769,536,233,356,263,93,male,La Liga,2015/2016,2016-03-02,0.30299089726918077,0.2612359550561798
3825800,935,748,187,433,361,72,male,La Liga,2015/2016,2016-03-02,0.2,0.16628175519630484
3825801,864,659,205,491,396,95,male,La Liga,2015/2016,2016-03-02,0.23726851851851852,0.1934826883910387
3825888,925,747,178,484,402,82,male,La Liga,2015/2016,2015-11-21,0.19243243243243244,0.16942148760330578
3825891,821,609,212,364,291,73,male,La Liga,2015/2016,2015-12-19,0.2582216808769793,0.20054945054945056
3825899,807,668,139,475,407,68,male,La Liga,2015/2016,2016-04-24,0.17224287484510534,0.1431578947368421
3825562,657,496,161,309,252,57,male,La Liga,2015/2016,2015-08-21,0.2450532724505327,0.18446601941747573
3825570,801,583,218,380,298,82,male,La Liga,2015/2016,2015-08-24,0.2721598002496879,0.21578947368421053
3825584,689,507,182,285,231,54,male,La Liga,2015/2016,2015-09-13,0.2641509433962264,0.18947368421052632
3825598,906,723,183,462,390,72,male,La Liga,2015/2016,2015-09-22,0.20198675496688742,0.15584415584415584
3825609,770,517,253,362,264,98,male,La Liga,2015/2016,2015-09-27,0.32857142857142857,0.27071823204419887
3825611,846,682,164,379,312,67,male,La Liga,2015/2016,2015-09-27,0.1938534278959811,0.17678100263852242
3825618,912,686,226,439,353,86,male,La Liga,2015/2016,2015-10-03,0.24780701754385964,0.1958997722095672
3825619,790,578,212,331,245,86,male,La Liga,2015/2016,2015-10-04,0.2683544303797468,0.2598187311178248
3825628,942,802,140,495,427,68,male,La Liga,2015/2016,2015-10-18,0.14861995753715498,0.13737373737373737
3825637,827,636,191,365,284,81,male,La Liga,2015/2016,2015-10-25,0.2309552599758162,0.2219178082191781
3825645,1036,845,191,684,571,113,male,La Liga,2015/2016,2015-10-31,0.18436293436293436,0.1652046783625731
3825646,793,582,211,269,204,65,male,La Liga,2015/2016,2015-10-31,0.266078184110971,0.241635687732342
3825647,708,532,176,316,253,63,male,La Liga,2015/2016,2015-10-31,0.24858757062146894,0.19936708860759494
3825648,777,493,284,317,221,96,male,La Liga,2015/2016,2015-11-01,0.3655083655083655,0.3028391167192429
3825649,841,617,224,454,354,100,male,La Liga,2015/2016,2015-11-01,0.26634958382877527,0.22026431718061673
3825650,801,602,199,393,317,76,male,La Liga,2015/2016,2015-11-01,0.2484394506866417,0.19338422391857507
3825651,641,428,213,285,215,70,male,La Liga,2015/2016,2015-11-01,0.33229329173166927,0.24561403508771928
3825653,798,562,236,475,360,115,male,La Liga,2015/2016,2015-11-07,0.2957393483709273,0.24210526315789474
3825654,690,501,189,299,222,77,male,La Liga,2015/2016,2015-11-07,0.27391304347826084,0.25752508361204013
3825655,738,520,218,302,228,74,male,La Liga,2015/2016,2015-11-07,0.2953929539295393,0.24503311258278146
3825679,727,530,197,294,219,75,male,La Liga,2015/2016,2015-12-05,0.27097661623108665,0.25510204081632654
3825709,955,773,182,485,420,65,male,La Liga,2015/2016,2015-12-30,0.1905759162303665,0.13402061855670103
3825710,989,826,163,492,417,75,male,La Liga,2015/2016,2015-12-30,0.16481294236602628,0.1524390243902439
3825713,788,618,170,391,316,75,male,La Liga,2015/2016,2015-12-31,0.21573604060913706,0.1918158567774936
3825714,865,654,211,428,341,87,male,La Liga,2015/2016,2016-01-02,0.24393063583815028,0.20327102803738317
3825715,781,586,195,419,331,88,male,La Liga,2015/2016,2016-01-02,0.2496798975672215,0.2100238663484487
3825716,647,408,239,293,214,79,male,La Liga,2015/2016,2016-01-03,0.3693972179289026,0.2696245733788396
3825717,656,472,184,279,221,58,male,La Liga,2015/2016,2016-01-03,0.2804878048780488,0.2078853046594982
3825718,939,793,146,486,421,65,male,La Liga,2015/2016,2016-01-03,0.1554845580404686,0.1337448559670782
3825719,873,648,225,409,317,92,male,La Liga,2015/2016,2016-01-03,0.25773195876288657,0.22493887530562348
3825720,815,609,206,415,319,96,male,La Liga,2015/2016,2016-01-03,0.252760736196319,0.23132530120481928
3825721,890,651,239,406,309,97,male,La Liga,2015/2016,2016-01-03,0.26853932584269663,0.23891625615763548
3825722,729,527,202,422,317,105,male,La Liga,2015/2016,2016-01-04,0.27709190672153633,0.24881516587677724
3825723,761,494,267,396,281,115,male,La Liga,2015/2016,2016-01-09,0.3508541392904074,0.2904040404040404
3825724,1041,882,159,613,540,73,male,La Liga,2015/2016,2016-01-09,0.15273775216138327,0.11908646003262642
3825725,746,554,192,403,325,78,male,La Liga,2015/2016,2016-01-09,0.257372654155496,0.1935483870967742
3825726,874,670,204,389,309,80,male,La Liga,2015/2016,2016-01-09,0.2334096109839817,0.20565552699228792
3825727,777,536,241,411,304,107,male,La Liga,2015/2016,2016-01-10,0.31016731016731014,0.26034063260340634
3825728,980,745,235,465,367,98,male,La Liga,2015/2016,2016-01-10,0.23979591836734693,0.210752688172043
3825729,946,714,232,568,459,109,male,La Liga,2015/2016,2016-01-10,0.2452431289640592,0.19190140845070422
3825730,880,657,223,460,349,111,male,La Liga,2015/2016,2016-01-10,0.2534090909090909,0.24130434782608695
3825732,869,630,239,545,431,114,male,La Liga,2015/2016,2016-01-16,0.27502876869965476,0.20917431192660552
3825733,766,559,207,413,321,92,male,La Liga,2015/2016,2016-01-16,0.27023498694516973,0.22276029055690072
3825734,956,738,218,590,477,113,male,La Liga,2015/2016,2016-01-16,0.2280334728033473,0.19152542372881357
3825735,1028,797,231,523,416,107,male,La Liga,2015/2016,2016-01-16,0.2247081712062257,0.2045889101338432
3825737,851,687,164,464,392,72,male,La Liga,2015/2016,2016-01-17,0.1927144535840188,0.15517241379310345
3825738,1095,882,213,463,383,80,male,La Liga,2015/2016,2016-01-17,0.19452054794520549,0.17278617710583152
3825741,759,562,197,374,291,83,male,La Liga,2015/2016,2016-01-22,0.2595520421607378,0.22192513368983957
3825742,780,574,206,376,292,84,male,La Liga,2015/2016,2016-01-23,0.2641025641025641,0.22340425531914893
3825743,588,381,207,266,199,67,male,La Liga,2015/2016,2016-01-23,0.3520408163265306,0.2518796992481203
3825744,884,699,185,499,409,90,male,La Liga,2015/2016,2016-01-23,0.20927601809954752,0.18036072144288579
3825745,862,634,228,493,390,103,male,La Liga,2015/2016,2016-01-24,0.26450116009280744,0.20892494929006086
3825746,963,798,165,480,403,77,male,La Liga,2015/2016,2016-01-24,0.17133956386292834,0.16041666666666668
3825747,778,534,244,373,294,79,male,La Liga,2015/2016,2016-01-24,0.31362467866323906,0.21179624664879357
3825748,773,561,212,398,302,96,male,La Liga,2015/2016,2016-01-24,0.2742561448900388,0.24120603015075376
3825749,913,736,177,552,478,74,male,La Liga,2015/2016,2016-01-25,0.19386637458926614,0.13405797101449277
3825750,890,679,211,485,413,72,male,La Liga,2015/2016,2016-01-30,0.23707865168539327,0.14845360824742268
3825751,785,536,249,392,287,105,male,La Liga,2015/2016,2016-01-30,0.31719745222929935,0.26785714285714285
3825752,751,474,277,400,277,123,male,La Liga,2015/2016,2016-01-30,0.36884154460719043,0.3075
3825753,860,651,209,463,360,103,male,La Liga,2015/2016,2016-01-30,0.24302325581395348,0.2224622030237581
3825754,842,643,199,502,409,93,male,La Liga,2015/2016,2016-01-31,0.23634204275534443,0.1852589641434263
3825755,743,550,193,335,263,72,male,La Liga,2015/2016,2016-01-31,0.2597577388963661,0.21492537313432836
3825756,896,701,195,485,396,89,male,La Liga,2015/2016,2016-01-31,0.21763392857142858,0.18350515463917524
3825758,772,506,266,355,254,101,male,La Liga,2015/2016,2016-02-01,0.344559585492228,0.28450704225352114
3825759,928,699,229,447,351,96,male,La Liga,2015/2016,2016-02-05,0.24676724137931033,0.21476510067114093
3825760,730,491,239,300,214,86,male,La Liga,2015/2016,2016-02-06,0.3273972602739726,0.2866666666666667
3825761,857,616,241,369,282,87,male,La Liga,2015/2016,2016-02-06,0.2812135355892649,0.23577235772357724
3825762,829,567,262,392,285,107,male,La Liga,2015/2016,2016-02-06,0.316043425814234,0.2729591836734694
3825763,823,586,237,463,365,98,male,La Liga,2015/2016,2016-02-06,0.28797083839611176,0.21166306695464362
3825764,926,744,182,394,318,76,male,La Liga,2015/2016,2016-02-07,0.19654427645788336,0.19289340101522842
3825765,869,705,164,347,283,64,male,La Liga,2015/2016,2016-02-07,0.18872266973532797,0.1844380403458213
3825766,726,486,240,333,257,76,male,La Liga,2015/2016,2016-02-07,0.3305785123966942,0.22822822822822822
3825802,760,563,197,374,277,97,male,La Liga,2015/2016,2016-03-03,0.25921052631578945,0.25935828877005346
3825806,980,816,164,464,394,70,male,La Liga,2015/2016,2016-03-05,0.1673469387755102,0.15086206896551724
3825844,1051,773,278,576,444,132,male,La Liga,2015/2016,2016-03-13,0.26450999048525214,0.22916666666666666
3825845,749,553,196,439,356,83,male,La Liga,2015/2016,2016-05-01,0.2616822429906542,0.18906605922551253
3825850,945,729,216,571,455,116,male,La Liga,2015/2016,2016-05-08,0.22857142857142856,0.2031523642732049
3825851,927,757,170,482,399,83,male,La Liga,2015/2016,2016-05-08,0.18338727076591155,0.17219917012448133
3825852,882,703,179,479,400,79,male,La Liga,2015/2016,2016-04-16,0.20294784580498867,0.1649269311064718
3825853,763,584,179,398,314,84,male,La Liga,2015/2016,2016-05-08,0.2346002621231979,0.21105527638190955
3825854,800,602,198,439,367,72,male,La Liga,2015/2016,2016-04-29,0.2475,0.16400911161731208
3825856,853,665,188,461,380,81,male,La Liga,2015/2016,2016-04-09,0.22039859320046892,0.175704989154013
3825859,936,740,196,545,453,92,male,La Liga,2015/2016,2016-04-30,0.2094017094017094,0.1688073394495413
3825861,827,608,219,476,380,96,male,La Liga,2015/2016,2016-05-08,0.26481257557436516,0.20168067226890757
3825862,1008,759,249,618,486,132,male,La Liga,2015/2016,2016-04-19,0.24702380952380953,0.21359223300970873
3825864,888,688,200,497,397,100,male,La Liga,2015/2016,2016-04-30,0.22522522522522523,0.2012072434607646
3825865,684,494,190,342,260,82,male,La Liga,2015/2016,2016-05-08,0.2777777777777778,0.23976608187134502
3825866,1048,828,220,609,494,115,male,La Liga,2015/2016,2016-05-08,0.2099236641221374,0.18883415435139572
3825868,855,657,198,474,386,88,male,La Liga,2015/2016,2016-04-25,0.23157894736842105,0.18565400843881857
3825870,788,534,254,355,257,98,male,La Liga,2015/2016,2016-05-01,0.3223350253807107,0.27605633802816903
3825872,875,682,193,373,301,72,male,La Liga,2015/2016,2016-04-02,0.22057142857142858,0.19302949061662197
3825873,1017,850,167,488,426,62,male,La Liga,2015/2016,2016-05-01,0.16420845624385447,0.12704918032786885
3825874,803,650,153,429,363,66,male,La Liga,2015/2016,2015-10-24,0.19053549190535493,0.15384615384615385
3825877,790,595,195,325,266,59,male,La Liga,2015/2016,2016-04-03,0.2468354430379747,0.18153846153846154
3825878,787,551,236,394,289,105,male,La Liga,2015/2016,2016-04-30,0.29987293519695046,0.26649746192893403
3825879,1022,856,166,579,502,77,male,La Liga,2015/2016,2016-03-13,0.162426614481409,0.13298791018998274
3825880,828,615,213,411,317,94,male,La Liga,2015/2016,2016-03-19,0.2572463768115942,0.22871046228710462
3825881,702,508,194,295,222,73,male,La Liga,2015/2016,2016-03-14,0.27635327635327633,0.24745762711864408
3825885,650,451,199,295,230,65,male,La Liga,2015/2016,2016-04-01,0.30615384615384617,0.22033898305084745
3825886,868,674,194,515,410,105,male,La Liga,2015/2016,2016-04-23,0.22350230414746544,0.20388349514563106
3825892,749,517,232,373,288,85,male,La Liga,2015/2016,2015-09-22,0.3097463284379172,0.22788203753351208
3825893,1139,952,187,583,491,92,male,La Liga,2015/2016,2016-04-20,0.16417910447761194,0.15780445969125215
3825898,829,607,222,332,252,80,male,La Liga,2015/2016,2016-04-02,0.2677925211097708,0.24096385542168675
3825901,1115,973,142,561,510,51,male,La Liga,2015/2016,2016-05-08,0.1273542600896861,0.09090909090909091
3825904,931,690,241,461,364,97,male,La Liga,2015/2016,2016-05-08,0.2588614393125671,0.210412147505423
70264,965,800,165,519,434,85,male,La Liga,2014/2015,2014-12-13,0.17098445595854922,0.16377649325626203
70273,1098,872,226,614,493,121,male,La Liga,2014/2015,2014-09-13,0.2058287795992714,0.1970684039087948
265835,1011,865,146,498,426,72,male,La Liga,2014/2015,2014-11-22,0.1444114737883284,0.14457831325301204
265839,964,772,192,523,433,90,male,La Liga,2015/2016,2016-02-28,0.1991701244813278,0.17208413001912046
265894,812,655,157,423,361,62,male,La Liga,2015/2016,2016-01-23,0.1933497536945813,0.14657210401891252
265944,942,780,162,381,331,50,male,La Liga,2015/2016,2016-04-23,0.17197452229299362,0.13123359580052493
265958,833,682,151,406,344,62,male,La Liga,2015/2016,2016-05-08,0.18127250900360145,0.15270935960591134
265963,1029,895,134,636,556,80,male,La Liga,2014/2015,2015-04-28,0.13022351797862003,0.12578616352201258
266056,1044,853,191,560,480,80,male,La Liga,2015/2016,2016-03-06,0.18295019157088122,0.14285714285714285
266106,977,826,151,506,435,71,male,La Liga,2015/2016,2016-03-20,0.15455475946775846,0.14031620553359683
266117,960,813,147,407,348,59,male,La Liga,2014/2015,2014-09-27,0.153125,0.14496314496314497
266149,948,783,165,598,521,77,male,La Liga,2015/2016,2016-01-17,0.17405063291139242,0.12876254180602006
266160,866,708,158,432,372,60,male,La Liga,2015/2016,2016-02-07,0.18244803695150116,0.1388888888888889
266166,1011,848,163,491,421,70,male,La Liga,2015/2016,2015-09-12,0.16122650840751732,0.1425661914460285
266236,990,737,253,452,347,105,male,La Liga,2015/2016,2015-08-23,0.25555555555555554,0.2323008849557522
266254,825,649,176,381,307,74,male,La Liga,2015/2016,2016-02-14,0.21333333333333335,0.1942257217847769
266310,1062,938,124,475,426,49,male,La Liga,2015/2016,2016-04-20,0.1167608286252354,0.1031578947368421
266424,1069,907,162,625,548,77,male,La Liga,2015/2016,2015-11-21,0.15154349859681945,0.1232
266467,828,651,177,419,340,79,male,La Liga,2015/2016,2015-09-23,0.213768115942029,0.18854415274463007
266490,944,790,154,441,378,63,male,La Liga,2015/2016,2015-09-20,0.163135593220339,0.14285714285714285
266498,954,818,136,489,434,55,male,La Liga,2015/2016,2016-03-12,0.14255765199161424,0.11247443762781185
266557,875,706,169,382,317,65,male,La Liga,2015/2016,2016-04-17,0.19314285714285714,0.17015706806282724
266620,939,777,162,423,365,58,male,La Liga,2015/2016,2016-01-09,0.17252396166134185,0.13711583924349882
266653,775,616,159,281,227,54,male,La Liga,2015/2016,2016-03-03,0.20516129032258065,0.19217081850533807
266664,890,714,176,405,346,59,male,La Liga,2015/2016,2016-04-09,0.19775280898876405,0.145679012345679
266670,801,618,183,295,230,65,male,La Liga,2015/2016,2016-01-02,0.22846441947565543,0.22033898305084745
266815,957,816,141,480,410,70,male,La Liga,2015/2016,2016-02-17,0.14733542319749215,0.14583333333333334
266838,806,626,180,311,261,50,male,La Liga,2014/2015,2014-09-24,0.22332506203473945,0.1607717041800643
266885,924,748,176,445,377,68,male,La Liga,2015/2016,2015-11-28,0.19047619047619047,0.15280898876404495
266916,878,702,176,429,353,76,male,La Liga,2014/2015,2015-03-08,0.20045558086560364,0.17715617715617715
266961,973,811,162,488,408,80,male,La Liga,2015/2016,2015-12-12,0.16649537512846865,0.16393442622950818
266986,971,831,140,388,335,53,male,La Liga,2015/2016,2016-04-30,0.14418125643666324,0.13659793814432988
267183,929,785,144,505,446,59,male,La Liga,2014/2015,2015-03-22,0.155005382131324,0.11683168316831684
267197,1150,1002,148,597,521,76,male,La Liga,2014/2015,2015-05-23,0.12869565217391304,0.1273031825795645
267273,1054,902,152,563,489,74,male,La Liga,2015/2016,2016-02-20,0.1442125237191651,0.13143872113676733
267274,996,826,170,529,453,76,male,La Liga,2015/2016,2015-12-05,0.1706827309236948,0.14366729678638943
267301,816,615,201,375,294,81,male,La Liga,2014/2015,2014-11-01,0.24632352941176472,0.216
267327,886,712,174,452,382,70,male,La Liga,2015/2016,2015-12-30,0.1963882618510158,0.15486725663716813
267422,851,684,167,404,329,75,male,La Liga,2015/2016,2015-08-29,0.19623971797884843,0.18564356435643564
267506,824,687,137,382,323,59,male,La Liga,2015/2016,2016-05-14,0.1662621359223301,0.1544502617801047
267533,970,846,124,495,434,61,male,La Liga,2015/2016,2016-04-02,0.12783505154639174,0.12323232323232323
267576,940,802,138,447,391,56,male,La Liga,2015/2016,2016-01-30,0.14680851063829786,0.12527964205816555
267611,902,737,165,384,326,58,male,La Liga,2015/2016,2015-09-26,0.18292682926829268,0.15104166666666666
3825563,995,789,206,436,362,74,male,La Liga,2015/2016,2015-08-22,0.207035175879397,0.16972477064220184
3825564,858,623,235,433,344,89,male,La Liga,2015/2016,2015-08-22,0.2738927738927739,0.20554272517321015
3825565,799,605,194,399,309,90,male,La Liga,2015/2016,2015-08-22,0.2428035043804756,0.22556390977443608
3825566,753,555,198,319,251,68,male,La Liga,2015/2016,2015-08-22,0.26294820717131473,0.21316614420062696
3825567,958,743,215,494,390,104,male,La Liga,2015/2016,2015-08-23,0.2244258872651357,0.21052631578947367
3825568,612,423,189,245,176,69,male,La Liga,2015/2016,2015-08-23,0.3088235294117647,0.2816326530612245
3825569,928,746,182,425,356,69,male,La Liga,2015/2016,2015-08-23,0.1961206896551724,0.1623529411764706
3825571,835,622,213,482,389,93,male,La Liga,2015/2016,2015-08-28,0.25508982035928146,0.19294605809128632
3825573,868,673,195,421,347,74,male,La Liga,2015/2016,2015-08-29,0.22465437788018433,0.17577197149643706
3825574,1036,819,217,541,441,100,male,La Liga,2015/2016,2015-08-29,0.20945945945945946,0.18484288354898337
3825575,798,585,213,370,287,83,male,La Liga,2015/2016,2015-08-30,0.2669172932330827,0.22432432432432434
3825576,774,566,208,341,266,75,male,La Liga,2015/2016,2015-08-30,0.268733850129199,0.21994134897360704
3825577,614,445,169,240,185,55,male,La Liga,2015/2016,2015-08-30,0.2752442996742671,0.22916666666666666
3825578,853,611,242,482,352,130,male,La Liga,2015/2016,2015-08-30,0.283704572098476,0.2697095435684647
3825580,771,576,195,415,327,88,male,La Liga,2015/2016,2015-09-11,0.2529182879377432,0.21204819277108433
3825581,950,794,156,499,430,69,male,La Liga,2015/2016,2015-09-12,0.16421052631578947,0.13827655310621242
3825582,766,588,178,310,252,58,male,La Liga,2015/2016,2015-09-12,0.23237597911227154,0.1870967741935484
3825583,953,744,209,547,447,100,male,La Liga,2015/2016,2015-09-12,0.2193074501573977,0.18281535648994515
3825585,980,809,171,507,428,79,male,La Liga,2015/2016,2015-09-13,0.17448979591836736,0.15581854043392504
3825586,738,519,219,347,254,93,male,La Liga,2015/2016,2015-09-13,0.2967479674796748,0.2680115273775216
3825587,841,601,240,413,315,98,male,La Liga,2015/2016,2015-09-13,0.2853745541022592,0.23728813559322035
3825588,888,650,238,449,356,93,male,La Liga,2015/2016,2015-09-14,0.268018018018018,0.2071269487750557
3825589,749,547,202,409,323,86,male,La Liga,2015/2016,2015-09-18,0.2696929238985314,0.21026894865525672
3825590,897,743,154,373,328,45,male,La Liga,2015/2016,2015-09-19,0.1716833890746934,0.12064343163538874
3825591,818,647,171,441,371,70,male,La Liga,2015/2016,2015-09-19,0.20904645476772615,0.15873015873015872
3825592,799,611,188,451,361,90,male,La Liga,2015/2016,2015-09-19,0.23529411764705882,0.19955654101995565
3825593,1130,869,261,714,580,134,male,La Liga,2015/2016,2015-09-19,0.23097345132743363,0.1876750700280112
3825594,826,651,175,435,368,67,male,La Liga,2015/2016,2015-09-20,0.211864406779661,0.15402298850574714
3825596,824,608,216,403,310,93,male,La Liga,2015/2016,2015-09-20,0.2621359223300971,0.23076923076923078
3825597,741,496,245,324,247,77,male,La Liga,2015/2016,2015-09-20,0.33063427800269907,0.23765432098765432
3825599,706,547,159,320,263,57,male,La Liga,2015/2016,2015-09-22,0.22521246458923513,0.178125
3825600,822,588,234,423,330,93,male,La Liga,2015/2016,2015-09-23,0.2846715328467153,0.2198581560283688
3825602,979,805,174,517,441,76,male,La Liga,2015/2016,2015-09-23,0.177732379979571,0.1470019342359768
3825603,826,625,201,406,315,91,male,La Liga,2015/2016,2015-09-24,0.24334140435835352,0.22413793103448276
3825604,681,518,163,348,291,57,male,La Liga,2015/2016,2015-09-25,0.2393538913362702,0.16379310344827586
3825605,806,621,185,299,244,55,male,La Liga,2015/2016,2015-09-26,0.22952853598014888,0.18394648829431437
3825606,927,775,152,450,386,64,male,La Liga,2015/2016,2015-09-26,0.16396979503775622,0.14222222222222222
3825610,909,736,173,435,363,72,male,La Liga,2015/2016,2015-09-27,0.19031903190319033,0.16551724137931034
3825613,802,605,197,402,309,93,male,La Liga,2015/2016,2015-10-02,0.2456359102244389,0.23134328358208955
3825615,924,729,195,534,430,104,male,La Liga,2015/2016,2015-10-03,0.21103896103896103,0.1947565543071161
3825617,809,634,175,442,370,72,male,La Liga,2015/2016,2015-10-03,0.21631644004944375,0.16289592760180996
3825620,817,580,237,339,252,87,male,La Liga,2015/2016,2015-10-04,0.29008567931456547,0.25663716814159293
3825621,1042,865,177,504,427,77,male,La Liga,2015/2016,2015-10-04,0.16986564299424184,0.1527777777777778
3825622,881,690,191,494,402,92,male,La Liga,2015/2016,2015-10-04,0.21679909194097616,0.1862348178137652
3825624,734,516,218,428,335,93,male,La Liga,2015/2016,2015-10-17,0.2970027247956403,0.21728971962616822
3825625,956,798,158,442,375,67,male,La Liga,2015/2016,2015-10-17,0.16527196652719664,0.1515837104072398
3825627,934,756,178,510,421,89,male,La Liga,2015/2016,2015-10-17,0.1905781584582441,0.17450980392156862
3825629,944,763,181,574,483,91,male,La Liga,2015/2016,2015-10-18,0.1917372881355932,0.15853658536585366
3825630,843,612,231,325,245,80,male,La Liga,2015/2016,2015-10-18,0.27402135231316727,0.24615384615384617
3825631,929,705,224,366,288,78,male,La Liga,2015/2016,2015-10-18,0.2411194833153929,0.21311475409836064
3825632,748,551,197,440,350,90,male,La Liga,2015/2016,2015-10-19,0.26336898395721925,0.20454545454545456
3825633,817,633,184,360,280,80,male,La Liga,2015/2016,2015-10-23,0.2252141982864137,0.2222222222222222
3825634,778,528,250,389,279,110,male,La Liga,2015/2016,2015-10-24,0.3213367609254499,0.2827763496143959
3825635,985,800,185,544,461,83,male,La Liga,2015/2016,2015-10-24,0.18781725888324874,0.15257352941176472
3825636,913,653,260,484,357,127,male,La Liga,2015/2016,2015-10-24,0.2847754654983571,0.26239669421487605
3825639,923,686,237,320,240,80,male,La Liga,2015/2016,2015-10-25,0.25677139761646806,0.25
3825640,690,461,229,292,210,82,male,La Liga,2015/2016,2015-10-25,0.3318840579710145,0.2808219178082192
3825644,785,565,220,349,279,70,male,La Liga,2015/2016,2015-10-31,0.2802547770700637,0.20057306590257878
70220,1006,869,137,295,260,35,male,La Liga,2011/2012,2011-09-17,0.13618290258449303,0.11864406779661017
70256,880,689,191,414,331,83,male,La Liga,2012/2013,2013-03-30,0.21704545454545454,0.20048309178743962
70259,1070,930,140,563,489,74,male,La Liga,2012/2013,2012-08-19,0.1308411214953271,0.13143872113676733
70260,1072,896,176,684,591,93,male,La Liga,2012/2013,2013-01-27,0.16417910447761194,0.13596491228070176
70262,828,613,215,390,315,75,male,La Liga,2012/2013,2012-08-26,0.25966183574879226,0.19230769230769232
70263,1176,992,184,697,593,104,male,La Liga,2012/2013,2012-12-01,0.1564625850340136,0.1492109038737446
70270,978,810,168,515,431,84,male,La Liga,2012/2013,2012-09-22,0.17177914110429449,0.16310679611650486
70271,1132,959,173,610,526,84,male,La Liga,2012/2013,2013-02-23,0.15282685512367492,0.1377049180327869
70272,970,831,139,399,353,46,male,La Liga,2012/2013,2013-03-02,0.14329896907216494,0.11528822055137844
70275,940,764,176,384,317,67,male,La Liga,2012/2013,2012-09-29,0.18723404255319148,0.17447916666666666
70276,837,645,192,314,247,67,male,La Liga,2012/2013,2012-10-27,0.22939068100358423,0.21337579617834396
70277,909,773,136,387,336,51,male,La Liga,2013/2014,2013-08-18,0.1496149614961496,0.13178294573643412
70280,1247,1078,169,578,498,80,male,La Liga,2012/2013,2012-11-25,0.13552526062550121,0.1384083044982699
70281,1060,872,188,593,504,89,male,La Liga,2012/2013,2013-05-05,0.17735849056603772,0.15008431703204048
70282,1059,878,181,542,466,76,male,La Liga,2012/2013,2013-02-03,0.17091595845136923,0.14022140221402213
70283,936,779,157,386,325,61,male,La Liga,2013/2014,2013-11-01,0.16773504273504272,0.15803108808290156
70284,1086,933,153,580,505,75,male,La Liga,2012/2013,2013-05-12,0.1408839779005525,0.12931034482758622
70286,1084,932,152,555,483,72,male,La Liga,2012/2013,2012-09-02,0.14022140221402213,0.12972972972972974
70287,1005,842,163,568,495,73,male,La Liga,2012/2013,2013-01-19,0.16218905472636816,0.12852112676056338
70288,921,741,180,452,377,75,male,La Liga,2013/2014,2014-01-19,0.19543973941368079,0.16592920353982302
70289,963,787,176,335,271,64,male,La Liga,2013/2014,2014-04-27,0.18276220145379024,0.191044776119403
70291,975,823,152,466,403,63,male,La Liga,2013/2014,2014-01-26,0.1558974358974359,0.1351931330472103
70292,974,802,172,551,466,85,male,La Liga,2012/2013,2012-09-15,0.17659137577002054,0.1542649727767695
70293,917,753,164,509,436,73,male,La Liga,2013/2014,2013-10-26,0.17884405670665213,0.14341846758349705
70294,996,844,152,469,408,61,male,La Liga,2012/2013,2013-02-16,0.15261044176706828,0.1300639658848614
70295,985,817,168,430,361,69,male,La Liga,2012/2013,2012-12-09,0.17055837563451776,0.16046511627906976
70296,1103,965,138,411,371,40,male,La Liga,2012/2013,2012-12-16,0.12511332728921123,0.09732360097323602
70297,1145,985,160,572,498,74,male,La Liga,2012/2013,2013-02-10,0.13973799126637554,0.12937062937062938
70298,976,812,164,519,448,71,male,La Liga,2013/2014,2013-09-01,0.1680327868852459,0.13680154142581888
70300,962,802,160,406,333,73,male,La Liga,2012/2013,2012-10-07,0.16632016632016633,0.17980295566502463
70301,989,829,160,440,370,70,male,La Liga,2013/2014,2013-09-14,0.16177957532861476,0.1590909090909091
70302,792,615,177,348,285,63,male,La Liga,2013/2014,2013-09-21,0.22348484848484848,0.1810344827586207
70303,833,665,168,314,269,45,male,La Liga,2014/2015,2015-01-11,0.20168067226890757,0.14331210191082802
70304,1114,979,135,615,544,71,male,La Liga,2012/2013,2012-10-20,0.12118491921005387,0.11544715447154472
70305,1203,1028,175,608,531,77,male,La Liga,2012/2013,2013-03-09,0.14546965918536992,0.12664473684210525
70306,976,754,222,489,392,97,male,La Liga,2013/2014,2014-03-29,0.22745901639344263,0.1983640081799591
70307,964,778,186,554,463,91,male,La Liga,2012/2013,2013-03-17,0.19294605809128632,0.16425992779783394
70308,1259,1114,145,629,558,71,male,La Liga,2012/2013,2012-11-03,0.11517077045274027,0.11287758346581876
70309,1180,1010,170,638,554,84,male,La Liga,2012/2013,2012-11-17,0.1440677966101695,0.13166144200626959
265830,1009,800,209,424,340,84,male,La Liga,2013/2014,2014-01-11,0.20713577799801783,0.19811320754716982
265837,871,713,158,450,389,61,male,La Liga,2013/2014,2014-02-22,0.18140068886337543,0.13555555555555557
265857,934,817,117,443,395,48,male,La Liga,2013/2014,2014-03-23,0.1252676659528908,0.10835214446952596
265866,983,841,142,518,451,67,male,La Liga,2014/2015,2015-05-02,0.14445574771108852,0.12934362934362933
265896,956,811,145,458,397,61,male,La Liga,2014/2015,2014-10-18,0.151673640167364,0.1331877729257642
265918,1029,859,170,581,502,79,male,La Liga,2013/2014,2014-02-15,0.1652089407191448,0.1359724612736661
266015,1129,939,190,578,497,81,male,La Liga,2012/2013,2012-12-22,0.1682905225863596,0.14013840830449828
266045,869,686,183,408,328,80,male,La Liga,2014/2015,2015-05-09,0.21058688147295743,0.19607843137254902
266066,991,840,151,509,438,71,male,La Liga,2013/2014,2014-03-02,0.15237134207870837,0.13948919449901767
266074,1036,894,142,515,445,70,male,La Liga,2013/2014,2014-03-16,0.13706563706563707,0.13592233009708737
266142,1004,850,154,540,464,76,male,La Liga,2014/2015,2015-04-11,0.15338645418326693,0.14074074074074075
266148,871,682,189,412,338,74,male,La Liga,2014/2015,2015-02-21,0.21699196326061998,0.1796116504854369
266201,799,658,141,444,381,63,male,La Liga,2013/2014,2014-05-11,0.17647058823529413,0.14189189189189189
266230,1014,825,189,597,503,94,male,La Liga,2014/2015,2015-01-18,0.1863905325443787,0.1574539363484087
266240,905,698,207,371,287,84,male,La Liga,2014/2015,2015-01-04,0.2287292817679558,0.22641509433962265
266256,828,621,207,329,250,79,male,La Liga,2013/2014,2014-05-17,0.25,0.24012158054711247
266274,1039,891,148,623,549,74,male,La Liga,2013/2014,2014-03-26,0.1424446583253128,0.1187800963081862
266320,1085,935,150,599,531,68,male,La Liga,2014/2015,2014-12-07,0.1382488479262673,0.11352253756260434
266406,964,794,170,518,437,81,male,La Liga,2014/2015,2014-08-31,0.17634854771784234,0.15637065637065636
266420,1028,867,161,417,359,58,male,La Liga,2013/2014,2013-09-28,0.1566147859922179,0.13908872901678657
266433,1178,1013,165,670,585,85,male,La Liga,2012/2013,2013-01-06,0.1400679117147708,0.12686567164179105
266462,1028,856,172,444,369,75,male,La Liga,2013/2014,2013-10-19,0.16731517509727625,0.16891891891891891
266491,951,788,163,466,400,66,male,La Liga,2013/2014,2014-05-03,0.17139852786540483,0.14163090128755365
266525,945,795,150,425,373,52,male,La Liga,2014/2015,2015-04-18,0.15873015873015872,0.1223529411764706
266531,962,817,145,555,484,71,male,La Liga,2014/2015,2015-04-25,0.15072765072765074,0.12792792792792793
266560,973,801,172,505,432,73,male,La Liga,2014/2015,2014-11-30,0.17677286742034942,0.14455445544554454
266603,932,741,191,404,332,72,male,La Liga,2013/2014,2014-03-08,0.20493562231759657,0.1782178217821782
266613,1030,881,149,516,453,63,male,La Liga,2013/2014,2014-02-01,0.14466019417475728,0.12209302325581395
266631,896,734,162,287,233,54,male,La Liga,2014/2015,2015-05-17,0.18080357142857142,0.18815331010452963
266724,1123,942,181,535,452,83,male,La Liga,2012/2013,2012-11-11,0.1611754229741763,0.15514018691588785
266741,985,825,160,522,448,74,male,La Liga,2014/2015,2015-02-15,0.16243654822335024,0.1417624521072797
266770,1067,910,157,634,565,69,male,La Liga,2014/2015,2014-09-21,0.1471415182755389,0.10883280757097792
266794,938,791,147,392,332,60,male,La Liga,2014/2015,2015-01-24,0.15671641791044777,0.15306122448979592
266827,1202,1055,147,636,567,69,male,La Liga,2012/2013,2013-01-13,0.12229617304492513,0.10849056603773585
266846,1053,893,160,639,546,93,male,La Liga,2014/2015,2014-12-20,0.15194681861348527,0.14553990610328638
266871,1057,867,190,515,441,74,male,La Liga,2014/2015,2015-02-08,0.17975402081362346,0.1436893203883495
266883,918,699,219,477,375,102,male,La Liga,2013/2014,2013-11-10,0.238562091503268,0.2138364779874214
266921,1097,972,125,620,560,60,male,La Liga,2014/2015,2014-08-24,0.11394712853236098,0.0967741935483871
266929,874,686,188,390,324,66,male,La Liga,2014/2015,2015-04-05,0.2151029748283753,0.16923076923076924
266967,1018,825,193,611,496,115,male,La Liga,2014/2015,2015-03-14,0.18958742632612965,0.18821603927986907
267085,1027,883,144,647,569,78,male,La Liga,2014/2015,2014-10-25,0.14021421616358326,0.1205564142194745
267138,830,661,169,438,362,76,male,La Liga,2013/2014,2014-04-12,0.2036144578313253,0.1735159817351598
267192,993,820,173,458,392,66,male,La Liga,2013/2014,2013-10-29,0.17421953675730112,0.14410480349344978
267343,682,511,171,278,214,64,male,La Liga,2014/2015,2015-02-28,0.250733137829912,0.2302158273381295
267368,920,723,197,406,329,77,male,La Liga,2013/2014,2014-04-05,0.2141304347826087,0.1896551724137931
267400,889,752,137,422,367,55,male,La Liga,2014/2015,2015-04-08,0.15410573678290213,0.13033175355450238
267499,779,619,160,350,299,51,male,La Liga,2014/2015,2014-11-08,0.20539152759948653,0.1457142857142857
267502,1001,741,260,606,477,129,male,La Liga,2012/2013,2013-04-27,0.2597402597402597,0.21287128712871287
267520,1093,954,139,484,420,64,male,La Liga,2013/2014,2013-09-24,0.12717291857273558,0.1322314049586777
267561,781,625,156,418,346,72,male,La Liga,2014/2015,2014-10-04,0.1997439180537772,0.1722488038277512
267567,885,681,204,431,339,92,male,La Liga,2013/2014,2014-04-20,0.2305084745762712,0.21345707656612528
267597,984,804,180,389,330,59,male,La Liga,2014/2015,2015-02-01,0.18292682926829268,0.15167095115681234
267675,973,799,174,414,361,53,male,La Liga,2013/2014,2014-02-09,0.17882836587872558,0.1280193236714976
69210,936,748,188,516,429,87,male,La Liga,2009/2010,2010-01-23,0.20085470085470086,0.1686046511627907
69218,929,746,183,524,436,88,male,La Liga,2009/2010,2009-12-05,0.1969860064585576,0.16793893129770993
69219,824,651,173,439,362,77,male,La Liga,2009/2010,2010-01-10,0.2099514563106796,0.17539863325740318
69220,960,779,181,514,428,86,male,La Liga,2009/2010,2010-01-30,0.18854166666666666,0.16731517509727625
69224,864,694,170,455,375,80,male,La Liga,2009/2010,2010-03-14,0.19675925925925927,0.17582417582417584
69226,905,741,164,355,299,56,male,La Liga,2009/2010,2010-03-06,0.18121546961325966,0.15774647887323945
69229,901,726,175,447,375,72,male,La Liga,2009/2010,2009-09-12,0.19422863485016648,0.1610738255033557
69234,1091,907,184,581,498,83,male,La Liga,2010/2011,2011-05-08,0.1686526122823098,0.14285714285714285
69236,803,662,141,354,302,52,male,La Liga,2010/2011,2010-10-03,0.17559153175591533,0.14689265536723164
69237,880,710,170,494,412,82,male,La Liga,2009/2010,2010-02-14,0.19318181818181818,0.1659919028340081
69238,905,752,153,394,344,50,male,La Liga,2009/2010,2010-02-27,0.16906077348066298,0.12690355329949238
69239,899,747,152,415,355,60,male,La Liga,2009/2010,2010-05-08,0.16907675194660735,0.14457831325301204
69241,1013,861,152,429,365,64,male,La Liga,2009/2010,2010-05-04,0.15004935834155972,0.14918414918414918
69242,844,717,127,395,335,60,male,La Liga,2009/2010,2010-05-16,0.1504739336492891,0.1518987341772152
69243,913,725,188,502,430,72,male,La Liga,2009/2010,2010-01-16,0.2059145673603505,0.14342629482071714
69244,1022,813,209,571,476,95,male,La Liga,2009/2010,2010-05-01,0.2045009784735812,0.16637478108581435
69245,975,838,137,441,385,56,male,La Liga,2010/2011,2011-04-16,0.14051282051282052,0.12698412698412698
69246,945,812,133,388,339,49,male,La Liga,2010/2011,2011-04-30,0.14074074074074075,0.12628865979381443
69248,932,765,167,392,322,70,male,La Liga,2010/2011,2011-02-12,0.1791845493562232,0.17857142857142858
69250,806,619,187,412,326,86,male,La Liga,2009/2010,2009-11-07,0.23200992555831265,0.2087378640776699
69252,896,698,198,480,398,82,male,La Liga,2009/2010,2009-10-17,0.22098214285714285,0.17083333333333334
69253,1103,978,125,678,617,61,male,La Liga,2009/2010,2009-10-25,0.11332728921124206,0.08997050147492626
69255,808,655,153,430,359,71,male,La Liga,2009/2010,2009-09-26,0.18935643564356436,0.16511627906976745
69256,930,747,183,478,390,88,male,La Liga,2009/2010,2009-10-03,0.1967741935483871,0.18410041841004185
69257,881,672,209,350,271,79,male,La Liga,2009/2010,2010-03-24,0.23723041997729852,0.2257142857142857
69259,872,692,180,461,369,92,male,La Liga,2009/2010,2010-04-10,0.20642201834862386,0.19956616052060738
69260,879,696,183,497,407,90,male,La Liga,2010/2011,2010-10-16,0.20819112627986347,0.18108651911468812
69263,931,786,145,389,326,63,male,La Liga,2010/2011,2010-10-23,0.15574650912996776,0.16195372750642673
69264,1104,928,176,629,549,80,male,La Liga,2011/2012,2011-09-10,0.15942028985507245,0.1271860095389507
69265,1099,949,150,612,543,69,male,La Liga,2011/2012,2011-10-02,0.1364877161055505,0.11274509803921569
69268,1073,940,133,456,404,52,male,La Liga,2011/2012,2011-08-29,0.1239515377446412,0.11403508771929824
69269,879,686,193,390,330,60,male,La Liga,2010/2011,2010-09-19,0.21956769055745165,0.15384615384615385
69270,973,810,163,560,480,80,male,La Liga,2010/2011,2010-11-07,0.16752312435765673,0.14285714285714285
69271,904,714,190,413,345,68,male,La Liga,2010/2011,2011-04-23,0.21017699115044247,0.16464891041162227
69272,1269,1136,133,674,612,62,male,La Liga,2010/2011,2011-05-11,0.10480693459416864,0.09198813056379822
69274,912,689,223,432,348,84,male,La Liga,2010/2011,2011-03-02,0.24451754385964913,0.19444444444444445
69275,871,698,173,407,342,65,male,La Liga,2010/2011,2010-12-18,0.19862227324913892,0.1597051597051597
69276,1101,953,148,582,521,61,male,La Liga,2010/2011,2011-02-05,0.1344232515894641,0.10481099656357389
69277,855,660,195,485,391,94,male,La Liga,2009/2010,2009-10-31,0.22807017543859648,0.19381443298969073
69278,1087,933,154,594,516,78,male,La Liga,2010/2011,2011-01-16,0.14167433302667892,0.13131313131313133
69280,1098,946,152,653,585,68,male,La Liga,2010/2011,2011-01-08,0.1384335154826958,0.10413476263399694
69282,1056,869,187,500,430,70,male,La Liga,2010/2011,2011-02-20,0.17708333333333334,0.14
69283,1104,938,166,488,410,78,male,La Liga,2010/2011,2011-02-26,0.1503623188405797,0.1598360655737705
69286,982,831,151,468,404,64,male,La Liga,2010/2011,2010-08-29,0.15376782077393075,0.13675213675213677
69287,967,785,182,545,445,100,male,La Liga,2010/2011,2010-09-11,0.18821096173733196,0.1834862385321101
69289,900,755,145,487,414,73,male,La Liga,2010/2011,2010-10-30,0.16111111111111112,0.14989733059548255
69291,1074,923,151,609,531,78,male,La Liga,2010/2011,2011-03-13,0.14059590316573556,0.12807881773399016
69293,1171,1027,144,547,472,75,male,La Liga,2011/2012,2011-10-15,0.12297181895815543,0.13711151736745886
69295,1185,1024,161,648,571,77,male,La Liga,2010/2011,2011-01-22,0.1358649789029536,0.11882716049382716
69296,1105,946,159,605,526,79,male,La Liga,2010/2011,2011-01-29,0.14389140271493212,0.1305785123966942
69297,1179,1044,135,651,586,65,male,La Liga,2011/2012,2011-09-24,0.11450381679389313,0.09984639016897082
69298,858,696,162,351,292,59,male,La Liga,2009/2010,2010-03-27,0.1888111888111888,0.16809116809116809
69299,999,834,165,483,403,80,male,La Liga,2010/2011,2010-11-29,0.16516516516516516,0.16563146997929606
69300,1084,909,175,536,458,78,male,La Liga,2010/2011,2011-03-05,0.16143911439114392,0.1455223880597015
69302,1213,1047,166,551,483,68,male,La Liga,2010/2011,2010-12-12,0.1368507831821929,0.12341197822141561
69303,1036,850,186,529,448,81,male,La Liga,2010/2011,2011-03-19,0.17953667953667954,0.15311909262759923
69304,1082,937,145,610,532,78,male,La Liga,2010/2011,2011-04-02,0.13401109057301294,0.12786885245901639
69305,960,784,176,455,376,79,male,La Liga,2010/2011,2011-04-09,0.18333333333333332,0.17362637362637362
69306,1083,965,118,508,457,51,male,La Liga,2010/2011,2010-11-20,0.10895660203139428,0.10039370078740158
69307,1008,785,223,521,429,92,male,La Liga,2010/2011,2010-12-04,0.22123015873015872,0.1765834932821497
69308,964,808,156,476,404,72,male,La Liga,2010/2011,2010-11-13,0.16182572614107885,0.15126050420168066
69312,993,791,202,536,429,107,male,La Liga,2011/2012,2012-01-08,0.20342396777442096,0.19962686567164178
69314,1007,875,132,462,405,57,male,La Liga,2011/2012,2011-10-29,0.13108242303872888,0.12337662337662338
69315,944,777,167,451,377,74,male,La Liga,2011/2012,2011-11-26,0.17690677966101695,0.164079822616408
69316,1074,877,197,703,593,110,male,La Liga,2011/2012,2012-02-04,0.18342644320297952,0.15647226173541964
69318,1077,913,164,418,354,64,male,La Liga,2011/2012,2011-10-25,0.1522748375116063,0.15311004784688995
69319,1033,897,136,660,589,71,male,La Liga,2011/2012,2012-05-12,0.13165537270087124,0.10757575757575757
69320,962,800,162,443,385,58,male,La Liga,2011/2012,2012-05-05,0.1683991683991684,0.1309255079006772
69322,1049,871,178,522,456,66,male,La Liga,2011/2012,2012-03-11,0.16968541468064824,0.12643678160919541
69323,1005,815,190,559,466,93,male,La Liga,2011/2012,2012-03-31,0.1890547263681592,0.16636851520572452
69324,850,694,156,358,302,56,male,La Liga,2011/2012,2012-04-21,0.18352941176470589,0.1564245810055866
69325,913,733,180,481,388,93,male,La Liga,2011/2012,2012-03-24,0.19715224534501644,0.19334719334719336
69326,1052,852,200,634,517,117,male,La Liga,2011/2012,2012-03-17,0.19011406844106463,0.18454258675078863
69327,1046,884,162,503,428,75,male,La Liga,2011/2012,2012-01-15,0.15487571701720843,0.14910536779324055
69328,977,765,212,477,384,93,male,La Liga,2011/2012,2012-02-19,0.21699078812691913,0.1949685534591195
69329,1054,871,183,641,550,91,male,La Liga,2011/2012,2011-10-22,0.17362428842504743,0.1419656786271451
69330,876,675,201,441,354,87,male,La Liga,2011/2012,2011-11-06,0.22945205479452055,0.19727891156462585
69331,892,734,158,365,307,58,male,La Liga,2011/2012,2011-11-19,0.17713004484304934,0.1589041095890411
69332,820,633,187,447,363,84,male,La Liga,2011/2012,2011-11-29,0.2280487804878049,0.18791946308724833
69333,982,820,162,544,465,79,male,La Liga,2011/2012,2011-12-03,0.164969450101833,0.14522058823529413
69334,963,778,185,471,395,76,male,La Liga,2011/2012,2011-12-10,0.1921079958463136,0.1613588110403397
69335,1162,1000,162,597,527,70,male,La Liga,2011/2012,2012-01-22,0.13941480206540446,0.11725293132328309
69336,849,593,256,429,324,105,male,La Liga,2011/2012,2012-02-11,0.30153121319199055,0.24475524475524477
69337,952,776,176,311,253,58,male,La Liga,2011/2012,2012-02-26,0.18487394957983194,0.1864951768488746
69338,916,698,218,371,291,80,male,La Liga,2011/2012,2012-01-28,0.23799126637554585,0.215633423180593
69340,1054,894,160,515,451,64,male,La Liga,2011/2012,2012-05-02,0.15180265654648956,0.12427184466019417
69343,1002,835,167,470,410,60,male,La Liga,2011/2012,2012-04-10,0.16666666666666666,0.1276595744680851
70219,795,656,139,321,267,54,male,La Liga,2011/2012,2012-04-07,0.17484276729559747,0.16822429906542055
70221,984,820,164,486,417,69,male,La Liga,2011/2012,2012-04-14,0.16666666666666666,0.1419753086419753
70223,965,778,187,495,411,84,male,La Liga,2011/2012,2011-09-21,0.19378238341968912,0.1696969696969697
70224,824,661,163,340,274,66,male,La Liga,2011/2012,2012-04-29,0.19781553398058252,0.19411764705882353
70225,1036,887,149,591,512,79,male,La Liga,2011/2012,2012-03-20,0.1438223938223938,0.13367174280879865
68318,839,692,147,380,323,57,male,La Liga,2005/2006,2005-10-22,0.17520858164481526,0.15
68320,754,561,193,401,318,83,male,La Liga,2005/2006,2005-12-04,0.25596816976127323,0.20698254364089774
68322,715,462,253,334,232,102,male,La Liga,2005/2006,2005-12-17,0.35384615384615387,0.30538922155688625
68323,880,662,218,417,337,80,male,La Liga,2005/2006,2005-12-20,0.24772727272727274,0.19184652278177458
68324,795,616,179,446,363,83,male,La Liga,2005/2006,2006-01-22,0.22515723270440252,0.1860986547085202
68326,923,754,169,442,369,73,male,La Liga,2006/2007,2006-08-28,0.18309859154929578,0.16515837104072398
68327,980,795,185,496,421,75,male,La Liga,2006/2007,2006-09-09,0.18877551020408162,0.15120967741935484
68328,963,784,179,592,497,95,male,La Liga,2006/2007,2006-09-24,0.18587746625129803,0.16047297297297297
68329,935,774,161,462,397,65,male,La Liga,2006/2007,2006-10-15,0.17219251336898395,0.1406926406926407
68330,765,636,129,400,343,57,male,La Liga,2006/2007,2006-10-22,0.16862745098039217,0.1425
68331,774,639,135,346,292,54,male,La Liga,2006/2007,2006-11-12,0.1744186046511628,0.15606936416184972
68332,957,785,172,409,349,60,male,La Liga,2006/2007,2007-02-18,0.17972831765935215,0.1466992665036675
68333,956,783,173,594,504,90,male,La Liga,2006/2007,2007-02-25,0.1809623430962343,0.15151515151515152
68334,868,719,149,387,329,58,male,La Liga,2006/2007,2007-03-03,0.1716589861751152,0.14987080103359174
68335,892,735,157,491,424,67,male,La Liga,2006/2007,2007-03-10,0.17600896860986548,0.1364562118126273
68336,879,757,122,372,324,48,male,La Liga,2006/2007,2007-06-17,0.13879408418657566,0.12903225806451613
68339,954,750,204,502,406,96,male,La Liga,2005/2006,2005-11-06,0.2138364779874214,0.19123505976095617
68340,818,680,138,371,327,44,male,La Liga,2006/2007,2006-09-17,0.1687041564792176,0.11859838274932614
68341,1153,998,155,612,533,79,male,La Liga,2006/2007,2007-03-17,0.1344319167389419,0.12908496732026145
68347,866,716,150,492,424,68,male,La Liga,2006/2007,2006-09-30,0.17321016166281755,0.13821138211382114
68356,743,561,182,411,338,73,male,La Liga,2007/2008,2007-12-01,0.2449528936742934,0.17761557177615572
68358,797,602,195,301,234,67,male,La Liga,2007/2008,2008-04-12,0.24466750313676286,0.22259136212624583
68359,836,675,161,488,408,80,male,La Liga,2007/2008,2008-04-19,0.19258373205741627,0.16393442622950818
68360,1002,851,151,530,453,77,male,La Liga,2007/2008,2008-02-24,0.1506986027944112,0.14528301886792452
68361,862,720,142,421,359,62,male,La Liga,2007/2008,2008-05-07,0.16473317865429235,0.14726840855106887
68363,880,706,174,433,365,68,male,La Liga,2007/2008,2007-11-01,0.19772727272727272,0.15704387990762125
68364,904,752,152,483,415,68,male,La Liga,2007/2008,2007-10-20,0.168141592920354,0.14078674948240166
68365,824,642,182,436,359,77,male,La Liga,2007/2008,2008-03-01,0.220873786407767,0.17660550458715596
68366,870,716,154,464,395,69,male,La Liga,2007/2008,2008-05-11,0.17701149425287357,0.14870689655172414
69138,854,700,154,430,369,61,male,La Liga,2008/2009,2008-09-21,0.18032786885245902,0.14186046511627906
69139,720,547,173,369,293,76,male,La Liga,2008/2009,2009-02-21,0.24027777777777778,0.20596205962059622
69141,1049,901,148,576,497,79,male,La Liga,2007/2008,2008-05-04,0.14108674928503337,0.1371527777777778
69142,963,800,163,509,434,75,male,La Liga,2008/2009,2009-03-22,0.16926272066458983,0.14734774066797643
69144,932,772,160,489,420,69,male,La Liga,2007/2008,2007-10-07,0.17167381974248927,0.1411042944785276
69145,984,815,169,523,446,77,male,La Liga,2007/2008,2007-12-15,0.1717479674796748,0.14722753346080306
69146,820,659,161,401,339,62,male,La Liga,2007/2008,2008-02-09,0.19634146341463415,0.1546134663341646
69147,814,643,171,377,307,70,male,La Liga,2008/2009,2008-08-31,0.21007371007371006,0.1856763925729443
69148,795,626,169,381,316,65,male,La Liga,2007/2008,2007-09-22,0.21257861635220127,0.17060367454068243
69149,892,753,139,414,360,54,male,La Liga,2008/2009,2008-12-06,0.15582959641255606,0.13043478260869565
69151,864,725,139,491,422,69,male,La Liga,2007/2008,2007-09-29,0.16087962962962962,0.14052953156822812
69154,796,642,154,447,373,74,male,La Liga,2006/2007,2007-02-11,0.1934673366834171,0.16554809843400448
69155,874,713,161,521,440,81,male,La Liga,2006/2007,2007-04-22,0.18421052631578946,0.15547024952015356
69156,765,596,169,310,245,65,male,La Liga,2006/2007,2007-04-29,0.22091503267973855,0.20967741935483872
69157,671,527,144,416,352,64,male,La Liga,2006/2007,2007-05-26,0.21460506706408347,0.15384615384615385
69158,839,676,163,397,324,73,male,La Liga,2007/2008,2007-10-28,0.19427890345649582,0.18387909319899245
69159,877,703,174,427,350,77,male,La Liga,2006/2007,2007-04-15,0.19840364880273662,0.18032786885245902
69160,783,620,163,350,287,63,male,La Liga,2006/2007,2007-05-05,0.2081736909323116,0.18
69162,782,636,146,418,353,65,male,La Liga,2006/2007,2007-05-13,0.1867007672634271,0.15550239234449761
69164,745,562,183,373,298,75,male,La Liga,2005/2006,2005-10-26,0.24563758389261744,0.20107238605898123
69165,769,617,152,406,342,64,male,La Liga,2006/2007,2007-06-09,0.1976592977893368,0.15763546798029557
69166,888,742,146,482,409,73,male,La Liga,2007/2008,2007-11-04,0.16441441441441443,0.15145228215767634
69169,960,828,132,492,439,53,male,La Liga,2007/2008,2007-09-02,0.1375,0.10772357723577236
69170,961,787,174,619,530,89,male,La Liga,2007/2008,2007-12-09,0.18106139438085328,0.14378029079159935
69171,860,679,181,466,393,73,male,La Liga,2008/2009,2008-11-29,0.21046511627906977,0.15665236051502146
69172,726,551,175,354,290,64,male,La Liga,2005/2006,2006-02-18,0.24104683195592286,0.1807909604519774
69173,885,685,200,428,342,86,male,La Liga,2007/2008,2008-01-20,0.22598870056497175,0.20093457943925233
69174,782,617,165,429,362,67,male,La Liga,2006/2007,2006-11-04,0.21099744245524296,0.1561771561771562
69175,801,655,146,355,304,51,male,La Liga,2006/2007,2007-03-31,0.1822721598002497,0.14366197183098592
69176,851,721,130,493,436,57,male,La Liga,2006/2007,2007-05-20,0.15276145710928318,0.11561866125760649
69177,998,818,180,584,497,87,male,La Liga,2008/2009,2009-03-15,0.18036072144288579,0.14897260273972604
69178,769,606,163,378,321,57,male,La Liga,2007/2008,2007-11-10,0.21196358907672302,0.15079365079365079
69179,939,745,194,513,422,91,male,La Liga,2006/2007,2007-04-07,0.2066027689030884,0.17738791423001948
69180,925,761,164,510,431,79,male,La Liga,2007/2008,2007-08-26,0.1772972972972973,0.15490196078431373
69181,916,737,179,500,423,77,male,La Liga,2007/2008,2008-01-27,0.19541484716157206,0.154
69182,817,661,156,396,328,68,male,La Liga,2007/2008,2008-02-16,0.1909424724602203,0.1717171717171717
69183,791,628,163,357,303,54,male,La Liga,2008/2009,2009-01-17,0.20606826801517067,0.15126050420168066
69184,843,689,154,474,393,81,male,La Liga,2007/2008,2007-11-24,0.1826809015421115,0.17088607594936708
69185,781,606,175,416,342,74,male,La Liga,2008/2009,2009-03-01,0.22407170294494239,0.1778846153846154
69186,903,755,148,522,436,86,male,La Liga,2007/2008,2008-05-17,0.1638981173864895,0.16475095785440613
69187,715,556,159,351,282,69,male,La Liga,2007/2008,2008-02-03,0.22237762237762237,0.19658119658119658
69189,818,657,161,413,335,78,male,La Liga,2008/2009,2009-01-24,0.19682151589242053,0.18886198547215496
69195,767,572,195,340,272,68,male,La Liga,2008/2009,2009-02-14,0.2542372881355932,0.2
69207,837,674,163,375,309,66,male,La Liga,2008/2009,2008-09-24,0.19474313022700118,0.176
69209,892,728,164,493,417,76,male,La Liga,2008/2009,2009-02-01,0.18385650224215247,0.15415821501014199
69211,638,506,132,330,270,60,male,La Liga,2008/2009,2008-09-27,0.20689655172413793,0.18181818181818182
69212,924,777,147,494,431,63,male,La Liga,2008/2009,2008-10-04,0.1590909090909091,0.12753036437246965
69213,786,596,190,353,277,76,male,La Liga,2009/2010,2010-04-17,0.24173027989821882,0.21529745042492918
69214,848,695,153,473,402,71,male,La Liga,2009/2010,2010-04-24,0.1804245283018868,0.15010570824524314
69215,881,695,186,380,315,65,male,La Liga,2008/2009,2008-09-13,0.21112372304199772,0.17105263157894737
69216,828,668,160,461,380,81,male,La Liga,2008/2009,2009-03-07,0.1932367149758454,0.175704989154013
69217,895,728,167,501,429,72,male,La Liga,2008/2009,2009-05-10,0.18659217877094972,0.1437125748502994
69221,1050,886,164,664,577,87,male,La Liga,2009/2010,2010-04-14,0.15619047619047619,0.13102409638554216
69222,850,678,172,487,420,67,male,La Liga,2008/2009,2009-04-11,0.2023529411764706,0.1375770020533881
69223,940,771,169,567,471,96,male,La Liga,2008/2009,2009-04-18,0.1797872340425532,0.1693121693121693
69225,781,591,190,398,328,70,male,La Liga,2008/2009,2008-12-13,0.24327784891165172,0.17587939698492464
69227,780,613,167,345,280,65,male,La Liga,2009/2010,2010-03-21,0.2141025641025641,0.18840579710144928
69228,898,687,211,404,319,85,male,La Liga,2008/2009,2008-12-21,0.23496659242761692,0.2103960396039604
69230,920,705,215,540,436,104,male,La Liga,2008/2009,2009-01-11,0.23369565217391305,0.1925925925925926
69231,910,729,181,491,409,82,male,La Liga,2008/2009,2009-02-08,0.1989010989010989,0.1670061099796334
69232,880,741,139,438,372,66,male,La Liga,2008/2009,2008-10-25,0.15795454545454546,0.1506849315068493
69233,948,797,151,578,501,77,male,La Liga,2009/2010,2010-02-20,0.15928270042194093,0.13321799307958476
69235,530,273,257,247,146,101,male,La Liga,2008/2009,2008-11-01,0.4849056603773585,0.4089068825910931
69240,919,776,143,501,435,66,male,La Liga,2009/2010,2010-02-06,0.15560391730141457,0.1317365269461078
69247,968,794,174,617,514,103,male,La Liga,2009/2010,2010-04-03,0.1797520661157025,0.16693679092382496
69249,926,752,174,518,437,81,male,La Liga,2008/2009,2009-05-02,0.1879049676025918,0.15637065637065636
69251,707,505,202,303,227,76,male,La Liga,2008/2009,2009-04-25,0.2857142857142857,0.2508250825082508
69254,1029,869,160,530,457,73,male,La Liga,2009/2010,2009-09-22,0.1554907677356657,0.13773584905660377
69262,903,722,181,485,404,81,male,La Liga,2009/2010,2009-11-29,0.20044296788482835,0.1670103092783505
69267,820,622,198,366,278,88,male,La Liga,2009/2010,2009-12-02,0.24146341463414633,0.24043715846994534
69273,815,620,195,289,228,61,male,La Liga,2008/2009,2009-04-04,0.2392638036809816,0.21107266435986158
69279,851,667,184,567,462,105,male,La Liga,2008/2009,2008-11-08,0.21621621621621623,0.18518518518518517
69285,791,619,172,398,309,89,male,La Liga,2008/2009,2008-11-16,0.21744627054361568,0.2236180904522613
69288,811,618,193,375,290,85,male,La Liga,2009/2010,2009-11-21,0.2379778051787916,0.22666666666666666
69292,956,786,170,469,390,79,male,La Liga,2009/2010,2009-09-19,0.17782426778242677,0.16844349680170576
68313,728,539,189,422,325,97,male,La Liga,2004/2005,2004-10-24,0.25961538461538464,0.22985781990521326
68314,805,641,164,368,298,70,male,La Liga,2004/2005,2004-12-04,0.20372670807453416,0.19021739130434784
68315,749,569,180,426,340,86,male,La Liga,2004/2005,2004-12-21,0.24032042723631508,0.20187793427230047
68316,861,706,155,487,418,69,male,La Liga,2004/2005,2005-05-01,0.1800232288037166,0.14168377823408623
68317,763,563,200,333,266,67,male,La Liga,2005/2006,2005-10-01,0.2621231979030144,0.2012012012012012
68319,813,632,181,337,276,61,male,La Liga,2005/2006,2005-11-19,0.22263222632226323,0.18100890207715134
68321,889,702,187,432,361,71,male,La Liga,2005/2006,2005-12-11,0.21034870641169853,0.16435185185185186
68325,842,657,185,553,447,106,male,La Liga,2005/2006,2006-01-29,0.21971496437054633,0.19168173598553345
68342,729,543,186,333,254,79,male,La Liga,2005/2006,2006-01-15,0.2551440329218107,0.23723723723723725
68348,648,461,187,296,226,70,male,La Liga,2005/2006,2006-01-07,0.28858024691358025,0.23648648648648649
68350,718,520,198,352,271,81,male,La Liga,2005/2006,2006-02-05,0.2757660167130919,0.23011363636363635
68351,864,674,190,410,333,77,male,La Liga,2005/2006,2006-02-25,0.2199074074074074,0.1878048780487805
68352,883,719,164,478,404,74,male,La Liga,2004/2005,2005-04-17,0.1857304643261608,0.15481171548117154
68353,658,481,177,282,229,53,male,La Liga,2004/2005,2004-10-16,0.2689969604863222,0.1879432624113475
68354,823,674,149,402,330,72,male,La Liga,2005/2006,2005-11-27,0.181044957472661,0.1791044776119403
69153,739,507,232,346,262,84,male,La Liga,2004/2005,2004-12-11,0.31393775372124494,0.24277456647398843
3910934,830,679,151,488,415,73,female,Liga F,2023/2024,2023-09-30,0.1819277108433735,0.14959016393442623
3910937,790,588,202,414,332,82,female,Liga F,2023/2024,2023-10-01,0.25569620253164554,0.19806763285024154
3910942,750,584,166,405,343,62,female,Liga F,2023/2024,2023-10-07,0.22133333333333333,0.15308641975308643
3910952,704,528,176,312,252,60,female,Liga F,2023/2024,2023-10-15,0.25,0.19230769230769232
3910954,897,726,171,350,300,50,female,Liga F,2023/2024,2023-10-15,0.19063545150501673,0.14285714285714285
3910956,706,476,230,406,294,112,female,Liga F,2023/2024,2023-10-22,0.32577903682719545,0.27586206896551724
3910958,791,637,154,405,351,54,female,Liga F,2023/2024,2023-10-21,0.19469026548672566,0.13333333333333333
3910968,761,554,207,464,346,118,female,Liga F,2023/2024,2023-11-05,0.2720105124835742,0.2543103448275862
3910970,765,543,222,393,306,87,female,Liga F,2023/2024,2023-11-04,0.2901960784313726,0.22137404580152673
3910971,786,635,151,391,321,70,female,Liga F,2023/2024,2023-11-11,0.1921119592875318,0.17902813299232737
3910980,838,645,193,528,426,102,female,Liga F,2023/2024,2023-11-19,0.23031026252983294,0.19318181818181818
3910984,797,615,182,413,333,80,female,Liga F,2023/2024,2023-11-19,0.22835633626097868,0.1937046004842615
3910987,907,735,172,518,442,76,female,Liga F,2023/2024,2023-11-26,0.18963616317530319,0.14671814671814673
3910991,830,630,200,491,394,97,female,Liga F,2023/2024,2023-11-25,0.24096385542168675,0.1975560081466395
3910995,795,619,176,402,323,79,female,Liga F,2023/2024,2023-12-09,0.22138364779874214,0.19651741293532338
3910996,887,709,178,466,392,74,female,Liga F,2023/2024,2023-12-10,0.20067643742953778,0.15879828326180256
3910998,765,559,206,357,273,84,female,Liga F,2023/2024,2023-12-09,0.269281045751634,0.23529411764705882
3911000,924,693,231,497,383,114,female,Liga F,2023/2024,2023-12-09,0.25,0.22937625754527163
3911002,794,578,216,430,329,101,female,Liga F,2023/2024,2023-12-10,0.27204030226700254,0.23488372093023255
3911003,788,586,202,458,370,88,female,Liga F,2023/2024,2023-12-17,0.2563451776649746,0.19213973799126638
3911004,709,520,189,358,272,86,female,Liga F,2023/2024,2023-12-17,0.26657263751763044,0.24022346368715083
3911006,777,555,222,388,303,85,female,Liga F,2023/2024,2023-12-16,0.2857142857142857,0.2190721649484536
3911009,741,518,223,388,299,89,female,Liga F,2023/2024,2023-12-16,0.300944669365722,0.22938144329896906
3911010,881,729,152,555,485,70,female,Liga F,2023/2024,2023-12-16,0.17253121452894438,0.12612612612612611
3911293,992,797,195,562,466,96,female,Liga F,2023/2024,2024-01-06,0.19657258064516128,0.1708185053380783
3911294,818,655,163,435,355,80,female,Liga F,2023/2024,2024-01-07,0.19926650366748166,0.1839080459770115
3911296,906,739,167,460,379,81,female,Liga F,2023/2024,2024-01-07,0.18432671081677704,0.17608695652173914
3911297,868,657,211,487,383,104,female,Liga F,2023/2024,2024-01-07,0.24308755760368664,0.2135523613963039
3911300,848,625,223,492,393,99,female,Liga F,2023/2024,2024-01-20,0.26297169811320753,0.20121951219512196
3911301,1054,864,190,563,479,84,female,Liga F,2023/2024,2024-01-20,0.18026565464895636,0.1492007104795737
3911302,796,589,207,399,315,84,female,Liga F,2023/2024,2024-01-21,0.2600502512562814,0.21052631578947367
3911303,773,574,199,404,320,84,female,Liga F,2023/2024,2024-01-20,0.2574385510996119,0.2079207920792079
3911305,784,553,231,460,329,131,female,Liga F,2023/2024,2024-01-21,0.29464285714285715,0.2847826086956522
3911306,1015,832,183,449,384,65,female,Liga F,2023/2024,2024-02-14,0.18029556650246306,0.1447661469933185
3911307,894,740,154,510,439,71,female,Liga F,2023/2024,2024-02-14,0.17225950782997762,0.1392156862745098
3911308,999,798,201,484,400,84,female,Liga F,2023/2024,2024-01-27,0.2012012012012012,0.17355371900826447
3911309,662,459,203,398,291,107,female,Liga F,2023/2024,2024-01-27,0.3066465256797583,0.26884422110552764
3911311,781,567,214,354,271,83,female,Liga F,2023/2024,2024-01-28,0.2740076824583867,0.2344632768361582
3911312,787,608,179,387,313,74,female,Liga F,2023/2024,2024-01-28,0.22744599745870395,0.19121447028423771
3911313,704,515,189,370,297,73,female,Liga F,2023/2024,2024-01-27,0.2684659090909091,0.1972972972972973
3911314,612,410,202,315,246,69,female,Liga F,2023/2024,2024-01-27,0.3300653594771242,0.21904761904761905
3911472,969,810,159,582,504,78,female,Liga F,2023/2024,2024-02-04,0.16408668730650156,0.13402061855670103
3911474,805,650,155,483,396,87,female,Liga F,2023/2024,2024-02-03,0.19254658385093168,0.18012422360248448
3911475,949,755,194,517,432,85,female,Liga F,2023/2024,2024-02-03,0.20442571127502634,0.1644100580270793
3911477,753,541,212,426,319,107,female,Liga F,2023/2024,2024-02-03,0.2815405046480744,0.2511737089201878
3911491,726,528,198,370,286,84,female,Liga F,2023/2024,2024-02-18,0.2727272727272727,0.22702702702702704
3911495,834,605,229,418,325,93,female,Liga F,2023/2024,2024-03-09,0.2745803357314149,0.22248803827751196
3911496,811,631,180,361,283,78,female,Liga F,2023/2024,2024-03-10,0.2219482120838471,0.21606648199445982
3911498,940,763,177,448,380,68,female,Liga F,2023/2024,2024-03-10,0.18829787234042553,0.15178571428571427
3911499,681,431,250,347,244,103,female,Liga F,2023/2024,2024-03-09,0.3671071953010279,0.2968299711815562
3911501,816,657,159,394,339,55,female,Liga F,2023/2024,2024-03-09,0.1948529411764706,0.13959390862944163
3911503,728,514,214,333,244,89,female,Liga F,2023/2024,2024-03-17,0.29395604395604397,0.2672672672672673
3911504,910,770,140,540,468,72,female,Liga F,2023/2024,2024-03-17,0.15384615384615385,0.13333333333333333
3911506,728,542,186,351,274,77,female,Liga F,2023/2024,2024-03-17,0.2554945054945055,0.21937321937321938
3911508,860,654,206,435,352,83,female,Liga F,2023/2024,2024-03-16,0.23953488372093024,0.19080459770114944
3911510,946,742,204,506,400,106,female,Liga F,2023/2024,2024-03-16,0.2156448202959831,0.20948616600790515
3911513,819,638,181,461,371,90,female,Liga F,2023/2024,2024-03-23,0.221001221001221,0.19522776572668113
3911515,1021,865,156,507,452,55,female,Liga F,2023/2024,2024-03-24,0.15279138099902057,0.10848126232741617
3911517,938,737,201,474,381,93,female,Liga F,2023/2024,2024-03-23,0.21428571428571427,0.1962025316455696
3911518,670,458,212,360,267,93,female,Liga F,2023/2024,2024-03-23,0.3164179104477612,0.25833333333333336
3911520,695,539,156,370,304,66,female,Liga F,2023/2024,2024-03-30,0.22446043165467625,0.1783783783783784
3911521,871,671,200,450,369,81,female,Liga F,2023/2024,2024-03-31,0.2296211251435132,0.18
3911523,645,432,213,323,237,86,female,Liga F,2023/2024,2024-03-31,0.3302325581395349,0.26625386996904027
3911525,758,579,179,382,319,63,female,Liga F,2023/2024,2024-03-30,0.23614775725593667,0.1649214659685864
3911526,861,658,203,508,409,99,female,Liga F,2023/2024,2024-03-30,0.23577235772357724,0.19488188976377951
3911528,912,723,189,546,443,103,female,Liga F,2023/2024,2024-04-13,0.20723684210526316,0.18864468864468864
3911529,732,539,193,370,297,73,female,Liga F,2023/2024,2024-04-13,0.26366120218579236,0.1972972972972973
3911530,674,483,191,340,264,76,female,Liga F,2023/2024,2024-04-13,0.28338278931750743,0.2235294117647059
3911532,693,521,172,403,331,72,female,Liga F,2023/2024,2024-04-14,0.2481962481962482,0.17866004962779156
3911535,771,603,168,459,382,77,female,Liga F,2023/2024,2024-04-21,0.2178988326848249,0.16775599128540306
3911536,763,576,187,426,342,84,female,Liga F,2023/2024,2024-04-20,0.24508519003931847,0.19718309859154928
3911537,816,623,193,466,377,89,female,Liga F,2023/2024,2024-04-20,0.23651960784313725,0.19098712446351931
3911538,949,754,195,561,460,101,female,Liga F,2023/2024,2024-04-20,0.2054794520547945,0.1800356506238859
3911545,686,434,252,408,282,126,female,Liga F,2023/2024,2024-04-27,0.3673469387755102,0.3088235294117647
3911549,730,582,148,402,338,64,female,Liga F,2023/2024,2024-04-27,0.20273972602739726,0.15920398009950248
3911550,774,631,143,397,348,49,female,Liga F,2023/2024,2024-04-27,0.1847545219638243,0.12342569269521411
3911551,765,604,161,398,330,68,female,Liga F,2023/2024,2024-05-04,0.21045751633986928,0.1708542713567839
3911552,762,591,171,430,345,85,female,Liga F,2023/2024,2024-05-04,0.22440944881889763,0.19767441860465115
3911556,943,758,185,558,488,70,female,Liga F,2023/2024,2024-05-04,0.19618239660657477,0.12544802867383512
3911559,756,527,229,372,275,97,female,Liga F,2023/2024,2024-05-11,0.3029100529100529,0.260752688172043
3911560,796,581,215,404,323,81,female,Liga F,2023/2024,2024-05-12,0.2701005025125628,0.2004950495049505
3911562,1188,1000,188,734,631,103,female,Liga F,2023/2024,2024-05-10,0.15824915824915825,0.14032697547683923
3911564,671,460,211,331,239,92,female,Liga F,2023/2024,2024-05-11,0.3144560357675112,0.27794561933534745
3911566,597,347,250,249,162,87,female,Liga F,2023/2024,2024-05-10,0.4187604690117253,0.3493975903614458
3911626,889,739,150,515,439,76,female,Liga F,2023/2024,2024-05-24,0.1687289088863892,0.14757281553398058
3911627,837,654,183,462,387,75,female,Liga F,2023/2024,2024-05-25,0.21863799283154123,0.16233766233766234
3911630,736,565,171,346,264,82,female,Liga F,2023/2024,2024-05-25,0.23233695652173914,0.23699421965317918
3911633,620,382,238,287,195,92,female,Liga F,2023/2024,2024-06-09,0.38387096774193546,0.3205574912891986
3911637,911,733,178,598,504,94,female,Liga F,2023/2024,2024-06-09,0.19538968166849616,0.15719063545150502
3911641,832,683,149,462,384,78,female,Liga F,2023/2024,2024-06-14,0.17908653846153846,0.16883116883116883
3911642,809,640,169,387,321,66,female,Liga F,2023/2024,2024-06-15,0.2088998763906057,0.17054263565891473
3911644,671,436,235,345,255,90,female,Liga F,2023/2024,2024-06-15,0.3502235469448584,0.2608695652173913
3911645,663,471,192,383,303,80,female,Liga F,2023/2024,2024-06-15,0.2895927601809955,0.20887728459530025
3911647,694,516,178,368,282,86,female,Liga F,2023/2024,2024-06-15,0.2564841498559078,0.23369565217391305
3910953,904,675,229,484,377,107,female,Liga F,2023/2024,2023-10-14,0.25331858407079644,0.22107438016528927
3910955,935,745,190,547,453,94,female,Liga F,2023/2024,2023-10-21,0.20320855614973263,0.17184643510054845
3910964,1169,998,171,626,537,89,female,Liga F,2023/2024,2023-11-05,0.14627887082976904,0.14217252396166133
3910965,747,547,200,368,291,77,female,Liga F,2023/2024,2023-11-04,0.2677376171352075,0.20923913043478262
3910966,843,632,211,323,259,64,female,Liga F,2023/2024,2023-11-04,0.25029655990510086,0.19814241486068113
3910967,835,635,200,400,318,82,female,Liga F,2023/2024,2023-11-04,0.23952095808383234,0.205
3910969,803,619,184,401,335,66,female,Liga F,2023/2024,2023-11-05,0.22914072229140722,0.16458852867830423
3910972,727,508,219,354,269,85,female,Liga F,2023/2024,2023-11-12,0.3012379642365887,0.2401129943502825
3910973,737,604,133,459,398,61,female,Liga F,2023/2024,2023-11-12,0.18046132971506107,0.1328976034858388
3910974,965,797,168,521,442,79,female,Liga F,2023/2024,2023-11-10,0.17409326424870467,0.15163147792706333
3910975,960,779,181,584,496,88,female,Liga F,2023/2024,2023-11-11,0.18854166666666666,0.1506849315068493
3910976,749,572,177,402,327,75,female,Liga F,2023/2024,2023-11-12,0.2363150867823765,0.1865671641791045
3910977,727,479,248,420,293,127,female,Liga F,2023/2024,2023-11-11,0.34112792297111416,0.30238095238095236
3910978,869,617,252,479,363,116,female,Liga F,2023/2024,2023-11-12,0.2899884925201381,0.24217118997912318
3910979,758,579,179,356,291,65,female,Liga F,2023/2024,2023-11-19,0.23614775725593667,0.18258426966292135
3910981,752,529,223,352,273,79,female,Liga F,2023/2024,2023-11-18,0.29654255319148937,0.22443181818181818
3910982,720,441,279,375,252,123,female,Liga F,2023/2024,2023-11-18,0.3875,0.328
3910983,923,712,211,565,460,105,female,Liga F,2023/2024,2023-11-18,0.228602383531961,0.18584070796460178
3910985,712,501,211,362,265,97,female,Liga F,2023/2024,2023-11-18,0.29634831460674155,0.26795580110497236
3910986,1056,926,130,595,534,61,female,Liga F,2023/2024,2023-11-19,0.12310606060606061,0.10252100840336134
3910988,853,619,234,447,350,97,female,Liga F,2023/2024,2023-11-26,0.27432590855803046,0.21700223713646533
3910989,755,563,192,365,282,83,female,Liga F,2023/2024,2023-11-26,0.2543046357615894,0.2273972602739726
3910990,695,510,185,352,273,79,female,Liga F,2023/2024,2023-11-25,0.26618705035971224,0.22443181818181818
3910992,913,699,214,518,409,109,female,Liga F,2023/2024,2023-11-25,0.2343921139101862,0.21042471042471042
3910993,647,425,222,268,186,82,female,Liga F,2023/2024,2023-11-25,0.34312210200927357,0.30597014925373134
3910994,1185,977,208,735,626,109,female,Liga F,2023/2024,2023-11-26,0.17552742616033756,0.14829931972789115
3910997,744,548,196,445,348,97,female,Liga F,2023/2024,2023-12-10,0.26344086021505375,0.21797752808988763
3910999,801,616,185,440,356,84,female,Liga F,2023/2024,2023-12-10,0.23096129837702872,0.19090909090909092
3911001,949,756,193,499,408,91,female,Liga F,2023/2024,2023-12-09,0.20337197049525815,0.18236472945891782
3911005,1046,891,155,548,484,64,female,Liga F,2023/2024,2023-12-16,0.14818355640535372,0.11678832116788321
3911007,847,697,150,518,434,84,female,Liga F,2023/2024,2023-12-17,0.1770956316410862,0.16216216216216217
3911008,1007,836,171,604,523,81,female,Liga F,2023/2024,2023-12-17,0.16981132075471697,0.13410596026490065
3911292,922,743,179,499,420,79,female,Liga F,2023/2024,2024-01-07,0.19414316702819956,0.15831663326653306
3911295,895,666,229,477,385,92,female,Liga F,2023/2024,2024-01-06,0.2558659217877095,0.1928721174004193
3911298,723,474,249,341,248,93,female,Liga F,2023/2024,2024-01-07,0.34439834024896265,0.2727272727272727
3911299,682,470,212,354,269,85,female,Liga F,2023/2024,2024-01-07,0.31085043988269795,0.2401129943502825
3911304,804,573,231,418,309,109,female,Liga F,2023/2024,2024-01-21,0.2873134328358209,0.2607655502392344
3911310,854,630,224,510,399,111,female,Liga F,2023/2024,2024-01-28,0.26229508196721313,0.21764705882352942
3911315,1021,857,164,606,526,80,female,Liga F,2023/2024,2024-01-28,0.16062683643486778,0.132013201320132
3911471,940,755,185,511,429,82,female,Liga F,2023/2024,2024-02-03,0.19680851063829788,0.16046966731898238
3911473,698,520,178,344,269,75,female,Liga F,2023/2024,2024-02-03,0.25501432664756446,0.2180232558139535
3911476,924,693,231,544,427,117,female,Liga F,2023/2024,2024-02-04,0.25,0.21507352941176472
3911478,657,468,189,355,267,88,female,Liga F,2023/2024,2024-02-04,0.2876712328767123,0.24788732394366197
3911479,745,552,193,423,343,80,female,Liga F,2023/2024,2024-02-10,0.25906040268456376,0.18912529550827423
3911480,711,526,185,309,232,77,female,Liga F,2023/2024,2024-02-10,0.26019690576652604,0.24919093851132687
3911481,752,537,215,424,328,96,female,Liga F,2023/2024,2024-02-11,0.2859042553191489,0.22641509433962265
3911482,1163,968,195,758,637,121,female,Liga F,2023/2024,2024-02-10,0.16766981943250214,0.15963060686015831
3911483,948,721,227,515,418,97,female,Liga F,2023/2024,2024-02-11,0.23945147679324894,0.1883495145631068
3911484,919,785,134,454,392,62,female,Liga F,2023/2024,2024-02-11,0.1458106637649619,0.13656387665198239
3911485,970,756,214,376,305,71,female,Liga F,2023/2024,2024-02-11,0.22061855670103092,0.18882978723404256
3911486,810,619,191,384,308,76,female,Liga F,2023/2024,2024-02-11,0.23580246913580247,0.19791666666666666
3911487,855,697,158,564,472,92,female,Liga F,2023/2024,2024-02-18,0.1847953216374269,0.16312056737588654
3911488,857,674,183,482,398,84,female,Liga F,2023/2024,2024-02-17,0.21353558926487748,0.17427385892116182
3911489,1084,895,189,707,593,114,female,Liga F,2023/2024,2024-02-18,0.17435424354243542,0.16124469589816123
3911490,641,433,208,339,247,92,female,Liga F,2023/2024,2024-02-17,0.3244929797191888,0.2713864306784661
3911492,819,596,223,408,312,96,female,Liga F,2023/2024,2024-02-18,0.27228327228327226,0.23529411764705882
3911493,873,657,216,479,399,80,female,Liga F,2023/2024,2024-02-17,0.24742268041237114,0.16701461377870563
3911494,670,455,215,343,256,87,female,Liga F,2023/2024,2024-02-17,0.3208955223880597,0.2536443148688047
3911497,790,564,226,415,316,99,female,Liga F,2023/2024,2024-03-10,0.28607594936708863,0.2385542168674699
3911500,708,552,156,378,302,76,female,Liga F,2023/2024,2024-03-10,0.22033898305084745,0.20105820105820105
3911502,639,445,194,255,196,59,female,Liga F,2023/2024,2024-03-09,0.30359937402190923,0.23137254901960785
3911505,794,620,174,421,350,71,female,Liga F,2023/2024,2024-03-17,0.21914357682619648,0.16864608076009502
3911507,768,615,153,356,301,55,female,Liga F,2023/2024,2024-03-16,0.19921875,0.1544943820224719
3911509,853,633,220,465,371,94,female,Liga F,2023/2024,2024-03-16,0.25791324736225085,0.2021505376344086
3911511,742,481,261,339,234,105,female,Liga F,2023/2024,2024-03-24,0.35175202156334234,0.30973451327433627
3911512,902,668,234,439,340,99,female,Liga F,2023/2024,2024-03-24,0.25942350332594233,0.2255125284738041
3911514,808,602,206,433,349,84,female,Liga F,2023/2024,2024-03-24,0.25495049504950495,0.19399538106235567
3911516,675,438,237,364,255,109,female,Liga F,2023/2024,2024-03-23,0.3511111111111111,0.29945054945054944
3911519,949,751,198,522,438,84,female,Liga F,2023/2024,2024-03-31,0.20864067439409906,0.16091954022988506
3911522,599,374,225,352,246,106,female,Liga F,2023/2024,2024-03-30,0.3756260434056761,0.30113636363636365
3911524,1184,1010,174,678,603,75,female,Liga F,2023/2024,2024-03-31,0.14695945945945946,0.11061946902654868
3911527,822,681,141,396,348,48,female,Liga F,2023/2024,2024-04-14,0.17153284671532848,0.12121212121212122
3911531,831,673,158,410,342,68,female,Liga F,2023/2024,2024-04-14,0.1901323706377858,0.16585365853658537
3911533,663,465,198,348,259,89,female,Liga F,2023/2024,2024-04-14,0.2986425339366516,0.2557471264367816
3911534,660,414,246,293,201,92,female,Liga F,2023/2024,2024-04-13,0.37272727272727274,0.31399317406143346
3911539,913,741,172,538,463,75,female,Liga F,2023/2024,2024-04-24,0.18838992332968238,0.13940520446096655
3911540,710,517,193,331,255,76,female,Liga F,2023/2024,2024-04-21,0.271830985915493,0.229607250755287
3911541,712,464,248,386,271,115,female,Liga F,2023/2024,2024-04-20,0.34831460674157305,0.2979274611398964
3911542,761,582,179,418,341,77,female,Liga F,2023/2024,2024-04-21,0.2352168199737188,0.18421052631578946
3911543,1193,1020,173,576,494,82,female,Liga F,2023/2024,2024-05-01,0.14501257334450965,0.1423611111111111
3911544,761,575,186,395,305,90,female,Liga F,2023/2024,2024-04-27,0.24441524310118265,0.22784810126582278
3911546,865,676,189,503,413,90,female,Liga F,2023/2024,2024-04-28,0.2184971098265896,0.17892644135188868
3911547,844,674,170,433,367,66,female,Liga F,2023/2024,2024-04-28,0.2014218009478673,0.15242494226327943
3911548,839,651,188,372,297,75,female,Liga F,2023/2024,2024-04-28,0.22407628128724671,0.20161290322580644
3911553,868,698,170,464,406,58,female,Liga F,2023/2024,2024-05-05,0.195852534562212,0.125
3911554,886,730,156,500,428,72,female,Liga F,2023/2024,2024-05-05,0.17607223476297967,0.144
3911555,623,468,155,342,283,59,female,Liga F,2023/2024,2024-05-05,0.24879614767255218,0.17251461988304093
3911557,714,483,231,345,259,86,female,Liga F,2023/2024,2024-05-05,0.3235294117647059,0.2492753623188406
3911558,697,505,192,385,299,86,female,Liga F,2023/2024,2024-05-04,0.27546628407460544,0.22337662337662337
3911561,742,550,192,380,293,87,female,Liga F,2023/2024,2024-05-12,0.2587601078167116,0.22894736842105262
3911563,705,559,146,263,216,47,female,Liga F,2023/2024,2024-05-11,0.20709219858156028,0.17870722433460076
3911565,790,555,235,507,398,109,female,Liga F,2023/2024,2024-05-12,0.2974683544303797,0.21499013806706113
3911625,914,771,143,467,411,56,female,Liga F,2023/2024,2024-05-24,0.15645514223194748,0.11991434689507495
3911628,805,633,172,438,362,76,female,Liga F,2023/2024,2024-05-26,0.21366459627329193,0.1735159817351598
3911629,1067,880,187,563,489,74,female,Liga F,2023/2024,2024-05-14,0.17525773195876287,0.13143872113676733
3911631,844,679,165,467,391,76,female,Liga F,2023/2024,2024-05-26,0.19549763033175355,0.16274089935760172
3911632,750,572,178,344,278,66,female,Liga F,2023/2024,2024-05-26,0.23733333333333334,0.19186046511627908
3911634,800,645,155,483,411,72,female,Liga F,2023/2024,2024-06-09,0.19375,0.14906832298136646
3911635,761,551,210,447,337,110,female,Liga F,2023/2024,2024-06-09,0.2759526938239159,0.24608501118568232
3911636,988,811,177,567,492,75,female,Liga F,2023/2024,2024-06-09,0.1791497975708502,0.13227513227513227
3911638,933,712,221,446,360,86,female,Liga F,2023/2024,2024-06-09,0.23687031082529475,0.19282511210762332
3911639,823,610,213,468,376,92,female,Liga F,2023/2024,2024-06-09,0.25880923450789795,0.19658119658119658
3911640,741,522,219,348,259,89,female,Liga F,2023/2024,2024-06-09,0.29554655870445345,0.2557471264367816
3911643,946,797,149,554,481,73,female,Liga F,2023/2024,2024-06-16,0.15750528541226216,0.13176895306859207
3911646,689,513,176,321,260,61,female,Liga F,2023/2024,2024-06-15,0.25544267053701014,0.19003115264797507
3911648,903,743,160,572,481,91,female,Liga F,2023/2024,2024-06-16,0.17718715393134,0.1590909090909091
3802643,1049,917,132,462,396,66,male,Ligue 1,2021/2022,2022-04-29,0.12583412774070543,0.14285714285714285
3802665,1046,921,125,555,491,64,male,Ligue 1,2021/2022,2022-05-14,0.11950286806883365,0.11531531531531532
3802676,1079,949,130,380,338,42,male,Ligue 1,2021/2022,2022-04-23,0.12048192771084337,0.11052631578947368
3802683,1020,872,148,577,506,71,male,Ligue 1,2021/2022,2021-12-12,0.1450980392156863,0.12305025996533796
3802685,1079,930,149,550,480,70,male,Ligue 1,2021/2022,2021-12-04,0.1380908248378128,0.12727272727272726
3802690,1005,863,142,406,343,63,male,Ligue 1,2021/2022,2021-12-22,0.14129353233830846,0.15517241379310345
3802696,1071,914,157,557,478,79,male,Ligue 1,2021/2022,2021-08-29,0.1465919701213819,0.14183123877917414
3802699,940,834,106,467,423,44,male,Ligue 1,2021/2022,2021-10-29,0.1127659574468085,0.09421841541755889
3802709,972,843,129,519,464,55,male,Ligue 1,2021/2022,2022-02-26,0.13271604938271606,0.10597302504816955
3802752,938,820,118,489,441,48,male,Ligue 1,2021/2022,2021-09-19,0.1257995735607676,0.09815950920245399
3802802,1208,1066,142,702,626,76,male,Ligue 1,2021/2022,2022-01-23,0.11754966887417219,0.10826210826210826
3802805,1134,1025,109,700,636,64,male,Ligue 1,2021/2022,2022-03-05,0.09611992945326278,0.09142857142857143
3802809,909,763,146,453,379,74,male,Ligue 1,2021/2022,2021-10-03,0.16061606160616063,0.16335540838852097
3802818,1062,932,130,470,417,53,male,Ligue 1,2021/2022,2022-04-03,0.1224105461393597,0.1127659574468085
3802837,980,857,123,469,413,56,male,Ligue 1,2021/2022,2021-11-28,0.12551020408163266,0.11940298507462686
3802902,1009,877,132,474,428,46,male,Ligue 1,2021/2022,2021-10-24,0.13082259663032705,0.0970464135021097
3802904,1078,944,134,534,464,70,male,Ligue 1,2021/2022,2022-03-13,0.12430426716141002,0.13108614232209737
3802907,1023,910,113,479,435,44,male,Ligue 1,2021/2022,2022-02-06,0.1104594330400782,0.0918580375782881
3802930,956,842,114,404,359,45,male,Ligue 1,2021/2022,2022-05-08,0.1192468619246862,0.11138613861386139
3802948,974,858,116,499,442,57,male,Ligue 1,2021/2022,2022-05-21,0.11909650924024641,0.11422845691382766
3802983,1096,985,111,519,476,43,male,Ligue 1,2021/2022,2022-04-17,0.10127737226277372,0.08285163776493257
3802984,1148,1036,112,636,579,57,male,Ligue 1,2021/2022,2021-11-20,0.0975609756097561,0.08962264150943396
3803000,1094,985,109,463,417,46,male,Ligue 1,2021/2022,2022-04-09,0.09963436928702012,0.09935205183585313
3837650,1087,942,145,518,452,66,male,Ligue 1,2022/2023,2022-08-06,0.13339466421343146,0.1274131274131274
3837659,1030,921,109,488,440,48,male,Ligue 1,2022/2023,2022-08-13,0.10582524271844661,0.09836065573770492
3837662,1125,1010,115,599,540,59,male,Ligue 1,2022/2023,2022-08-21,0.10222222222222223,0.09849749582637729
3837680,1018,896,122,645,580,65,male,Ligue 1,2022/2023,2022-08-28,0.11984282907662082,0.10077519379844961
3837683,945,834,111,466,425,41,male,Ligue 1,2022/2023,2022-08-31,0.11746031746031746,0.08798283261802575
3837695,1153,1012,141,661,598,63,male,Ligue 1,2022/2023,2022-09-03,0.1222896790980052,0.09531013615733737
3837706,1078,941,137,569,504,65,male,Ligue 1,2022/2023,2022-09-10,0.12708719851576994,0.11423550087873462
3837717,1195,1069,126,631,569,62,male,Ligue 1,2022/2023,2022-09-18,0.10543933054393305,0.098256735340729
3837727,1150,1013,137,583,524,59,male,Ligue 1,2022/2023,2022-10-01,0.1191304347826087,0.10120068610634649
3837747,1006,908,98,569,521,48,male,Ligue 1,2022/2023,2022-10-16,0.09741550695825049,0.0843585237258348
3837752,1012,866,146,533,465,68,male,Ligue 1,2022/2023,2022-10-21,0.1442687747035573,0.1275797373358349
3837771,989,877,112,449,404,45,male,Ligue 1,2022/2023,2022-10-29,0.11324570273003033,0.10022271714922049
3837785,1100,951,149,613,539,74,male,Ligue 1,2022/2023,2022-11-13,0.13545454545454547,0.12071778140293637
3837818,1243,1131,112,744,686,58,male,Ligue 1,2022/2023,2023-01-11,0.09010458567980692,0.07795698924731183
3837827,1010,886,124,458,411,47,male,Ligue 1,2022/2023,2023-01-15,0.12277227722772277,0.10262008733624454
3837839,1186,1033,153,669,588,81,male,Ligue 1,2022/2023,2023-01-29,0.12900505902192244,0.1210762331838565
3837844,1035,869,166,629,539,90,male,Ligue 1,2022/2023,2023-02-01,0.1603864734299517,0.14308426073131955
3837859,1021,882,139,517,450,67,male,Ligue 1,2022/2023,2023-02-04,0.13614103819784526,0.12959381044487428
3837876,941,823,118,551,482,69,male,Ligue 1,2022/2023,2023-02-19,0.12539851222104145,0.12522686025408347
3837885,859,714,145,400,346,54,male,Ligue 1,2022/2023,2023-02-26,0.16880093131548313,0.135
3837896,1108,986,122,555,497,58,male,Ligue 1,2022/2023,2023-03-04,0.11010830324909747,0.1045045045045045
3837902,981,850,131,471,429,42,male,Ligue 1,2022/2023,2023-03-11,0.13353720693170235,0.08917197452229299
3837918,1044,920,124,450,405,45,male,Ligue 1,2022/2023,2023-03-19,0.11877394636015326,0.1
3837928,1094,932,162,532,467,65,male,Ligue 1,2022/2023,2023-04-02,0.1480804387568556,0.12218045112781954
3837938,1293,1161,132,536,469,67,male,Ligue 1,2022/2023,2023-04-08,0.10208816705336426,0.125
3837947,1148,1042,106,495,459,36,male,Ligue 1,2022/2023,2023-04-15,0.09233449477351917,0.07272727272727272
3837954,1284,1166,118,734,680,54,male,Ligue 1,2022/2023,2023-04-21,0.09190031152647975,0.07356948228882834
3837963,1089,974,115,626,572,54,male,Ligue 1,2022/2023,2023-04-30,0.10560146923783287,0.08626198083067092
3837987,1010,887,123,503,445,58,male,Ligue 1,2022/2023,2023-05-13,0.12178217821782178,0.11530815109343936
3837998,1174,1053,121,540,482,58,male,Ligue 1,2022/2023,2023-05-21,0.1030664395229983,0.10740740740740741
3838004,1078,999,79,584,549,35,male,Ligue 1,2022/2023,2023-05-27,0.07328385899814471,0.059931506849315065
3838017,1007,895,112,544,498,46,male,Ligue 1,2022/2023,2023-06-03,0.1112214498510427,0.08455882352941177
3910736,654,497,157,364,294,70,female,Liga F,2023/2024,2023-10-04,0.2400611620795107,0.19230769230769232
3910737,833,670,163,451,370,81,female,Liga F,2023/2024,2023-10-04,0.19567827130852342,0.17960088691796008
3910738,811,614,197,362,290,72,female,Liga F,2023/2024,2023-10-04,0.24290998766954378,0.19889502762430938
3910739,862,671,191,486,383,103,female,Liga F,2023/2024,2023-10-04,0.22157772621809746,0.21193415637860083
3910740,1046,883,163,592,516,76,female,Liga F,2023/2024,2023-10-05,0.15583173996175909,0.12837837837837837
3910741,856,632,224,475,376,99,female,Liga F,2023/2024,2023-10-04,0.2616822429906542,0.20842105263157895
3910742,884,632,252,503,375,128,female,Liga F,2023/2024,2023-10-05,0.2850678733031674,0.2544731610337972
3910743,875,682,193,468,372,96,female,Liga F,2023/2024,2023-10-03,0.22057142857142858,0.20512820512820512
3910744,888,701,187,571,465,106,female,Liga F,2023/2024,2023-09-15,0.21058558558558557,0.18563922942206654
3910745,726,521,205,459,359,100,female,Liga F,2023/2024,2023-09-16,0.28236914600550966,0.2178649237472767
3910746,901,731,170,572,490,82,female,Liga F,2023/2024,2023-09-16,0.18867924528301888,0.14335664335664336
3910747,571,374,197,238,178,60,female,Liga F,2023/2024,2023-09-16,0.3450087565674256,0.25210084033613445
3910748,1001,815,186,526,440,86,female,Liga F,2023/2024,2023-09-16,0.18581418581418582,0.1634980988593156
3910749,689,431,258,338,234,104,female,Liga F,2023/2024,2023-09-17,0.37445573294629897,0.3076923076923077
3910750,961,772,189,506,420,86,female,Liga F,2023/2024,2023-09-17,0.19667013527575442,0.16996047430830039
3910751,758,556,202,423,336,87,female,Liga F,2023/2024,2023-09-17,0.26649076517150394,0.20567375886524822
3910931,714,536,178,361,285,76,female,Liga F,2023/2024,2023-09-30,0.24929971988795518,0.21052631578947367
3910932,787,584,203,338,261,77,female,Liga F,2023/2024,2023-09-30,0.2579415501905972,0.22781065088757396
3910933,897,735,162,476,407,69,female,Liga F,2023/2024,2023-09-30,0.1806020066889632,0.14495798319327732
3910935,907,738,169,471,396,75,female,Liga F,2023/2024,2023-10-01,0.18632855567805953,0.1592356687898089
3910936,942,736,206,438,349,89,female,Liga F,2023/2024,2023-10-01,0.21868365180467092,0.20319634703196346
3910938,791,559,232,425,329,96,female,Liga F,2023/2024,2023-10-01,0.29329962073324906,0.22588235294117648
3910939,789,587,202,432,343,89,female,Liga F,2023/2024,2023-10-08,0.25602027883396705,0.20601851851851852
3910940,770,489,281,343,235,108,female,Liga F,2023/2024,2023-10-08,0.36493506493506495,0.31486880466472306
3910941,860,654,206,417,330,87,female,Liga F,2023/2024,2023-10-09,0.23953488372093024,0.20863309352517986
3910943,1104,938,166,647,556,91,female,Liga F,2023/2024,2023-10-08,0.1503623188405797,0.14064914992272023
3910944,958,806,152,533,470,63,female,Liga F,2023/2024,2023-10-08,0.15866388308977036,0.11819887429643527
3910945,845,664,181,420,341,79,female,Liga F,2023/2024,2023-10-07,0.21420118343195266,0.1880952380952381
3910946,798,612,186,418,344,74,female,Liga F,2023/2024,2023-10-09,0.23308270676691728,0.17703349282296652
3910947,819,625,194,415,348,67,female,Liga F,2023/2024,2023-10-14,0.23687423687423687,0.1614457831325301
3910948,743,576,167,449,365,84,female,Liga F,2023/2024,2023-10-14,0.22476446837146702,0.1870824053452116
3910949,859,663,196,575,456,119,female,Liga F,2023/2024,2023-10-14,0.2281722933643772,0.20695652173913043
3910950,895,654,241,455,340,115,female,Liga F,2023/2024,2023-10-15,0.26927374301675977,0.25274725274725274
3910951,823,657,166,517,426,91,female,Liga F,2023/2024,2023-10-15,0.20170109356014582,0.1760154738878143
3910957,804,621,183,283,228,55,female,Liga F,2023/2024,2023-10-22,0.22761194029850745,0.19434628975265017
3910959,656,420,236,330,226,104,female,Liga F,2023/2024,2023-10-21,0.3597560975609756,0.3151515151515151
3910960,795,605,190,374,303,71,female,Liga F,2023/2024,2023-10-21,0.2389937106918239,0.18983957219251338
3910961,855,654,201,353,282,71,female,Liga F,2023/2024,2023-10-22,0.23508771929824562,0.20113314447592068
3910962,796,604,192,376,303,73,female,Liga F,2023/2024,2023-10-22,0.24120603015075376,0.19414893617021275
3910963,738,542,196,366,288,78,female,Liga F,2023/2024,2023-11-05,0.26558265582655827,0.21311475409836064
3802793,1041,886,155,441,369,72,male,Ligue 1,2021/2022,2021-12-01,0.148895292987512,0.16326530612244897
3802795,1071,942,129,594,530,64,male,Ligue 1,2021/2022,2022-02-11,0.12044817927170869,0.10774410774410774
3802839,961,837,124,528,471,57,male,Ligue 1,2021/2022,2022-02-19,0.12903225806451613,0.10795454545454546
3829414,746,548,198,365,288,77,male,Ligue 1,2015/2016,2015-08-08,0.26541554959785524,0.21095890410958903
3829441,928,793,135,391,343,48,male,Ligue 1,2015/2016,2015-08-23,0.14547413793103448,0.12276214833759591
3829444,791,623,168,406,334,72,male,Ligue 1,2015/2016,2015-08-29,0.21238938053097345,0.17733990147783252
3829461,929,798,131,456,399,57,male,Ligue 1,2015/2016,2015-09-13,0.14101184068891282,0.125
3829470,878,662,216,571,457,114,male,Ligue 1,2015/2016,2015-09-20,0.2460136674259681,0.19964973730297722
3829472,896,739,157,369,317,52,male,Ligue 1,2015/2016,2015-09-20,0.17522321428571427,0.14092140921409213
3829499,707,480,227,317,229,88,male,Ligue 1,2015/2016,2015-10-04,0.32107496463932106,0.277602523659306
3829509,859,676,183,382,306,76,male,Ligue 1,2015/2016,2015-10-18,0.21303841676367868,0.19895287958115182
3900507,909,702,207,525,418,107,male,Ligue 1,2015/2016,2015-11-08,0.22772277227722773,0.2038095238095238
3900527,749,561,188,346,278,68,male,Ligue 1,2015/2016,2015-11-29,0.25100133511348466,0.19653179190751446
3900528,850,680,170,469,396,73,male,Ligue 1,2015/2016,2015-11-29,0.2,0.15565031982942432
3900533,953,708,245,523,406,117,male,Ligue 1,2015/2016,2015-12-02,0.2570828961175236,0.2237093690248566
3900541,789,580,209,437,353,84,male,Ligue 1,2015/2016,2015-12-05,0.26489226869455007,0.19221967963386727
3900559,917,730,187,428,343,85,male,Ligue 1,2015/2016,2015-12-13,0.2039258451472192,0.1985981308411215
3900562,1011,828,183,553,461,92,male,Ligue 1,2015/2016,2015-12-19,0.18100890207715134,0.16636528028933092
3900577,865,691,174,431,348,83,male,Ligue 1,2015/2016,2016-01-10,0.20115606936416186,0.1925754060324826
3900587,789,606,183,295,232,63,male,Ligue 1,2015/2016,2016-01-17,0.23193916349809887,0.2135593220338983
3900589,810,589,221,438,342,96,male,Ligue 1,2015/2016,2016-01-17,0.27283950617283953,0.2191780821917808
3900591,1287,1118,169,808,716,92,male,Ligue 1,2015/2016,2016-01-23,0.13131313131313133,0.11386138613861387
3900594,787,571,216,348,268,80,male,Ligue 1,2015/2016,2016-01-23,0.2744599745870394,0.22988505747126436
3900596,834,621,213,474,382,92,male,Ligue 1,2015/2016,2016-01-23,0.25539568345323743,0.1940928270042194
3900601,785,569,216,406,313,93,male,Ligue 1,2015/2016,2016-01-30,0.2751592356687898,0.229064039408867
3900608,853,687,166,468,408,60,male,Ligue 1,2015/2016,2016-01-31,0.19460726846424384,0.1282051282051282
3900629,1056,889,167,650,563,87,male,Ligue 1,2015/2016,2016-02-07,0.1581439393939394,0.13384615384615384
3901150,816,632,184,446,364,82,male,Ligue 1,2015/2016,2016-02-21,0.22549019607843138,0.18385650224215247
3901152,920,711,209,486,395,91,male,Ligue 1,2015/2016,2016-02-21,0.22717391304347825,0.18724279835390947
3901162,829,612,217,467,374,93,male,Ligue 1,2015/2016,2016-03-04,0.2617611580217129,0.19914346895074947
3901166,1118,898,220,664,550,114,male,Ligue 1,2015/2016,2016-03-05,0.1967799642218247,0.1716867469879518
3901168,716,527,189,410,326,84,male,Ligue 1,2015/2016,2016-03-05,0.2639664804469274,0.2048780487804878
3901169,956,749,207,538,434,104,male,Ligue 1,2015/2016,2016-03-06,0.21652719665271966,0.19330855018587362
3901170,981,786,195,614,513,101,male,Ligue 1,2015/2016,2016-03-06,0.19877675840978593,0.16449511400651465
3901178,943,758,185,464,383,81,male,Ligue 1,2015/2016,2016-03-12,0.19618239660657477,0.17456896551724138
3901182,955,740,215,577,472,105,male,Ligue 1,2015/2016,2016-03-13,0.225130890052356,0.18197573656845753
3901184,980,805,175,546,480,66,male,Ligue 1,2015/2016,2016-03-18,0.17857142857142858,0.12087912087912088
3901188,808,597,211,426,334,92,male,Ligue 1,2015/2016,2016-03-19,0.26113861386138615,0.215962441314554
3901190,826,620,206,431,353,78,male,Ligue 1,2015/2016,2016-03-19,0.24939467312348668,0.18097447795823665
3901199,935,725,210,445,358,87,male,Ligue 1,2015/2016,2016-04-02,0.22459893048128343,0.19550561797752808
3901204,1055,831,224,725,595,130,male,Ligue 1,2015/2016,2016-04-08,0.2123222748815166,0.1793103448275862
3901205,955,716,239,644,524,120,male,Ligue 1,2015/2016,2016-04-09,0.25026178010471206,0.18633540372670807
3901206,830,597,233,330,250,80,male,Ligue 1,2015/2016,2016-04-09,0.28072289156626506,0.24242424242424243
3901207,773,541,232,422,340,82,male,Ligue 1,2015/2016,2016-04-09,0.3001293661060802,0.1943127962085308
3901208,1032,856,176,517,439,78,male,Ligue 1,2015/2016,2016-04-09,0.17054263565891473,0.15087040618955513
3901209,820,590,230,470,363,107,male,Ligue 1,2015/2016,2016-04-09,0.2804878048780488,0.2276595744680851
3901210,841,644,197,413,338,75,male,Ligue 1,2015/2016,2016-04-09,0.2342449464922711,0.18159806295399517
3901211,894,706,188,410,326,84,male,Ligue 1,2015/2016,2016-04-10,0.21029082774049218,0.2048780487804878
3901212,801,638,163,532,442,90,male,Ligue 1,2015/2016,2016-04-10,0.2034956304619226,0.16917293233082706
3901213,940,762,178,521,443,78,male,Ligue 1,2015/2016,2016-04-10,0.18936170212765957,0.14971209213051823
3901214,898,737,161,449,390,59,male,Ligue 1,2015/2016,2016-04-15,0.17928730512249444,0.13140311804008908
3901215,848,661,187,393,311,82,male,Ligue 1,2015/2016,2016-04-16,0.2205188679245283,0.20865139949109415
3901216,1051,883,168,591,521,70,male,Ligue 1,2015/2016,2016-04-16,0.1598477640342531,0.11844331641285956
3901217,666,498,168,324,259,65,male,Ligue 1,2015/2016,2016-04-16,0.25225225225225223,0.2006172839506173
3901218,895,741,154,509,434,75,male,Ligue 1,2015/2016,2016-04-16,0.17206703910614526,0.14734774066797643
3901219,911,659,252,473,368,105,male,Ligue 1,2015/2016,2016-04-16,0.27661909989023054,0.2219873150105708
3901220,820,582,238,476,368,108,male,Ligue 1,2015/2016,2016-04-16,0.29024390243902437,0.226890756302521
3901221,865,677,188,496,405,91,male,Ligue 1,2015/2016,2016-04-17,0.21734104046242775,0.18346774193548387
3901222,880,667,213,483,389,94,male,Ligue 1,2015/2016,2016-04-17,0.24204545454545454,0.19461697722567287
3901223,865,640,225,263,214,49,male,Ligue 1,2015/2016,2016-04-17,0.26011560693641617,0.18631178707224336
3901224,1047,846,201,635,532,103,male,Ligue 1,2015/2016,2016-04-22,0.19197707736389685,0.16220472440944883
3901225,758,540,218,360,286,74,male,Ligue 1,2015/2016,2016-04-23,0.287598944591029,0.20555555555555555
3901226,887,726,161,489,410,79,male,Ligue 1,2015/2016,2016-04-24,0.18151071025930102,0.16155419222903886
3901227,817,605,212,483,376,107,male,Ligue 1,2015/2016,2016-04-24,0.2594859241126071,0.22153209109730848
3901228,974,811,163,575,495,80,male,Ligue 1,2015/2016,2016-04-24,0.1673511293634497,0.1391304347826087
3901229,880,681,199,474,377,97,male,Ligue 1,2015/2016,2016-04-24,0.22613636363636364,0.20464135021097046
3901230,755,524,231,377,274,103,male,Ligue 1,2015/2016,2016-04-24,0.30596026490066225,0.27320954907161804
3901231,873,629,244,403,311,92,male,Ligue 1,2015/2016,2016-04-24,0.27949599083619703,0.228287841191067
3901232,982,797,185,485,405,80,male,Ligue 1,2015/2016,2016-04-27,0.18839103869653767,0.16494845360824742
3901233,1208,1046,162,711,617,94,male,Ligue 1,2015/2016,2016-04-29,0.13410596026490065,0.13220815752461323
3901234,790,582,208,390,304,86,male,Ligue 1,2015/2016,2016-04-30,0.26329113924050634,0.2205128205128205
3901235,959,762,197,464,383,81,male,Ligue 1,2015/2016,2016-04-30,0.205422314911366,0.17456896551724138
3901236,965,785,180,551,466,85,male,Ligue 1,2015/2016,2016-04-30,0.18652849740932642,0.1542649727767695
3901237,682,447,235,283,195,88,male,Ligue 1,2015/2016,2016-04-30,0.34457478005865105,0.31095406360424027
3901238,775,604,171,412,334,78,male,Ligue 1,2015/2016,2016-04-30,0.22064516129032258,0.18932038834951456
3901240,1005,825,180,527,443,84,male,Ligue 1,2015/2016,2016-04-30,0.1791044776119403,0.15939278937381404
3901241,952,712,240,542,431,111,male,Ligue 1,2015/2016,2016-04-30,0.25210084033613445,0.2047970479704797
3901242,832,627,205,473,380,93,male,Ligue 1,2015/2016,2016-05-01,0.24639423076923078,0.19661733615221988
3901243,860,664,196,386,315,71,male,Ligue 1,2015/2016,2016-05-07,0.22790697674418606,0.18393782383419688
3901244,737,525,212,396,315,81,male,Ligue 1,2015/2016,2016-05-07,0.2876526458616011,0.20454545454545456
3901245,940,770,170,466,397,69,male,Ligue 1,2015/2016,2016-05-07,0.18085106382978725,0.148068669527897
3901246,940,742,198,467,377,90,male,Ligue 1,2015/2016,2016-05-07,0.21063829787234042,0.19271948608137046
3901247,1120,948,172,599,522,77,male,Ligue 1,2015/2016,2016-05-07,0.15357142857142858,0.1285475792988314
3901248,887,689,198,449,367,82,male,Ligue 1,2015/2016,2016-05-07,0.22322435174746336,0.18262806236080179
3901249,1030,857,173,594,508,86,male,Ligue 1,2015/2016,2016-05-07,0.1679611650485437,0.1447811447811448
3901250,822,665,157,432,369,63,male,Ligue 1,2015/2016,2016-05-07,0.19099756690997566,0.14583333333333334
3901251,837,660,177,397,325,72,male,Ligue 1,2015/2016,2016-05-07,0.2114695340501792,0.181360201511335
3901252,855,714,141,359,310,49,male,Ligue 1,2015/2016,2016-05-07,0.1649122807017544,0.13649025069637882
3901253,1127,926,201,603,518,85,male,Ligue 1,2015/2016,2016-05-11,0.17834960070984915,0.14096185737976782
3901254,844,691,153,383,318,65,male,Ligue 1,2015/2016,2016-05-14,0.18127962085308058,0.16971279373368145
3901255,615,377,238,239,171,68,male,Ligue 1,2015/2016,2016-05-14,0.38699186991869916,0.28451882845188287
3901256,944,746,198,503,424,79,male,Ligue 1,2015/2016,2016-05-14,0.2097457627118644,0.15705765407554673
3901257,824,631,193,494,405,89,male,Ligue 1,2015/2016,2016-05-14,0.2342233009708738,0.18016194331983806
3901258,1084,912,172,720,624,96,male,Ligue 1,2015/2016,2016-05-14,0.15867158671586715,0.13333333333333333
3901259,1075,889,186,688,592,96,male,Ligue 1,2015/2016,2016-05-14,0.17302325581395347,0.13953488372093023
3901260,954,718,236,563,458,105,male,Ligue 1,2015/2016,2016-05-14,0.24737945492662475,0.18650088809946713
3901261,1055,900,155,648,561,87,male,Ligue 1,2015/2016,2016-05-14,0.14691943127962084,0.13425925925925927
3901262,936,712,224,530,435,95,male,Ligue 1,2015/2016,2016-05-14,0.23931623931623933,0.1792452830188679
3901263,879,691,188,545,448,97,male,Ligue 1,2015/2016,2016-05-14,0.21387940841865757,0.1779816513761468
3829416,816,651,165,440,365,75,male,Ligue 1,2015/2016,2015-08-08,0.20220588235294118,0.17045454545454544
3829459,959,757,202,471,373,98,male,Ligue 1,2015/2016,2015-09-12,0.21063607924921793,0.208067940552017
3829478,880,683,197,569,456,113,male,Ligue 1,2015/2016,2015-09-23,0.22386363636363638,0.19859402460456943
3829479,901,665,236,426,331,95,male,Ligue 1,2015/2016,2015-09-23,0.2619311875693674,0.22300469483568075
3829518,686,481,205,299,226,73,male,Ligue 1,2015/2016,2015-10-25,0.2988338192419825,0.24414715719063546
3829519,1208,1031,177,584,512,72,male,Ligue 1,2015/2016,2015-10-25,0.14652317880794702,0.1232876712328767
3900530,932,745,187,524,430,94,male,Ligue 1,2015/2016,2015-12-01,0.20064377682403434,0.17938931297709923
3900531,1018,779,239,549,450,99,male,Ligue 1,2015/2016,2015-12-01,0.23477406679764243,0.18032786885245902
3900532,1020,847,173,585,503,82,male,Ligue 1,2015/2016,2015-12-01,0.1696078431372549,0.14017094017094017
3900534,864,602,262,508,380,128,male,Ligue 1,2015/2016,2015-12-02,0.30324074074074076,0.25196850393700787
3900535,647,453,194,277,213,64,male,Ligue 1,2015/2016,2015-12-02,0.29984544049459044,0.23104693140794225
3900536,843,629,214,506,400,106,male,Ligue 1,2015/2016,2015-12-02,0.2538552787663108,0.20948616600790515
3900537,888,717,171,507,418,89,male,Ligue 1,2015/2016,2015-12-02,0.19256756756756757,0.1755424063116371
3900538,704,527,177,412,334,78,male,Ligue 1,2015/2016,2015-12-02,0.25142045454545453,0.18932038834951456
3900539,880,698,182,450,379,71,male,Ligue 1,2015/2016,2015-12-03,0.20681818181818182,0.15777777777777777
3900540,1149,987,162,735,651,84,male,Ligue 1,2015/2016,2015-12-04,0.1409921671018277,0.11428571428571428
3900544,890,650,240,408,309,99,male,Ligue 1,2015/2016,2015-12-05,0.2696629213483146,0.2426470588235294
3900545,987,816,171,568,488,80,male,Ligue 1,2015/2016,2015-12-05,0.17325227963525835,0.14084507042253522
3900546,755,521,234,383,273,110,male,Ligue 1,2015/2016,2015-12-05,0.30993377483443707,0.28720626631853785
3900547,862,694,168,484,401,83,male,Ligue 1,2015/2016,2015-12-06,0.19489559164733178,0.17148760330578514
3900548,856,629,227,395,310,85,male,Ligue 1,2015/2016,2015-12-06,0.2651869158878505,0.21518987341772153
3900549,875,667,208,420,338,82,male,Ligue 1,2015/2016,2015-12-06,0.2377142857142857,0.19523809523809524
3900567,854,656,198,410,336,74,male,Ligue 1,2015/2016,2015-12-20,0.23185011709601874,0.18048780487804877
3900568,873,621,252,481,373,108,male,Ligue 1,2015/2016,2015-12-20,0.28865979381443296,0.22453222453222454
3900570,1148,981,167,574,502,72,male,Ligue 1,2015/2016,2016-01-08,0.14547038327526132,0.1254355400696864
3900582,875,602,273,403,306,97,male,Ligue 1,2015/2016,2016-01-16,0.312,0.24069478908188585
3900583,960,737,223,548,447,101,male,Ligue 1,2015/2016,2016-01-16,0.23229166666666667,0.1843065693430657
3900584,859,629,230,528,411,117,male,Ligue 1,2015/2016,2016-01-16,0.26775320139697323,0.2215909090909091
3900585,1118,936,182,643,550,93,male,Ligue 1,2015/2016,2016-01-16,0.16279069767441862,0.14463452566096424
3900586,773,556,217,398,310,88,male,Ligue 1,2015/2016,2016-01-16,0.2807244501940492,0.22110552763819097
3900588,931,737,194,593,497,96,male,Ligue 1,2015/2016,2016-01-17,0.2083780880773362,0.16188870151770657
3900590,923,712,211,498,400,98,male,Ligue 1,2015/2016,2016-01-22,0.228602383531961,0.19678714859437751
3900592,969,722,247,511,404,107,male,Ligue 1,2015/2016,2016-01-23,0.2549019607843137,0.20939334637964774
3900593,902,701,201,563,466,97,male,Ligue 1,2015/2016,2016-01-23,0.22283813747228381,0.17229129662522202
3900595,1078,914,164,595,519,76,male,Ligue 1,2015/2016,2016-01-23,0.15213358070500926,0.12773109243697478
3900597,872,667,205,466,366,100,male,Ligue 1,2015/2016,2016-01-24,0.23509174311926606,0.2145922746781116
3900598,749,552,197,399,309,90,male,Ligue 1,2015/2016,2016-01-24,0.2630173564753004,0.22556390977443608
3900599,889,645,244,428,332,96,male,Ligue 1,2015/2016,2016-01-24,0.2744656917885264,0.22429906542056074
3900600,855,674,181,413,340,73,male,Ligue 1,2015/2016,2016-01-29,0.21169590643274855,0.17675544794188863
3900602,812,629,183,405,339,66,male,Ligue 1,2015/2016,2016-01-30,0.22536945812807882,0.16296296296296298
3900603,789,576,213,434,350,84,male,Ligue 1,2015/2016,2016-01-30,0.26996197718631176,0.1935483870967742
3900604,908,723,185,427,351,76,male,Ligue 1,2015/2016,2016-01-30,0.20374449339207049,0.17798594847775176
3900605,841,631,210,390,298,92,male,Ligue 1,2015/2016,2016-01-30,0.2497027348394768,0.2358974358974359
3900606,1014,805,209,669,556,113,male,Ligue 1,2015/2016,2016-01-30,0.20611439842209073,0.16890881913303438
3900609,988,808,180,669,572,97,male,Ligue 1,2015/2016,2016-01-31,0.18218623481781376,0.14499252615844543
3900616,827,610,217,328,257,71,male,Ligue 1,2015/2016,2016-02-03,0.2623941958887545,0.21646341463414634
3900617,774,582,192,365,290,75,male,Ligue 1,2015/2016,2016-02-03,0.24806201550387597,0.2054794520547945
3900624,1001,807,194,476,405,71,male,Ligue 1,2015/2016,2016-02-06,0.1938061938061938,0.14915966386554622
3900625,943,752,191,517,431,86,male,Ligue 1,2015/2016,2016-02-06,0.20254506892895016,0.16634429400386846
3900627,759,560,199,291,226,65,male,Ligue 1,2015/2016,2016-02-07,0.2621870882740448,0.22336769759450173
3900628,881,687,194,478,401,77,male,Ligue 1,2015/2016,2016-02-07,0.22020431328036322,0.16108786610878661
3900633,748,506,242,394,294,100,male,Ligue 1,2015/2016,2016-02-13,0.3235294117647059,0.25380710659898476
3900636,903,734,169,530,445,85,male,Ligue 1,2015/2016,2016-02-13,0.18715393133997785,0.16037735849056603
3901144,1017,801,216,656,539,117,male,Ligue 1,2015/2016,2016-02-19,0.21238938053097345,0.17835365853658536
3901145,891,656,235,463,357,106,male,Ligue 1,2015/2016,2016-02-20,0.26374859708193044,0.22894168466522677
3901146,1104,933,171,584,492,92,male,Ligue 1,2015/2016,2016-02-20,0.15489130434782608,0.15753424657534246
3901147,847,594,253,400,308,92,male,Ligue 1,2015/2016,2016-02-20,0.2987012987012987,0.23
3901148,761,581,180,469,379,90,male,Ligue 1,2015/2016,2016-02-20,0.23653088042049936,0.19189765458422176
3901149,1016,830,186,580,487,93,male,Ligue 1,2015/2016,2016-02-20,0.1830708661417323,0.16034482758620688
3901151,727,541,186,410,324,86,male,Ligue 1,2015/2016,2016-02-21,0.2558459422283356,0.2097560975609756
3901153,855,667,188,411,336,75,male,Ligue 1,2015/2016,2016-02-26,0.2198830409356725,0.18248175182481752
3901154,975,801,174,512,432,80,male,Ligue 1,2015/2016,2016-02-27,0.17846153846153845,0.15625
3901155,836,645,191,406,336,70,male,Ligue 1,2015/2016,2016-02-27,0.2284688995215311,0.1724137931034483
3901156,786,615,171,453,366,87,male,Ligue 1,2015/2016,2016-02-27,0.21755725190839695,0.19205298013245034
3901157,826,644,182,449,374,75,male,Ligue 1,2015/2016,2016-02-27,0.22033898305084745,0.16703786191536749
3901158,973,755,218,535,428,107,male,Ligue 1,2015/2016,2016-02-27,0.22404933196300103,0.2
3901159,901,740,161,514,422,92,male,Ligue 1,2015/2016,2016-02-28,0.17869034406215317,0.17898832684824903
3901160,842,643,199,514,430,84,male,Ligue 1,2015/2016,2016-02-28,0.23634204275534443,0.16342412451361868
3901161,829,607,222,385,294,91,male,Ligue 1,2015/2016,2016-02-28,0.2677925211097708,0.23636363636363636
3901163,1095,899,196,566,488,78,male,Ligue 1,2015/2016,2016-03-05,0.17899543378995433,0.13780918727915195
3901164,844,615,229,439,328,111,male,Ligue 1,2015/2016,2016-03-05,0.2713270142180095,0.2528473804100228
3901165,949,749,200,494,406,88,male,Ligue 1,2015/2016,2016-03-05,0.2107481559536354,0.17813765182186234
3901167,842,641,201,500,408,92,male,Ligue 1,2015/2016,2016-03-05,0.23871733966745842,0.184
3901171,882,711,171,528,439,89,male,Ligue 1,2015/2016,2016-03-06,0.19387755102040816,0.16856060606060605
3901172,789,551,238,444,351,93,male,Ligue 1,2015/2016,2016-03-09,0.30164765525982257,0.20945945945945946
3901173,701,469,232,310,232,78,male,Ligue 1,2015/2016,2016-03-09,0.3309557774607703,0.25161290322580643
3901174,852,631,221,490,384,106,male,Ligue 1,2015/2016,2016-03-11,0.25938967136150237,0.2163265306122449
3901175,1030,842,188,635,538,97,male,Ligue 1,2015/2016,2016-03-12,0.1825242718446602,0.15275590551181104
3901176,767,551,216,382,292,90,male,Ligue 1,2015/2016,2016-03-12,0.2816166883963494,0.2356020942408377
3901177,877,653,224,503,404,99,male,Ligue 1,2015/2016,2016-03-12,0.2554161915621437,0.19681908548707752
3901179,829,605,224,450,344,106,male,Ligue 1,2015/2016,2016-03-12,0.27020506634499397,0.23555555555555555
3901180,860,679,181,503,423,80,male,Ligue 1,2015/2016,2016-03-12,0.21046511627906977,0.15904572564612326
3901181,777,580,197,336,253,83,male,Ligue 1,2015/2016,2016-03-13,0.25353925353925355,0.24702380952380953
3901183,1079,933,146,485,432,53,male,Ligue 1,2015/2016,2016-03-13,0.13531047265987026,0.10927835051546392
3901185,849,647,202,498,392,106,male,Ligue 1,2015/2016,2016-03-19,0.23792697290930506,0.21285140562248997
3901186,962,744,218,541,430,111,male,Ligue 1,2015/2016,2016-03-19,0.22661122661122662,0.20517560073937152
3901187,769,575,194,425,341,84,male,Ligue 1,2015/2016,2016-03-19,0.25227568270481143,0.1976470588235294
3901189,869,604,265,479,371,108,male,Ligue 1,2015/2016,2016-03-19,0.3049482163406214,0.2254697286012526
3901191,1058,847,211,538,439,99,male,Ligue 1,2015/2016,2016-03-20,0.1994328922495274,0.18401486988847585
3901192,886,707,179,496,416,80,male,Ligue 1,2015/2016,2016-03-20,0.2020316027088036,0.16129032258064516
3901193,1126,965,161,648,566,82,male,Ligue 1,2015/2016,2016-03-20,0.14298401420959148,0.12654320987654322
3901194,825,600,225,435,337,98,male,Ligue 1,2015/2016,2016-04-01,0.2727272727272727,0.22528735632183908
3901195,822,586,236,513,384,129,male,Ligue 1,2015/2016,2016-04-02,0.2871046228710462,0.25146198830409355
3901196,1153,1006,147,784,695,89,male,Ligue 1,2015/2016,2016-04-02,0.12749349522983522,0.11352040816326531
3901197,746,551,195,314,249,65,male,Ligue 1,2015/2016,2016-04-02,0.2613941018766756,0.2070063694267516
3901198,930,730,200,516,416,100,male,Ligue 1,2015/2016,2016-04-02,0.21505376344086022,0.1937984496124031
3901200,742,471,271,379,268,111,male,Ligue 1,2015/2016,2016-04-02,0.36522911051212936,0.2928759894459103
3901201,740,586,154,388,325,63,male,Ligue 1,2015/2016,2016-04-03,0.20810810810810812,0.16237113402061856
3901202,1019,802,217,532,430,102,male,Ligue 1,2015/2016,2016-04-03,0.2129538763493621,0.19172932330827067
3901203,892,653,239,548,424,124,male,Ligue 1,2015/2016,2016-04-03,0.2679372197309417,0.22627737226277372
3829413,835,688,147,432,367,65,male,Ligue 1,2015/2016,2015-08-07,0.17604790419161676,0.15046296296296297
3829428,988,749,239,602,477,125,male,Ligue 1,2015/2016,2015-08-15,0.24190283400809717,0.20764119601328904
3829433,1058,904,154,609,542,67,male,Ligue 1,2015/2016,2015-08-21,0.14555765595463138,0.11001642036124795
3829438,986,786,200,511,424,87,male,Ligue 1,2015/2016,2015-08-22,0.2028397565922921,0.17025440313111545
3829439,838,665,173,349,280,69,male,Ligue 1,2015/2016,2015-08-22,0.2064439140811456,0.1977077363896848
3829445,927,797,130,462,411,51,male,Ligue 1,2015/2016,2015-08-29,0.14023732470334413,0.11038961038961038
3829454,707,535,172,406,324,82,male,Ligue 1,2015/2016,2015-09-12,0.24328147100424327,0.2019704433497537
3829466,786,613,173,362,295,67,male,Ligue 1,2015/2016,2015-09-19,0.22010178117048346,0.1850828729281768
3829469,862,695,167,436,370,66,male,Ligue 1,2015/2016,2015-09-20,0.1937354988399072,0.15137614678899083
3829495,998,767,231,544,437,107,male,Ligue 1,2015/2016,2015-10-03,0.23146292585170342,0.19669117647058823
3829496,792,620,172,400,339,61,male,Ligue 1,2015/2016,2015-10-03,0.21717171717171718,0.1525
3829510,999,827,172,507,435,72,male,Ligue 1,2015/2016,2015-10-18,0.17217217217217218,0.14201183431952663
3829512,896,695,201,432,340,92,male,Ligue 1,2015/2016,2015-10-23,0.22433035714285715,0.21296296296296297
3829513,735,521,214,311,246,65,male,Ligue 1,2015/2016,2015-10-23,0.291156462585034,0.2090032154340836
3829514,792,619,173,409,345,64,male,Ligue 1,2015/2016,2015-10-24,0.21843434343434343,0.15647921760391198
3829522,925,725,200,542,453,89,male,Ligue 1,2015/2016,2015-11-04,0.21621621621621623,0.16420664206642066
3900490,1150,973,177,711,609,102,male,Ligue 1,2015/2016,2015-10-30,0.15391304347826087,0.14345991561181434
3900491,742,552,190,364,296,68,male,Ligue 1,2015/2016,2015-10-31,0.2560646900269542,0.18681318681318682
3900492,780,636,144,468,401,67,male,Ligue 1,2015/2016,2015-10-31,0.18461538461538463,0.14316239316239315
3900493,981,805,176,588,505,83,male,Ligue 1,2015/2016,2015-10-31,0.17940876656472987,0.141156462585034
3900494,798,554,244,466,348,118,male,Ligue 1,2015/2016,2015-10-31,0.3057644110275689,0.2532188841201717
3900495,752,507,245,444,332,112,male,Ligue 1,2015/2016,2015-10-31,0.3257978723404255,0.25225225225225223
3900496,774,576,198,356,277,79,male,Ligue 1,2015/2016,2015-10-31,0.2558139534883721,0.22191011235955055
3900497,786,584,202,341,265,76,male,Ligue 1,2015/2016,2015-11-01,0.25699745547073793,0.22287390029325513
3900498,916,716,200,439,357,82,male,Ligue 1,2015/2016,2015-11-01,0.2183406113537118,0.1867881548974943
3900499,848,656,192,424,335,89,male,Ligue 1,2015/2016,2015-11-01,0.22641509433962265,0.2099056603773585
3900500,1052,836,216,655,547,108,male,Ligue 1,2015/2016,2015-11-06,0.20532319391634982,0.1648854961832061
3900501,1084,966,118,616,561,55,male,Ligue 1,2015/2016,2015-11-07,0.1088560885608856,0.08928571428571429
3900502,1007,844,163,613,530,83,male,Ligue 1,2015/2016,2015-11-07,0.1618669314796425,0.13539967373572595
3900503,816,622,194,407,321,86,male,Ligue 1,2015/2016,2015-11-07,0.23774509803921567,0.2113022113022113
3900504,893,678,215,444,358,86,male,Ligue 1,2015/2016,2015-11-07,0.24076147816349383,0.19369369369369369
3900505,763,538,225,383,298,85,male,Ligue 1,2015/2016,2015-11-07,0.2948885976408912,0.22193211488250653
3900506,870,646,224,493,406,87,male,Ligue 1,2015/2016,2015-11-07,0.2574712643678161,0.17647058823529413
3900508,837,674,163,336,276,60,male,Ligue 1,2015/2016,2015-11-08,0.19474313022700118,0.17857142857142858
3900509,669,493,176,287,224,63,male,Ligue 1,2015/2016,2015-11-08,0.26307922272047835,0.21951219512195122
3900510,1150,951,199,737,634,103,male,Ligue 1,2015/2016,2015-11-20,0.17304347826086958,0.13975576662143827
3900511,1111,923,188,560,484,76,male,Ligue 1,2015/2016,2015-11-21,0.1692169216921692,0.1357142857142857
3900512,850,655,195,527,424,103,male,Ligue 1,2015/2016,2015-11-21,0.22941176470588234,0.1954459203036053
3900513,845,656,189,457,378,79,male,Ligue 1,2015/2016,2015-11-21,0.22366863905325443,0.17286652078774617
3900514,717,551,166,345,279,66,male,Ligue 1,2015/2016,2015-11-21,0.2315202231520223,0.19130434782608696
3900515,880,671,209,506,413,93,male,Ligue 1,2015/2016,2015-11-21,0.2375,0.18379446640316205
3900516,901,707,194,473,388,85,male,Ligue 1,2015/2016,2015-11-22,0.2153163152053274,0.17970401691331925
3900518,966,790,176,546,465,81,male,Ligue 1,2015/2016,2015-11-22,0.18219461697722567,0.14835164835164835
3900519,861,655,206,475,389,86,male,Ligue 1,2015/2016,2015-11-22,0.23925667828106853,0.18105263157894738
3900520,899,720,179,451,372,79,male,Ligue 1,2015/2016,2015-11-27,0.19911012235817574,0.17516629711751663
3900521,1098,919,179,620,532,88,male,Ligue 1,2015/2016,2015-11-28,0.16302367941712204,0.14193548387096774
3900522,1089,902,187,658,551,107,male,Ligue 1,2015/2016,2015-11-28,0.1717171717171717,0.16261398176291794
3900523,862,671,191,539,438,101,male,Ligue 1,2015/2016,2015-11-28,0.22157772621809746,0.18738404452690166
3900524,1043,822,221,633,523,110,male,Ligue 1,2015/2016,2015-11-28,0.21188878235858102,0.17377567140600317
3900525,824,639,185,424,347,77,male,Ligue 1,2015/2016,2015-11-28,0.22451456310679613,0.18160377358490565
3900526,877,679,198,485,395,90,male,Ligue 1,2015/2016,2015-11-28,0.22576966932725198,0.18556701030927836
3900529,609,424,185,288,218,70,male,Ligue 1,2015/2016,2015-11-29,0.30377668308702793,0.24305555555555555
3900542,725,508,217,361,268,93,male,Ligue 1,2015/2016,2015-12-05,0.2993103448275862,0.25761772853185594
3900543,939,756,183,557,472,85,male,Ligue 1,2015/2016,2015-12-05,0.19488817891373802,0.1526032315978456
3900550,863,686,177,451,383,68,male,Ligue 1,2015/2016,2015-12-11,0.20509849362688296,0.15077605321507762
3900551,955,780,175,554,470,84,male,Ligue 1,2015/2016,2015-12-12,0.18324607329842932,0.15162454873646208
3900552,864,666,198,380,299,81,male,Ligue 1,2015/2016,2015-12-12,0.22916666666666666,0.2131578947368421
3900553,1003,803,200,579,485,94,male,Ligue 1,2015/2016,2015-12-12,0.19940179461615154,0.16234887737478412
3900554,789,609,180,385,315,70,male,Ligue 1,2015/2016,2015-12-12,0.22813688212927757,0.18181818181818182
3900555,787,589,198,434,338,96,male,Ligue 1,2015/2016,2015-12-12,0.25158831003811943,0.22119815668202766
3900556,957,749,208,467,388,79,male,Ligue 1,2015/2016,2015-12-13,0.2173458725182863,0.16916488222698073
3900557,1011,833,178,544,457,87,male,Ligue 1,2015/2016,2015-12-13,0.17606330365974282,0.15992647058823528
3900558,743,547,196,436,351,85,male,Ligue 1,2015/2016,2015-12-13,0.26379542395693134,0.19495412844036697
3900560,917,748,169,441,362,79,male,Ligue 1,2015/2016,2015-12-18,0.18429661941112324,0.17913832199546487
3900561,809,601,208,340,269,71,male,Ligue 1,2015/2016,2015-12-19,0.25710754017305315,0.2088235294117647
3900563,783,594,189,446,353,93,male,Ligue 1,2015/2016,2015-12-19,0.2413793103448276,0.2085201793721973
3900564,778,568,210,345,266,79,male,Ligue 1,2015/2016,2015-12-19,0.2699228791773779,0.2289855072463768
3900565,833,622,211,439,341,98,male,Ligue 1,2015/2016,2015-12-19,0.2533013205282113,0.22323462414578588
3900566,843,620,223,466,361,105,male,Ligue 1,2015/2016,2015-12-19,0.26453143534994067,0.22532188841201717
3900569,800,639,161,417,348,69,male,Ligue 1,2015/2016,2015-12-20,0.20125,0.16546762589928057
3900571,951,746,205,571,463,108,male,Ligue 1,2015/2016,2016-01-09,0.21556256572029442,0.18914185639229422
3900572,899,654,245,464,364,100,male,Ligue 1,2015/2016,2016-01-09,0.2725250278086763,0.21551724137931033
3900573,871,673,198,520,416,104,male,Ligue 1,2015/2016,2016-01-09,0.22732491389207807,0.2
3900574,992,828,164,492,419,73,male,Ligue 1,2015/2016,2016-01-09,0.16532258064516128,0.1483739837398374
3900575,781,561,220,389,304,85,male,Ligue 1,2015/2016,2016-01-09,0.28169014084507044,0.2185089974293059
3900576,928,716,212,611,499,112,male,Ligue 1,2015/2016,2016-01-09,0.22844827586206898,0.18330605564648117
3900578,828,644,184,386,312,74,male,Ligue 1,2015/2016,2016-01-10,0.2222222222222222,0.19170984455958548
3900579,734,537,197,384,305,79,male,Ligue 1,2015/2016,2016-01-10,0.2683923705722071,0.20572916666666666
3900580,989,805,184,572,477,95,male,Ligue 1,2015/2016,2016-01-15,0.18604651162790697,0.1660839160839161
3900581,926,735,191,520,424,96,male,Ligue 1,2015/2016,2016-01-16,0.20626349892008639,0.18461538461538463
3900610,872,685,187,442,370,72,male,Ligue 1,2015/2016,2016-02-02,0.21444954128440366,0.16289592760180996
3900611,1017,780,237,576,469,107,male,Ligue 1,2015/2016,2016-02-02,0.23303834808259588,0.1857638888888889
3900612,930,726,204,446,360,86,male,Ligue 1,2015/2016,2016-02-03,0.21935483870967742,0.19282511210762332
3900613,1043,832,211,556,471,85,male,Ligue 1,2015/2016,2016-02-03,0.20230105465004794,0.1528776978417266
3900614,851,640,211,488,377,111,male,Ligue 1,2015/2016,2016-02-03,0.24794359576968272,0.22745901639344263
3900615,865,680,185,469,374,95,male,Ligue 1,2015/2016,2016-02-03,0.2138728323699422,0.2025586353944563
3900618,1168,985,183,675,589,86,male,Ligue 1,2015/2016,2016-02-03,0.1566780821917808,0.1274074074074074
3900619,879,669,210,558,442,116,male,Ligue 1,2015/2016,2016-02-04,0.23890784982935154,0.2078853046594982
3900620,730,520,210,413,308,105,male,Ligue 1,2015/2016,2016-02-06,0.2876712328767123,0.2542372881355932
3900621,824,617,207,376,294,82,male,Ligue 1,2015/2016,2016-02-06,0.2512135922330097,0.21808510638297873
3900622,883,683,200,553,451,102,male,Ligue 1,2015/2016,2016-02-06,0.22650056625141562,0.1844484629294756
3900623,1009,784,225,649,523,126,male,Ligue 1,2015/2016,2016-02-06,0.22299306243805747,0.1941448382126348
3900626,787,566,221,393,303,90,male,Ligue 1,2015/2016,2016-02-06,0.28081321473951715,0.22900763358778625
3900630,890,701,189,385,312,73,male,Ligue 1,2015/2016,2016-02-12,0.21235955056179776,0.18961038961038962
3900631,920,695,225,564,449,115,male,Ligue 1,2015/2016,2016-02-13,0.24456521739130435,0.20390070921985815
3900632,741,542,199,360,283,77,male,Ligue 1,2015/2016,2016-02-13,0.26855600539811064,0.21388888888888888
3900634,953,761,192,505,404,101,male,Ligue 1,2015/2016,2016-02-13,0.20146904512067157,0.2
3900635,769,585,184,425,333,92,male,Ligue 1,2015/2016,2016-02-13,0.23927178153446033,0.2164705882352941
3900637,973,770,203,591,497,94,male,Ligue 1,2015/2016,2016-02-14,0.20863309352517986,0.15905245346869712
3900638,838,654,184,443,371,72,male,Ligue 1,2015/2016,2016-02-14,0.21957040572792363,0.16252821670428894
3900639,726,493,233,330,242,88,male,Ligue 1,2015/2016,2016-02-14,0.3209366391184573,0.26666666666666666
3829415,741,543,198,364,291,73,male,Ligue 1,2015/2016,2015-08-08,0.26720647773279355,0.20054945054945056
3829417,885,689,196,525,435,90,male,Ligue 1,2015/2016,2015-08-08,0.2214689265536723,0.17142857142857143
3829418,838,658,180,461,379,82,male,Ligue 1,2015/2016,2015-08-08,0.21479713603818615,0.17787418655097614
3829419,813,637,176,368,292,76,male,Ligue 1,2015/2016,2015-08-08,0.21648216482164823,0.20652173913043478
3829420,844,649,195,353,286,67,male,Ligue 1,2015/2016,2015-08-09,0.23104265402843602,0.18980169971671387
3829421,882,709,173,557,461,96,male,Ligue 1,2015/2016,2015-08-09,0.1961451247165533,0.17235188509874327
3829422,1014,865,149,568,489,79,male,Ligue 1,2015/2016,2015-08-09,0.14694280078895464,0.13908450704225353
3829423,804,617,187,385,310,75,male,Ligue 1,2015/2016,2015-08-14,0.2325870646766169,0.19480519480519481
3829424,753,525,228,317,234,83,male,Ligue 1,2015/2016,2015-08-15,0.30278884462151395,0.2618296529968454
3829425,928,706,222,442,353,89,male,Ligue 1,2015/2016,2015-08-15,0.23922413793103448,0.20135746606334842
3829426,737,530,207,405,314,91,male,Ligue 1,2015/2016,2015-08-15,0.2808683853459973,0.22469135802469137
3829427,991,861,130,510,462,48,male,Ligue 1,2015/2016,2015-08-15,0.1311806256306761,0.09411764705882353
3829429,932,712,220,567,461,106,male,Ligue 1,2015/2016,2015-08-15,0.23605150214592274,0.18694885361552027
3829430,794,609,185,382,312,70,male,Ligue 1,2015/2016,2015-08-16,0.23299748110831234,0.18324607329842932
3829431,927,721,206,543,437,106,male,Ligue 1,2015/2016,2015-08-16,0.2222222222222222,0.19521178637200737
3829432,1091,927,164,549,480,69,male,Ligue 1,2015/2016,2015-08-16,0.15032080659945005,0.12568306010928962
3829434,789,595,194,447,354,93,male,Ligue 1,2015/2016,2015-08-22,0.2458808618504436,0.2080536912751678
3829435,879,735,144,412,362,50,male,Ligue 1,2015/2016,2015-08-22,0.16382252559726962,0.12135922330097088
3829436,988,807,181,627,532,95,male,Ligue 1,2015/2016,2015-08-22,0.18319838056680163,0.15151515151515152
3829437,799,587,212,437,346,91,male,Ligue 1,2015/2016,2015-08-22,0.26533166458072593,0.20823798627002288
3829440,881,683,198,572,464,108,male,Ligue 1,2015/2016,2015-08-23,0.22474460839954596,0.1888111888111888
3829442,697,537,160,371,309,62,male,Ligue 1,2015/2016,2015-08-23,0.22955523672883787,0.16711590296495957
3829443,755,589,166,369,309,60,male,Ligue 1,2015/2016,2015-08-28,0.21986754966887417,0.16260162601626016
3829446,873,688,185,498,420,78,male,Ligue 1,2015/2016,2015-08-29,0.21191294387170675,0.1566265060240964
3829447,737,575,162,357,305,52,male,Ligue 1,2015/2016,2015-08-29,0.2198100407055631,0.14565826330532214
3829448,840,688,152,494,420,74,male,Ligue 1,2015/2016,2015-08-29,0.18095238095238095,0.14979757085020243
3829449,812,617,195,348,282,66,male,Ligue 1,2015/2016,2015-08-29,0.24014778325123154,0.1896551724137931
3829450,1121,971,150,704,617,87,male,Ligue 1,2015/2016,2015-08-30,0.13380909901873328,0.12357954545454546
3829451,833,655,178,440,365,75,male,Ligue 1,2015/2016,2015-08-30,0.21368547418967587,0.17045454545454544
3829452,812,662,150,332,281,51,male,Ligue 1,2015/2016,2015-08-30,0.18472906403940886,0.1536144578313253
3829453,973,799,174,530,464,66,male,Ligue 1,2015/2016,2015-09-11,0.17882836587872558,0.12452830188679245
3829455,830,642,188,484,397,87,male,Ligue 1,2015/2016,2015-09-12,0.22650602409638554,0.1797520661157025
3829456,1036,830,206,557,458,99,male,Ligue 1,2015/2016,2015-09-12,0.19884169884169883,0.17773788150807898
3829457,813,621,192,461,370,91,male,Ligue 1,2015/2016,2015-09-12,0.23616236162361623,0.19739696312364424
3829458,907,704,203,480,401,79,male,Ligue 1,2015/2016,2015-09-12,0.22381477398015434,0.16458333333333333
3829460,843,662,181,504,417,87,male,Ligue 1,2015/2016,2015-09-13,0.2147093712930012,0.17261904761904762
3829462,692,504,188,430,346,84,male,Ligue 1,2015/2016,2015-09-13,0.27167630057803466,0.19534883720930232
3829463,702,525,177,361,288,73,male,Ligue 1,2015/2016,2015-09-18,0.25213675213675213,0.20221606648199447
3829464,772,581,191,502,401,101,male,Ligue 1,2015/2016,2015-09-19,0.24740932642487046,0.20119521912350596
3829465,967,798,169,599,512,87,male,Ligue 1,2015/2016,2015-09-19,0.17476732161323683,0.14524207011686144
3829467,771,553,218,392,309,83,male,Ligue 1,2015/2016,2015-09-19,0.2827496757457847,0.21173469387755103
3829468,812,621,191,393,305,88,male,Ligue 1,2015/2016,2015-09-19,0.23522167487684728,0.22391857506361323
3829471,736,546,190,381,300,81,male,Ligue 1,2015/2016,2015-09-20,0.25815217391304346,0.2125984251968504
3829473,1084,927,157,655,576,79,male,Ligue 1,2015/2016,2015-09-22,0.1448339483394834,0.12061068702290076
3829474,952,741,211,466,392,74,male,Ligue 1,2015/2016,2015-09-22,0.22163865546218486,0.15879828326180256
3829475,1055,865,190,537,462,75,male,Ligue 1,2015/2016,2015-09-23,0.18009478672985782,0.13966480446927373
3829476,1010,793,217,614,495,119,male,Ligue 1,2015/2016,2015-09-23,0.21485148514851485,0.19381107491856678
3829477,824,646,178,396,334,62,male,Ligue 1,2015/2016,2015-09-23,0.21601941747572814,0.15656565656565657
3829480,927,689,238,494,388,106,male,Ligue 1,2015/2016,2015-09-23,0.25674217907227614,0.2145748987854251
3829481,848,641,207,431,347,84,male,Ligue 1,2015/2016,2015-09-24,0.24410377358490565,0.19489559164733178
3829482,761,571,190,421,339,82,male,Ligue 1,2015/2016,2015-09-25,0.24967148488830487,0.19477434679334918
3829483,920,742,178,528,439,89,male,Ligue 1,2015/2016,2015-09-26,0.1934782608695652,0.16856060606060605
3829484,1041,848,193,573,485,88,male,Ligue 1,2015/2016,2015-09-26,0.18539865513928913,0.15357766143106458
3829485,807,599,208,462,361,101,male,Ligue 1,2015/2016,2015-09-26,0.2577447335811648,0.21861471861471862
3829486,830,630,200,430,342,88,male,Ligue 1,2015/2016,2015-09-26,0.24096385542168675,0.20465116279069767
3829487,811,614,197,433,342,91,male,Ligue 1,2015/2016,2015-09-26,0.24290998766954378,0.21016166281755197
3829488,661,467,194,331,256,75,male,Ligue 1,2015/2016,2015-09-27,0.2934947049924357,0.22658610271903323
3829489,709,551,158,401,324,77,male,Ligue 1,2015/2016,2015-09-27,0.22284908321579688,0.19201995012468828
3829490,893,695,198,510,411,99,male,Ligue 1,2015/2016,2015-09-27,0.22172452407614782,0.19411764705882353
3829491,845,708,137,270,224,46,male,Ligue 1,2015/2016,2015-09-27,0.1621301775147929,0.17037037037037037
3829492,774,561,213,415,321,94,male,Ligue 1,2015/2016,2015-09-29,0.2751937984496124,0.22650602409638554
3829493,775,561,214,421,323,98,male,Ligue 1,2015/2016,2015-10-02,0.2761290322580645,0.2327790973871734
3829494,849,652,197,475,381,94,male,Ligue 1,2015/2016,2015-10-03,0.232037691401649,0.19789473684210526
3829497,707,510,197,396,308,88,male,Ligue 1,2015/2016,2015-10-03,0.27864214992927866,0.2222222222222222
3829498,856,647,209,445,360,85,male,Ligue 1,2015/2016,2015-10-04,0.2441588785046729,0.19101123595505617
3829500,922,772,150,539,471,68,male,Ligue 1,2015/2016,2015-10-04,0.16268980477223427,0.1261595547309833
3829501,886,698,188,407,343,64,male,Ligue 1,2015/2016,2015-10-04,0.21218961625282168,0.15724815724815724
3829502,894,743,151,563,482,81,male,Ligue 1,2015/2016,2015-10-16,0.16890380313199105,0.1438721136767318
3829503,920,742,178,498,420,78,male,Ligue 1,2015/2016,2015-10-17,0.1934782608695652,0.1566265060240964
3829504,969,787,182,504,423,81,male,Ligue 1,2015/2016,2015-10-17,0.18782249742002063,0.16071428571428573
3829505,940,733,207,523,429,94,male,Ligue 1,2015/2016,2015-10-17,0.22021276595744682,0.17973231357552583
3829506,686,524,162,354,283,71,male,Ligue 1,2015/2016,2015-10-17,0.23615160349854228,0.20056497175141244
3829507,1020,824,196,493,415,78,male,Ligue 1,2015/2016,2015-10-17,0.19215686274509805,0.15821501014198783
3829508,747,554,193,375,297,78,male,Ligue 1,2015/2016,2015-10-17,0.2583668005354752,0.208
3829511,856,644,212,481,388,93,male,Ligue 1,2015/2016,2015-10-18,0.24766355140186916,0.19334719334719336
3829515,976,757,219,617,514,103,male,Ligue 1,2015/2016,2015-10-24,0.22438524590163936,0.16693679092382496
3829516,1004,810,194,511,433,78,male,Ligue 1,2015/2016,2015-10-24,0.19322709163346613,0.15264187866927592
3829517,881,678,203,373,299,74,male,Ligue 1,2015/2016,2015-10-24,0.2304199772985244,0.19839142091152814
3829520,923,723,200,424,347,77,male,Ligue 1,2015/2016,2015-10-25,0.21668472372697725,0.18160377358490565
3829521,869,635,234,376,294,82,male,Ligue 1,2015/2016,2015-10-25,0.26927502876869963,0.21808510638297873
3877060,887,727,160,491,411,80,male,Major League Soccer,2023,2023-08-27,0.18038331454340473,0.1629327902240326
3877072,1011,886,125,539,483,56,male,Major League Soccer,2023,2023-08-31,0.12363996043521266,0.1038961038961039
3877090,809,650,159,414,344,70,male,Major League Soccer,2023,2023-09-04,0.1965389369592089,0.16908212560386474
3877115,1127,996,131,699,631,68,male,Major League Soccer,2023,2023-09-21,0.11623779946761313,0.09728183118741059
3877170,854,703,151,424,356,68,male,Major League Soccer,2023,2023-10-08,0.17681498829039813,0.16037735849056603
3877194,959,763,196,550,431,119,male,Major League Soccer,2023,2023-10-22,0.20437956204379562,0.21636363636363637
3881501,877,685,192,569,468,101,female,NWSL,2023,2023-04-23,0.21892816419612315,0.17750439367311072
3881512,751,543,208,381,306,75,female,NWSL,2023,2023-04-30,0.2769640479360852,0.1968503937007874
3881524,699,499,200,345,265,80,female,NWSL,2023,2023-05-14,0.2861230329041488,0.2318840579710145
3881536,629,441,188,316,234,82,female,NWSL,2023,2023-05-29,0.2988871224165342,0.25949367088607594
3881540,899,722,177,560,456,104,female,NWSL,2023,2023-06-04,0.19688542825361513,0.18571428571428572
3881551,882,713,169,487,403,84,female,NWSL,2023,2023-06-18,0.19160997732426305,0.17248459958932238
3881583,784,586,198,406,316,90,female,NWSL,2023,2023-08-27,0.25255102040816324,0.22167487684729065
3881591,744,571,173,356,290,66,female,NWSL,2023,2023-09-16,0.2325268817204301,0.1853932584269663
3881596,727,522,205,331,264,67,female,NWSL,2023,2023-09-18,0.28198074277854196,0.20241691842900303
3881599,734,552,182,422,337,85,female,NWSL,2023,2023-09-30,0.24795640326975477,0.2014218009478673
3881606,898,692,206,467,386,81,female,NWSL,2023,2023-10-08,0.22939866369710468,0.1734475374732334
3881608,754,560,194,380,292,88,female,NWSL,2023,2023-10-09,0.2572944297082228,0.23157894736842105
3881613,903,728,175,613,516,97,female,NWSL,2023,2023-10-16,0.1937984496124031,0.15823817292006526
3914644,877,662,215,481,384,97,female,NWSL,2023,2023-10-21,0.2451539338654504,0.20166320166320167
3914645,909,659,250,467,369,98,female,NWSL,2023,2023-10-23,0.27502750275027504,0.20985010706638116
3915110,899,715,184,541,450,91,female,NWSL,2023,2023-11-06,0.20467185761957732,0.16820702402957485
3915111,1072,767,305,561,425,136,female,NWSL,2023,2023-11-06,0.28451492537313433,0.24242424242424243
3915998,850,617,233,508,402,106,female,NWSL,2023,2023-11-12,0.2741176470588235,0.20866141732283464
3881491,697,485,212,390,295,95,female,NWSL,2023,2023-04-01,0.30416068866571017,0.24358974358974358
3881492,855,624,231,380,292,88,female,NWSL,2023,2023-04-02,0.27017543859649124,0.23157894736842105
3881493,796,615,181,425,350,75,female,NWSL,2023,2023-04-02,0.22738693467336685,0.17647058823529413
3881494,705,508,197,377,297,80,female,NWSL,2023,2023-04-02,0.2794326241134752,0.21220159151193635
3881495,853,625,228,444,336,108,female,NWSL,2023,2023-04-15,0.2672919109026964,0.24324324324324326
3881496,774,586,188,450,358,92,female,NWSL,2023,2023-04-16,0.24289405684754523,0.20444444444444446
3881497,713,508,205,417,319,98,female,NWSL,2023,2023-04-16,0.28751753155680226,0.23501199040767387
3881498,847,656,191,388,303,85,female,NWSL,2023,2023-04-16,0.2255017709563164,0.2190721649484536
3881499,777,551,226,426,318,108,female,NWSL,2023,2023-04-16,0.2908622908622909,0.2535211267605634
3881500,927,745,182,488,399,89,female,NWSL,2023,2023-04-16,0.19633225458468176,0.18237704918032788
3881502,994,811,183,577,480,97,female,NWSL,2023,2023-04-22,0.1841046277665996,0.1681109185441941
3881503,820,585,235,449,345,104,female,NWSL,2023,2023-04-23,0.2865853658536585,0.23162583518930957
3881504,866,655,211,528,419,109,female,NWSL,2023,2023-04-23,0.24364896073903003,0.20643939393939395
3881505,725,505,220,364,281,83,female,NWSL,2023,2023-04-23,0.30344827586206896,0.22802197802197802
3881506,787,546,241,364,274,90,female,NWSL,2023,2023-04-24,0.3062261753494282,0.24725274725274726
3881507,585,476,109,326,274,52,female,NWSL,2023,2023-04-29,0.18632478632478633,0.15950920245398773
3881508,793,593,200,486,377,109,female,NWSL,2023,2023-04-30,0.25220680958385877,0.2242798353909465
3881509,846,652,194,366,293,73,female,NWSL,2023,2023-04-30,0.2293144208037825,0.1994535519125683
3881510,833,686,147,471,410,61,female,NWSL,2023,2023-04-30,0.17647058823529413,0.12951167728237792
3881511,802,597,205,499,398,101,female,NWSL,2023,2023-04-30,0.25561097256857856,0.20240480961923848
3881513,676,481,195,364,281,83,female,NWSL,2023,2023-05-06,0.28846153846153844,0.22802197802197802
3881514,915,698,217,473,372,101,female,NWSL,2023,2023-05-07,0.2371584699453552,0.2135306553911205
3881515,874,688,186,476,387,89,female,NWSL,2023,2023-05-07,0.2128146453089245,0.1869747899159664
3881516,858,660,198,426,353,73,female,NWSL,2023,2023-05-07,0.23076923076923078,0.17136150234741784
3881517,772,537,235,426,325,101,female,NWSL,2023,2023-05-08,0.30440414507772023,0.23708920187793428
3881518,815,589,226,440,333,107,female,NWSL,2023,2023-05-08,0.2773006134969325,0.2431818181818182
3881519,716,504,212,395,290,105,female,NWSL,2023,2023-05-13,0.29608938547486036,0.26582278481012656
3881520,789,633,156,407,336,71,female,NWSL,2023,2023-05-13,0.19771863117870722,0.17444717444717445
3881521,901,692,209,455,373,82,female,NWSL,2023,2023-05-14,0.23196448390677027,0.18021978021978022
3881522,669,448,221,312,233,79,female,NWSL,2023,2023-05-14,0.3303437967115097,0.2532051282051282
3881523,786,590,196,493,390,103,female,NWSL,2023,2023-05-15,0.24936386768447838,0.20892494929006086
3881525,845,675,170,397,341,56,female,NWSL,2023,2023-05-22,0.20118343195266272,0.14105793450881612
3881526,863,662,201,388,319,69,female,NWSL,2023,2023-05-21,0.23290845886442643,0.17783505154639176
3881527,636,474,162,347,286,61,female,NWSL,2023,2023-05-21,0.25471698113207547,0.17579250720461095
3881528,828,622,206,466,372,94,female,NWSL,2023,2023-05-21,0.24879227053140096,0.2017167381974249
3881529,741,527,214,364,287,77,female,NWSL,2023,2023-05-21,0.28879892037786775,0.21153846153846154
3881530,868,637,231,511,404,107,female,NWSL,2023,2023-05-22,0.2661290322580645,0.20939334637964774
3881531,752,540,212,415,323,92,female,NWSL,2023,2023-05-27,0.28191489361702127,0.2216867469879518
3881532,811,606,205,396,313,83,female,NWSL,2023,2023-05-27,0.2527743526510481,0.20959595959595959
3881533,809,593,216,417,319,98,female,NWSL,2023,2023-05-27,0.2669962917181706,0.23501199040767387
3881534,922,719,203,438,356,82,female,NWSL,2023,2023-05-28,0.22017353579175705,0.1872146118721461
3881535,855,677,178,500,408,92,female,NWSL,2023,2023-05-28,0.20818713450292398,0.184
3881537,723,551,172,440,343,97,female,NWSL,2023,2023-06-04,0.23789764868603042,0.22045454545454546
3881538,875,652,223,487,382,105,female,NWSL,2023,2023-06-04,0.25485714285714284,0.21560574948665298
3881539,793,562,231,422,324,98,female,NWSL,2023,2023-06-05,0.29129886506935687,0.23222748815165878
3881541,694,484,210,369,270,99,female,NWSL,2023,2023-06-04,0.3025936599423631,0.2682926829268293
3881542,754,537,217,396,300,96,female,NWSL,2023,2023-06-06,0.28779840848806365,0.24242424242424243
3881543,1019,853,166,599,520,79,female,NWSL,2023,2023-06-11,0.16290480863591755,0.1318864774624374
3881544,1007,846,161,729,622,107,female,NWSL,2023,2023-06-10,0.15988083416087387,0.1467764060356653
3881545,871,623,248,587,455,132,female,NWSL,2023,2023-06-11,0.2847301951779564,0.22487223168654175
3881546,653,436,217,336,255,81,female,NWSL,2023,2023-06-11,0.332312404287902,0.24107142857142858
3881547,785,596,189,348,274,74,female,NWSL,2023,2023-06-12,0.24076433121019108,0.21264367816091953
3881548,696,486,210,329,244,85,female,NWSL,2023,2023-06-12,0.3017241379310345,0.25835866261398177
3881549,724,503,221,336,247,89,female,NWSL,2023,2023-06-17,0.3052486187845304,0.2648809523809524
3881550,717,546,171,382,300,82,female,NWSL,2023,2023-06-18,0.2384937238493724,0.21465968586387435
3881552,848,654,194,427,346,81,female,NWSL,2023,2023-06-18,0.22877358490566038,0.18969555035128804
3881553,700,542,158,339,275,64,female,NWSL,2023,2023-06-18,0.2257142857142857,0.1887905604719764
3881554,801,633,168,368,299,69,female,NWSL,2023,2023-06-19,0.20973782771535582,0.1875
3881555,723,556,167,347,286,61,female,NWSL,2023,2023-06-24,0.23098201936376211,0.17579250720461095
3881556,789,600,189,377,310,67,female,NWSL,2023,2023-06-25,0.23954372623574144,0.17771883289124668
3881557,877,696,181,444,360,84,female,NWSL,2023,2023-06-25,0.2063854047890536,0.1891891891891892
3881558,835,668,167,499,411,88,female,NWSL,2023,2023-06-24,0.2,0.17635270541082165
3881559,798,578,220,519,410,109,female,NWSL,2023,2023-06-26,0.2756892230576441,0.21001926782273603
3881560,709,464,245,389,290,99,female,NWSL,2023,2023-06-26,0.3455571227080395,0.2544987146529563
3881561,722,506,216,362,277,85,female,NWSL,2023,2023-07-01,0.29916897506925205,0.23480662983425415
3881562,715,486,229,423,301,122,female,NWSL,2023,2023-07-03,0.3202797202797203,0.28841607565011823
3881563,791,597,194,394,306,88,female,NWSL,2023,2023-07-02,0.24525916561314792,0.2233502538071066
3881564,740,548,192,374,291,83,female,NWSL,2023,2023-07-02,0.2594594594594595,0.22192513368983957
3881565,776,597,179,398,331,67,female,NWSL,2023,2023-07-02,0.23067010309278352,0.16834170854271358
3881566,633,460,173,305,238,67,female,NWSL,2023,2023-07-02,0.27330173775671407,0.21967213114754097
3881567,683,495,188,276,218,58,female,NWSL,2023,2023-07-08,0.2752562225475842,0.21014492753623187
3881568,756,567,189,425,330,95,female,NWSL,2023,2023-07-08,0.25,0.2235294117647059
3881569,695,494,201,392,300,92,female,NWSL,2023,2023-07-08,0.2892086330935252,0.23469387755102042
3881570,766,541,225,394,305,89,female,NWSL,2023,2023-07-10,0.293733681462141,0.22588832487309646
3881571,557,345,212,263,190,73,female,NWSL,2023,2023-07-09,0.38061041292639136,0.27756653992395436
3881572,763,590,173,362,300,62,female,NWSL,2023,2023-07-10,0.22673656618610746,0.1712707182320442
3881573,907,708,199,528,432,96,female,NWSL,2023,2023-08-19,0.21940463065049615,0.18181818181818182
3881574,773,566,207,436,345,91,female,NWSL,2023,2023-08-20,0.2677878395860285,0.20871559633027523
3881575,765,580,185,404,324,80,female,NWSL,2023,2023-08-20,0.24183006535947713,0.19801980198019803
3881576,718,534,184,383,314,69,female,NWSL,2023,2023-08-20,0.2562674094707521,0.1801566579634465
3881577,863,718,145,523,450,73,female,NWSL,2023,2023-08-21,0.16801853997682503,0.13957934990439771
3881578,1033,847,186,521,437,84,female,NWSL,2023,2023-08-21,0.18005808325266215,0.16122840690978887
3881579,745,583,162,426,345,81,female,NWSL,2023,2023-08-26,0.2174496644295302,0.19014084507042253
3881580,823,645,178,427,359,68,female,NWSL,2023,2023-08-28,0.21628189550425272,0.1592505854800937
3881581,841,646,195,419,336,83,female,NWSL,2023,2023-08-28,0.2318668252080856,0.19809069212410502
3881582,810,666,144,447,383,64,female,NWSL,2023,2023-08-27,0.17777777777777778,0.14317673378076062
3881584,790,586,204,483,403,80,female,NWSL,2023,2023-08-28,0.2582278481012658,0.16563146997929606
3881585,742,555,187,439,347,92,female,NWSL,2023,2023-09-02,0.25202156334231807,0.20956719817767655
3881586,822,643,179,464,380,84,female,NWSL,2023,2023-09-03,0.21776155717761558,0.1810344827586207
3881587,768,590,178,449,374,75,female,NWSL,2023,2023-09-04,0.23177083333333334,0.16703786191536749
3881588,857,667,190,473,397,76,female,NWSL,2023,2023-09-03,0.22170361726954493,0.160676532769556
3881589,783,637,146,449,372,77,female,NWSL,2023,2023-09-04,0.18646232439335889,0.1714922048997773
3881590,791,600,191,405,328,77,female,NWSL,2023,2023-09-04,0.24146649810366624,0.19012345679012346
3881592,869,699,170,451,375,76,female,NWSL,2023,2023-09-17,0.1956271576524741,0.16851441241685144
3881593,1019,799,220,604,493,111,female,NWSL,2023,2023-09-17,0.21589793915603533,0.1837748344370861
3881594,762,560,202,409,313,96,female,NWSL,2023,2023-09-17,0.2650918635170604,0.23471882640586797
3881595,882,732,150,477,417,60,female,NWSL,2023,2023-09-18,0.17006802721088435,0.12578616352201258
3881597,824,594,230,393,294,99,female,NWSL,2023,2023-10-03,0.279126213592233,0.25190839694656486
3881598,830,632,198,412,333,79,female,NWSL,2023,2023-10-01,0.2385542168674699,0.19174757281553398
3881600,837,652,185,469,384,85,female,NWSL,2023,2023-10-01,0.22102747909199522,0.1812366737739872
3881601,633,461,172,253,192,61,female,NWSL,2023,2023-10-02,0.2717219589257504,0.24110671936758893
3881602,933,758,175,560,463,97,female,NWSL,2023,2023-10-02,0.18756698821007503,0.1732142857142857
3881603,785,593,192,313,250,63,female,NWSL,2023,2023-10-08,0.2445859872611465,0.2012779552715655
3881604,721,534,187,403,315,88,female,NWSL,2023,2023-10-07,0.2593619972260749,0.21836228287841192
3881605,764,588,176,468,380,88,female,NWSL,2023,2023-10-07,0.23036649214659685,0.18803418803418803
3881607,782,625,157,365,303,62,female,NWSL,2023,2023-10-08,0.20076726342711,0.16986301369863013
3881609,797,631,166,405,336,69,female,NWSL,2023,2023-10-16,0.20828105395232122,0.17037037037037037
3881610,708,527,181,334,273,61,female,NWSL,2023,2023-10-16,0.2556497175141243,0.18263473053892215
3881611,832,654,178,404,340,64,female,NWSL,2023,2023-10-16,0.21394230769230768,0.15841584158415842
3881612,840,605,235,389,279,110,female,NWSL,2023,2023-10-15,0.27976190476190477,0.2827763496143959
3881614,795,639,156,374,310,64,female,NWSL,2023,2023-10-16,0.19622641509433963,0.1711229946524064
7430,805,557,248,464,359,105,female,NWSL,2018,2018-04-15,0.30807453416149067,0.22629310344827586
7443,711,474,237,447,306,141,female,NWSL,2018,2018-05-05,0.3333333333333333,0.31543624161073824
7444,671,419,252,417,274,143,female,NWSL,2018,2018-05-06,0.37555886736214605,0.34292565947242204
7445,861,609,252,442,310,132,female,NWSL,2018,2018-05-06,0.2926829268292683,0.2986425339366516
7451,738,519,219,487,356,131,female,NWSL,2018,2018-05-13,0.2967479674796748,0.26899383983572894
7456,667,483,184,456,355,101,female,NWSL,2018,2018-05-20,0.27586206896551724,0.22149122807017543
7457,776,532,244,492,370,122,female,NWSL,2018,2018-05-24,0.31443298969072164,0.24796747967479674
7471,844,593,251,626,467,159,female,NWSL,2018,2018-06-30,0.29739336492890994,0.2539936102236422
7472,806,514,292,425,300,125,female,NWSL,2018,2018-07-01,0.36228287841191065,0.29411764705882354
7473,893,683,210,621,500,121,female,NWSL,2018,2018-07-01,0.23516237402015677,0.19484702093397746
7474,716,472,244,481,339,142,female,NWSL,2018,2018-07-02,0.3407821229050279,0.29521829521829523
7475,783,551,232,424,323,101,female,NWSL,2018,2018-07-05,0.2962962962962963,0.23820754716981132
7476,835,612,223,464,356,108,female,NWSL,2018,2018-07-08,0.26706586826347306,0.23275862068965517
7477,782,565,217,611,456,155,female,NWSL,2018,2018-07-07,0.2774936061381074,0.25368248772504093
7478,904,587,317,566,399,167,female,NWSL,2018,2018-07-08,0.3506637168141593,0.2950530035335689
7479,887,646,241,681,517,164,female,NWSL,2018,2018-07-08,0.2717023675310034,0.24082232011747431
7480,795,543,252,493,368,125,female,NWSL,2018,2018-07-12,0.3169811320754717,0.2535496957403651
7482,867,646,221,593,467,126,female,NWSL,2018,2018-07-12,0.2549019607843137,0.21247892074198987
7483,683,452,231,472,340,132,female,NWSL,2018,2018-07-15,0.33821376281112736,0.2796610169491525
7484,776,572,204,570,437,133,female,NWSL,2018,2018-07-15,0.26288659793814434,0.23333333333333334
7485,844,602,242,538,410,128,female,NWSL,2018,2018-07-15,0.28672985781990523,0.2379182156133829
7486,825,593,232,510,378,132,female,NWSL,2018,2018-07-16,0.2812121212121212,0.25882352941176473
7487,781,529,252,428,315,113,female,NWSL,2018,2018-07-21,0.322663252240717,0.26401869158878505
7490,843,608,235,515,402,113,female,NWSL,2018,2018-07-22,0.27876631079478054,0.21941747572815534
7492,777,565,212,505,391,114,female,NWSL,2018,2018-08-06,0.2728442728442728,0.22574257425742575
7493,829,580,249,471,337,134,female,NWSL,2018,2018-08-06,0.30036188178528345,0.28450106157112526
7494,974,739,235,761,606,155,female,NWSL,2018,2018-08-06,0.24127310061601642,0.20367936925098554
7496,770,560,210,531,409,122,female,NWSL,2018,2018-08-09,0.2727272727272727,0.2297551789077213
7497,811,537,274,511,360,151,female,NWSL,2018,2018-08-11,0.33785450061652283,0.29549902152641877
7500,696,472,224,357,274,83,female,NWSL,2018,2018-08-12,0.3218390804597701,0.23249299719887956
7519,643,408,235,426,292,134,female,NWSL,2018,2018-05-31,0.3654743390357698,0.3145539906103286
7520,822,536,286,477,330,147,female,NWSL,2018,2018-06-03,0.34793187347931875,0.3081761006289308
7521,760,523,237,517,376,141,female,NWSL,2018,2018-06-03,0.3118421052631579,0.2727272727272727
7522,865,588,277,621,434,187,female,NWSL,2018,2018-06-04,0.3202312138728324,0.30112721417069244
7523,838,490,348,433,288,145,female,NWSL,2018,2018-06-04,0.4152744630071599,0.3348729792147806
7524,832,594,238,528,403,125,female,NWSL,2018,2018-07-12,0.2860576923076923,0.23674242424242425
3753972,932,723,209,538,434,104,male,Premier League,2015/2016,2015-11-21,0.22424892703862662,0.19330855018587362
3753974,891,734,157,446,389,57,male,Premier League,2015/2016,2015-12-26,0.17620650953984288,0.12780269058295965
3753978,943,729,214,430,340,90,male,Premier League,2015/2016,2015-09-26,0.22693531283138918,0.20930232558139536
3753979,726,528,198,396,317,79,male,Premier League,2015/2016,2015-11-23,0.2727272727272727,0.1994949494949495
3753983,1010,827,183,512,438,74,male,Premier League,2015/2016,2015-10-31,0.18118811881188118,0.14453125
3753984,867,692,175,423,346,77,male,Premier League,2015/2016,2015-08-29,0.20184544405997693,0.18203309692671396
3753993,913,673,240,425,316,109,male,Premier League,2015/2016,2015-08-15,0.2628696604600219,0.2564705882352941
3753995,894,688,206,477,380,97,male,Premier League,2015/2016,2015-10-03,0.23042505592841164,0.20335429769392033
3753996,929,739,190,393,326,67,male,Premier League,2015/2016,2015-11-21,0.20452099031216361,0.17048346055979643
3753999,933,758,175,535,450,85,male,Premier League,2015/2016,2015-10-17,0.18756698821007503,0.1588785046728972
3754001,789,605,184,350,280,70,male,Premier League,2015/2016,2015-09-26,0.2332065906210393,0.2
3754006,720,496,224,387,288,99,male,Premier League,2015/2016,2015-10-31,0.3111111111111111,0.2558139534883721
3754007,911,756,155,451,390,61,male,Premier League,2015/2016,2015-08-29,0.17014270032930845,0.1352549889135255
3754008,897,739,158,528,444,84,male,Premier League,2015/2016,2015-09-26,0.17614269788182832,0.1590909090909091
3754010,880,671,209,475,387,88,male,Premier League,2015/2016,2015-09-19,0.2375,0.18526315789473685
3754011,960,783,177,605,522,83,male,Premier League,2015/2016,2015-09-20,0.184375,0.1371900826446281
3754014,748,563,185,396,323,73,male,Premier League,2015/2016,2015-12-26,0.24732620320855614,0.18434343434343434
3754015,919,704,215,431,345,86,male,Premier League,2015/2016,2015-10-25,0.23394994559303592,0.19953596287703015
3754017,796,578,218,464,359,105,male,Premier League,2015/2016,2015-10-24,0.27386934673366836,0.22629310344827586
3754023,791,546,245,328,230,98,male,Premier League,2015/2016,2015-08-29,0.30973451327433627,0.29878048780487804
3754025,868,686,182,417,351,66,male,Premier League,2015/2016,2015-12-19,0.20967741935483872,0.15827338129496402
3754028,848,673,175,309,250,59,male,Premier League,2015/2016,2015-11-28,0.20636792452830188,0.19093851132686085
3754029,824,619,205,398,311,87,male,Premier League,2015/2016,2015-11-02,0.2487864077669903,0.2185929648241206
3754037,1036,841,195,559,474,85,male,Premier League,2015/2016,2016-04-30,0.18822393822393824,0.1520572450805009
3754038,1015,819,196,542,456,86,male,Premier League,2015/2016,2015-11-29,0.19310344827586207,0.15867158671586715
3754039,711,499,212,293,208,85,male,Premier League,2015/2016,2016-02-13,0.2981715893108298,0.2901023890784983
3754040,973,751,222,532,423,109,male,Premier League,2015/2016,2015-09-20,0.22816032887975335,0.20488721804511278
3754041,1002,863,139,628,553,75,male,Premier League,2015/2016,2016-05-15,0.13872255489021956,0.11942675159235669
3754042,849,671,178,341,271,70,male,Premier League,2015/2016,2016-05-15,0.20965842167255594,0.20527859237536658
3754043,942,762,180,392,342,50,male,Premier League,2015/2016,2016-03-20,0.1910828025477707,0.12755102040816327
3754045,795,575,220,383,300,83,male,Premier League,2015/2016,2015-12-29,0.27672955974842767,0.21671018276762402
3754047,979,791,188,505,421,84,male,Premier League,2015/2016,2015-11-29,0.1920326864147089,0.16633663366336635
3754048,936,729,207,458,367,91,male,Premier League,2015/2016,2016-04-13,0.22115384615384615,0.19868995633187772
3754049,812,575,237,396,291,105,male,Premier League,2015/2016,2016-02-27,0.291871921182266,0.26515151515151514
3754050,703,503,200,383,306,77,male,Premier League,2015/2016,2016-03-01,0.2844950213371266,0.2010443864229765
3754052,708,456,252,339,244,95,male,Premier League,2015/2016,2016-03-19,0.3559322033898305,0.28023598820059
3754053,909,709,200,519,411,108,male,Premier League,2015/2016,2016-03-13,0.22002200220022003,0.20809248554913296
3754055,971,814,157,578,498,80,male,Premier League,2015/2016,2016-05-11,0.16168898043254376,0.1384083044982699
3754056,974,812,162,576,496,80,male,Premier League,2015/2016,2015-12-28,0.16632443531827515,0.1388888888888889
3754058,901,703,198,531,434,97,male,Premier League,2015/2016,2016-01-02,0.21975582685904552,0.18267419962335216
3754067,817,658,159,332,281,51,male,Premier League,2015/2016,2015-10-17,0.19461444308445533,0.1536144578313253
3754068,733,555,178,336,272,64,male,Premier League,2015/2016,2015-09-19,0.24283765347885403,0.19047619047619047
3754074,880,699,181,436,354,82,male,Premier League,2015/2016,2015-10-04,0.2056818181818182,0.18807339449541285
3754076,801,626,175,399,332,67,male,Premier League,2015/2016,2015-10-03,0.2184769038701623,0.16791979949874686
3754079,899,731,168,571,483,88,male,Premier League,2015/2016,2015-10-03,0.18687430478309233,0.15411558669001751
3754090,793,620,173,515,443,72,male,Premier League,2015/2016,2015-10-31,0.21815889029003782,0.13980582524271845
3754091,756,590,166,286,226,60,male,Premier League,2015/2016,2015-10-24,0.21957671957671956,0.2097902097902098
3754117,937,773,164,549,469,80,male,Premier League,2015/2016,2015-12-13,0.17502668089647813,0.14571948998178508
3754129,1015,801,214,540,432,108,male,Premier League,2015/2016,2015-08-24,0.21083743842364533,0.2
3754135,866,626,240,436,347,89,male,Premier League,2015/2016,2015-12-05,0.27713625866050806,0.20412844036697247
3754136,795,570,225,499,381,118,male,Premier League,2015/2016,2015-12-19,0.2830188679245283,0.23647294589178355
3754146,825,563,262,457,340,117,male,Premier League,2015/2016,2015-09-19,0.31757575757575757,0.25601750547045954
3754160,975,792,183,579,484,95,male,Premier League,2015/2016,2015-12-05,0.18769230769230769,0.16407599309153714
3754217,957,803,154,406,340,66,male,Premier League,2015/2016,2015-09-19,0.16091954022988506,0.1625615763546798
3754226,756,526,230,299,230,69,male,Premier League,2015/2016,2015-12-30,0.30423280423280424,0.23076923076923078
3754245,790,586,204,320,242,78,male,Premier League,2015/2016,2015-10-17,0.2582278481012658,0.24375
3754255,906,672,234,490,372,118,male,Premier League,2015/2016,2015-12-13,0.2582781456953642,0.24081632653061225
3754278,932,695,237,495,377,118,male,Premier League,2015/2016,2015-10-03,0.2542918454935622,0.2383838383838384
3754293,744,571,173,395,322,73,male,Premier League,2015/2016,2015-11-07,0.2325268817204301,0.1848101265822785
3754296,1036,840,196,544,453,91,male,Premier League,2015/2016,2015-12-21,0.1891891891891892,0.16727941176470587
3754309,847,681,166,470,390,80,male,Premier League,2015/2016,2015-12-26,0.1959858323494687,0.1702127659574468
3754339,872,673,199,418,337,81,male,Premier League,2015/2016,2015-09-26,0.22821100917431192,0.1937799043062201
3754347,801,630,171,443,363,80,male,Premier League,2015/2016,2015-12-05,0.21348314606741572,0.18058690744920994
3881483,756,573,183,375,305,70,female,NWSL,2023,2023-03-25,0.24206349206349206,0.18666666666666668
3881484,880,620,260,416,308,108,female,NWSL,2023,2023-03-26,0.29545454545454547,0.25961538461538464
3881485,687,458,229,363,256,107,female,NWSL,2023,2023-03-26,0.3333333333333333,0.29476584022038566
3881486,870,697,173,532,447,85,female,NWSL,2023,2023-03-26,0.19885057471264367,0.15977443609022557
3881487,656,498,158,311,251,60,female,NWSL,2023,2023-03-27,0.24085365853658536,0.19292604501607716
3881488,747,558,189,405,328,77,female,NWSL,2023,2023-03-27,0.25301204819277107,0.19012345679012346
3881489,733,531,202,408,296,112,female,NWSL,2023,2023-04-01,0.2755798090040928,0.27450980392156865
3881490,737,557,180,357,294,63,female,NWSL,2023,2023-04-01,0.24423337856173677,0.17647058823529413
3754013,820,581,239,374,267,107,male,Premier League,2015/2016,2015-12-14,0.2914634146341463,0.28609625668449196
3754044,917,701,216,409,320,89,male,Premier League,2015/2016,2015-12-19,0.23555070883315157,0.2176039119804401
3754046,889,697,192,413,339,74,male,Premier League,2015/2016,2015-12-07,0.21597300337457817,0.1791767554479419
3754051,772,506,266,381,262,119,male,Premier League,2015/2016,2015-12-20,0.344559585492228,0.3123359580052493
3754054,911,761,150,555,471,84,male,Premier League,2015/2016,2015-12-26,0.16465422612513722,0.15135135135135136
3754057,862,656,206,414,332,82,male,Premier League,2015/2016,2015-12-26,0.23897911832946636,0.19806763285024154
3754060,760,576,184,382,312,70,male,Premier League,2015/2016,2015-10-04,0.24210526315789474,0.18324607329842932
3754072,887,642,245,479,377,102,male,Premier League,2015/2016,2015-12-12,0.2762119503945885,0.21294363256784968
3754073,851,660,191,378,298,80,male,Premier League,2015/2016,2015-12-05,0.2244418331374853,0.21164021164021163
3754077,969,774,195,532,443,89,male,Premier League,2015/2016,2015-09-19,0.20123839009287925,0.16729323308270677
3754082,1023,855,168,487,400,87,male,Premier League,2015/2016,2015-11-01,0.16422287390029325,0.17864476386036962
3754083,885,708,177,459,391,68,male,Premier League,2015/2016,2015-08-29,0.2,0.14814814814814814
3754085,938,718,220,500,404,96,male,Premier League,2015/2016,2015-12-05,0.2345415778251599,0.192
3754093,875,637,238,254,197,57,male,Premier League,2015/2016,2015-11-29,0.272,0.22440944881889763
3754096,755,559,196,476,381,95,male,Premier League,2015/2016,2015-12-12,0.2596026490066225,0.19957983193277312
3754097,992,789,203,493,414,79,male,Premier League,2015/2016,2015-08-08,0.20463709677419356,0.16024340770791076
3754098,949,754,195,497,403,94,male,Premier League,2015/2016,2015-10-31,0.2054794520547945,0.1891348088531187
3754099,756,541,215,367,277,90,male,Premier League,2015/2016,2015-10-03,0.2843915343915344,0.2452316076294278
3754102,829,646,183,444,355,89,male,Premier League,2015/2016,2015-10-18,0.22074788902291917,0.20045045045045046
3754104,795,642,153,424,369,55,male,Premier League,2015/2016,2015-08-22,0.19245283018867926,0.12971698113207547
3754105,871,667,204,451,353,98,male,Premier League,2015/2016,2015-09-28,0.23421354764638347,0.21729490022172948
3754106,812,593,219,421,331,90,male,Premier League,2015/2016,2015-09-13,0.2697044334975369,0.21377672209026127
3754107,981,803,178,564,482,82,male,Premier League,2015/2016,2015-08-14,0.18144750254842,0.1453900709219858
3754112,880,682,198,445,366,79,male,Premier League,2015/2016,2015-08-09,0.225,0.17752808988764046
3754113,882,686,196,496,385,111,male,Premier League,2015/2016,2015-12-05,0.2222222222222222,0.22379032258064516
3754115,803,601,202,368,294,74,male,Premier League,2015/2016,2015-10-17,0.25155666251556663,0.20108695652173914
3754119,749,576,173,364,289,75,male,Premier League,2015/2016,2015-10-25,0.23097463284379172,0.20604395604395603
3754126,924,753,171,497,418,79,male,Premier League,2015/2016,2015-10-24,0.18506493506493507,0.158953722334004
3754130,755,539,216,375,284,91,male,Premier League,2015/2016,2015-12-28,0.2860927152317881,0.24266666666666667
3754133,823,591,232,477,359,118,male,Premier League,2015/2016,2015-10-24,0.2818955042527339,0.24737945492662475
3754143,919,685,234,497,386,111,male,Premier League,2015/2016,2015-12-06,0.2546245919477693,0.22334004024144868
3754145,1108,955,153,501,436,65,male,Premier League,2015/2016,2015-08-10,0.13808664259927797,0.12974051896207583
3754148,718,526,192,309,237,72,male,Premier League,2015/2016,2015-09-13,0.26740947075208915,0.23300970873786409
3754150,892,746,146,496,425,71,male,Premier League,2015/2016,2015-11-28,0.16367713004484305,0.1431451612903226
3754153,787,599,188,424,342,82,male,Premier League,2015/2016,2015-12-19,0.2388818297331639,0.19339622641509435
3754157,984,773,211,511,407,104,male,Premier League,2015/2016,2015-11-28,0.21443089430894308,0.2035225048923679
3754162,835,662,173,494,420,74,male,Premier League,2015/2016,2015-12-12,0.20718562874251498,0.14979757085020243
3754166,811,580,231,384,286,98,male,Premier League,2015/2016,2015-12-19,0.2848335388409371,0.2552083333333333
3754167,1036,861,175,479,411,68,male,Premier League,2015/2016,2015-10-31,0.16891891891891891,0.1419624217118998
3754169,871,666,205,477,383,94,male,Premier League,2015/2016,2015-09-19,0.23536165327210104,0.1970649895178197
3754171,1014,847,167,560,481,79,male,Premier League,2015/2016,2015-10-04,0.16469428007889547,0.14107142857142857
3754174,915,734,181,502,415,87,male,Premier League,2015/2016,2015-09-26,0.19781420765027322,0.17330677290836655
3754178,759,548,211,302,229,73,male,Premier League,2015/2016,2015-11-28,0.2779973649538867,0.24172185430463577
3754185,895,608,287,444,331,113,male,Premier League,2015/2016,2015-11-21,0.3206703910614525,0.2545045045045045
3754186,860,656,204,494,392,102,male,Premier League,2015/2016,2015-11-28,0.2372093023255814,0.20647773279352227
3754188,782,563,219,373,285,88,male,Premier League,2015/2016,2015-12-19,0.28005115089514065,0.2359249329758713
3754193,1014,803,211,513,423,90,male,Premier League,2015/2016,2015-10-17,0.20808678500986194,0.17543859649122806
3754194,869,729,140,409,346,63,male,Premier League,2015/2016,2015-11-07,0.1611047180667434,0.15403422982885084
3754197,881,632,249,349,254,95,male,Premier League,2015/2016,2015-09-26,0.282633371169126,0.2722063037249284
3754198,819,599,220,385,303,82,male,Premier League,2015/2016,2015-10-17,0.2686202686202686,0.21298701298701297
3754204,861,670,191,439,354,85,male,Premier League,2015/2016,2015-08-29,0.2218350754936121,0.19362186788154898
3754205,1032,894,138,481,426,55,male,Premier League,2015/2016,2015-08-29,0.13372093023255813,0.11434511434511435
3754208,913,660,253,385,308,77,male,Premier League,2015/2016,2015-11-21,0.27710843373493976,0.2
3754211,814,615,199,408,324,84,male,Premier League,2015/2016,2015-11-21,0.24447174447174447,0.20588235294117646
3754212,915,756,159,441,369,72,male,Premier League,2015/2016,2015-09-26,0.1737704918032787,0.16326530612244897
3754213,835,636,199,369,300,69,male,Premier League,2015/2016,2015-09-12,0.23832335329341317,0.18699186991869918
3754218,732,508,224,345,263,82,male,Premier League,2015/2016,2015-12-12,0.30601092896174864,0.23768115942028986
3754219,817,657,160,453,390,63,male,Premier League,2015/2016,2015-12-19,0.19583843329253367,0.1390728476821192
3754221,1031,797,234,587,471,116,male,Premier League,2015/2016,2015-08-30,0.22696411251212414,0.19761499148211242
3754222,771,589,182,363,295,68,male,Premier League,2015/2016,2015-09-20,0.23605706874189364,0.18732782369146006
3754223,807,633,174,365,296,69,male,Premier League,2015/2016,2015-10-31,0.21561338289962825,0.18904109589041096
3754230,930,726,204,459,371,88,male,Premier League,2015/2016,2015-10-25,0.21935483870967742,0.19172113289760348
3754233,911,750,161,534,452,82,male,Premier League,2015/2016,2015-08-23,0.17672886937431395,0.15355805243445692
3754234,919,709,210,501,412,89,male,Premier League,2015/2016,2015-10-25,0.22850924918389554,0.17764471057884232
3754235,698,527,171,341,276,65,male,Premier League,2015/2016,2015-11-29,0.24498567335243554,0.1906158357771261
3754237,785,580,205,352,279,73,male,Premier League,2015/2016,2015-08-08,0.2611464968152866,0.20738636363636365
3754238,881,692,189,426,353,73,male,Premier League,2015/2016,2015-11-07,0.21452894438138478,0.17136150234741784
3754246,1112,972,140,638,569,69,male,Premier League,2015/2016,2015-08-29,0.12589928057553956,0.10815047021943573
3754254,939,772,167,493,422,71,male,Premier League,2015/2016,2015-08-22,0.17784877529286475,0.1440162271805274
3754256,977,802,175,538,452,86,male,Premier League,2015/2016,2015-10-17,0.17911975435005117,0.15985130111524162
3754257,858,662,196,448,359,89,male,Premier League,2015/2016,2015-09-12,0.22843822843822845,0.19866071428571427
3754259,933,734,199,416,350,66,male,Premier League,2015/2016,2015-12-20,0.2132904608788853,0.15865384615384615
3754263,905,676,229,462,369,93,male,Premier League,2015/2016,2015-10-24,0.25303867403314917,0.2012987012987013
3754266,704,500,204,337,271,66,male,Premier League,2015/2016,2015-09-27,0.2897727272727273,0.19584569732937684
3754268,879,720,159,454,389,65,male,Premier League,2015/2016,2015-08-29,0.18088737201365188,0.14317180616740088
3754269,1022,849,173,530,448,82,male,Premier League,2015/2016,2015-10-19,0.16927592954990214,0.15471698113207547
3754270,923,742,181,353,294,59,male,Premier League,2015/2016,2015-08-15,0.19609967497291442,0.1671388101983003
3754273,790,600,190,347,285,62,male,Premier League,2015/2016,2015-10-31,0.24050632911392406,0.1786743515850144
3754276,822,569,253,391,275,116,male,Premier League,2015/2016,2015-12-13,0.3077858880778589,0.2966751918158568
3754279,890,668,222,479,375,104,male,Premier League,2015/2016,2015-12-26,0.24943820224719102,0.21711899791231734
3754283,1008,863,145,574,497,77,male,Premier League,2015/2016,2015-11-21,0.14384920634920634,0.13414634146341464
3754285,733,554,179,354,287,67,male,Premier League,2015/2016,2015-12-26,0.24420190995907232,0.18926553672316385
3754286,780,508,272,333,229,104,male,Premier League,2015/2016,2015-12-05,0.3487179487179487,0.3123123123123123
3754287,873,695,178,455,365,90,male,Premier League,2015/2016,2015-12-26,0.20389461626575028,0.1978021978021978
3754288,819,647,172,486,400,86,male,Premier League,2015/2016,2015-10-24,0.21001221001221002,0.17695473251028807
3754291,865,620,245,373,281,92,male,Premier League,2015/2016,2015-12-28,0.2832369942196532,0.24664879356568364
3754297,965,731,234,539,421,118,male,Premier League,2015/2016,2015-11-07,0.24248704663212436,0.2189239332096475
3754298,882,695,187,438,355,83,male,Premier League,2015/2016,2015-09-19,0.21201814058956917,0.18949771689497716
3754301,931,729,202,573,460,113,male,Premier League,2015/2016,2015-11-21,0.21697099892588614,0.19720767888307156
3754302,719,515,204,357,285,72,male,Premier League,2015/2016,2015-10-17,0.28372739916550765,0.20168067226890757
3754304,835,654,181,491,411,80,male,Premier League,2015/2016,2015-11-28,0.21676646706586827,0.1629327902240326
3754311,1058,893,165,626,537,89,male,Premier League,2015/2016,2015-11-07,0.15595463137996218,0.14217252396166133
3754315,898,694,204,506,418,88,male,Premier League,2015/2016,2015-09-12,0.22717149220489977,0.17391304347826086
3754323,808,640,168,430,350,80,male,Premier League,2015/2016,2015-09-26,0.2079207920792079,0.18604651162790697
3754325,965,743,222,574,461,113,male,Premier League,2015/2016,2015-09-12,0.23005181347150258,0.19686411149825783
3754328,1038,916,122,457,406,51,male,Premier League,2015/2016,2015-12-12,0.11753371868978806,0.11159737417943107
3754329,805,625,180,395,317,78,male,Premier League,2015/2016,2015-09-14,0.2236024844720497,0.19746835443037974
3754330,862,685,177,409,345,64,male,Premier League,2015/2016,2015-10-03,0.20533642691415313,0.15647921760391198
3754335,787,559,228,338,272,66,male,Premier League,2015/2016,2015-10-03,0.289707750952986,0.1952662721893491
3754337,890,688,202,481,385,96,male,Premier League,2015/2016,2015-08-30,0.22696629213483147,0.1995841995841996
3754343,814,551,263,423,303,120,male,Premier League,2015/2016,2015-12-26,0.3230958230958231,0.28368794326241137
3754351,777,584,193,355,286,69,male,Premier League,2015/2016,2015-11-08,0.2483912483912484,0.19436619718309858
3753973,860,664,196,490,399,91,male,Premier League,2015/2016,2016-03-19,0.22790697674418606,0.18571428571428572
3753975,911,705,206,443,347,96,male,Premier League,2015/2016,2016-01-23,0.2261251372118551,0.21670428893905191
3753976,984,813,171,592,508,84,male,Premier League,2015/2016,2016-03-02,0.17378048780487804,0.14189189189189189
3753977,882,625,257,402,317,85,male,Premier League,2015/2016,2016-03-19,0.29138321995464855,0.21144278606965175
3753980,959,750,209,426,348,78,male,Premier League,2015/2016,2016-03-19,0.21793534932221065,0.18309859154929578
3753981,860,639,221,434,347,87,male,Premier League,2015/2016,2016-01-12,0.2569767441860465,0.20046082949308755
3753982,786,577,209,395,303,92,male,Premier League,2015/2016,2016-04-03,0.26590330788804073,0.23291139240506328
3753985,901,685,216,500,407,93,male,Premier League,2015/2016,2015-08-09,0.2397336293007769,0.186
3753986,886,700,186,438,358,80,male,Premier League,2015/2016,2016-04-10,0.20993227990970656,0.182648401826484
3753987,784,621,163,302,241,61,male,Premier League,2015/2016,2015-08-22,0.20790816326530612,0.20198675496688742
3753988,826,621,205,378,313,65,male,Premier League,2015/2016,2016-03-12,0.24818401937046006,0.17195767195767195
3753989,919,719,200,462,360,102,male,Premier League,2015/2016,2016-05-11,0.2176278563656148,0.22077922077922077
3753990,915,697,218,443,341,102,male,Premier League,2015/2016,2016-04-24,0.23825136612021858,0.23024830699774265
3753991,909,691,218,483,392,91,male,Premier League,2015/2016,2016-03-02,0.23982398239823982,0.18840579710144928
3753992,853,660,193,328,252,76,male,Premier League,2015/2016,2016-05-08,0.22626025791324736,0.23170731707317074
3753994,796,625,171,384,318,66,male,Premier League,2015/2016,2016-05-15,0.21482412060301506,0.171875
3753997,934,773,161,489,427,62,male,Premier League,2015/2016,2016-02-02,0.17237687366167023,0.12678936605316973
3753998,772,572,200,395,309,86,male,Premier League,2015/2016,2015-12-28,0.25906735751295334,0.21772151898734177
3754000,876,625,251,360,277,83,male,Premier League,2015/2016,2015-11-07,0.2865296803652968,0.23055555555555557
3754002,896,692,204,465,365,100,male,Premier League,2015/2016,2016-03-14,0.22767857142857142,0.21505376344086022
3754003,985,796,189,495,404,91,male,Premier League,2015/2016,2015-09-12,0.1918781725888325,0.18383838383838383
3754004,789,599,190,408,339,69,male,Premier League,2015/2016,2016-01-16,0.24081115335868186,0.16911764705882354
3754005,832,630,202,529,438,91,male,Premier League,2015/2016,2016-03-02,0.24278846153846154,0.1720226843100189
3754009,1004,836,168,441,364,77,male,Premier League,2015/2016,2016-04-17,0.16733067729083664,0.1746031746031746
3754012,980,806,174,506,428,78,male,Premier League,2015/2016,2016-02-27,0.17755102040816326,0.1541501976284585
3754016,856,644,212,472,382,90,male,Premier League,2015/2016,2016-04-09,0.24766355140186916,0.1906779661016949
3754018,994,834,160,460,387,73,male,Premier League,2015/2016,2016-05-01,0.16096579476861167,0.15869565217391304
3754019,919,760,159,537,471,66,male,Premier League,2015/2016,2015-12-28,0.17301414581066377,0.12290502793296089
3754021,817,613,204,423,346,77,male,Premier League,2015/2016,2016-01-12,0.24969400244798043,0.18203309692671396
3754022,577,345,232,208,128,80,male,Premier League,2015/2016,2016-04-09,0.4020797227036395,0.38461538461538464
3754024,827,600,227,371,297,74,male,Premier League,2015/2016,2016-04-16,0.27448609431680776,0.19946091644204852
3754026,665,474,191,360,288,72,male,Premier League,2015/2016,2016-05-07,0.28721804511278193,0.2
3754027,907,702,205,503,403,100,male,Premier League,2015/2016,2016-01-16,0.22601984564498345,0.1988071570576541
3754030,798,569,229,458,344,114,male,Premier League,2015/2016,2016-04-09,0.2869674185463659,0.24890829694323144
3754031,745,548,197,377,301,76,male,Premier League,2015/2016,2016-02-13,0.2644295302013423,0.20159151193633953
3754032,982,819,163,509,446,63,male,Premier League,2015/2016,2016-01-13,0.1659877800407332,0.1237721021611002
3754033,834,671,163,357,290,67,male,Premier League,2015/2016,2016-05-07,0.19544364508393286,0.1876750700280112
3754034,875,697,178,526,431,95,male,Premier League,2015/2016,2015-08-15,0.20342857142857143,0.1806083650190114
3754035,845,672,173,454,378,76,male,Premier League,2015/2016,2016-04-09,0.20473372781065088,0.16740088105726872
3754036,859,645,214,458,353,105,male,Premier League,2015/2016,2016-01-02,0.24912689173457508,0.2292576419213974
3754059,842,665,177,495,406,89,male,Premier League,2015/2016,2015-08-23,0.21021377672209027,0.1797979797979798
3754061,905,735,170,459,393,66,male,Premier League,2015/2016,2016-03-05,0.1878453038674033,0.1437908496732026
3754062,819,643,176,422,357,65,male,Premier League,2015/2016,2016-01-13,0.2148962148962149,0.15402843601895735
3754063,916,726,190,502,427,75,male,Premier League,2015/2016,2016-04-30,0.2074235807860262,0.14940239043824702
3754064,921,739,182,476,400,76,male,Premier League,2015/2016,2016-03-20,0.1976112920738328,0.15966386554621848
3754065,744,530,214,397,308,89,male,Premier League,2015/2016,2016-01-13,0.28763440860215056,0.22418136020151133
3754066,833,682,151,421,362,59,male,Premier League,2015/2016,2015-08-16,0.18127250900360145,0.14014251781472684
3754069,919,773,146,547,467,80,male,Premier League,2015/2016,2016-01-02,0.1588683351468988,0.14625228519195613
3754070,880,693,187,372,309,63,male,Premier League,2015/2016,2016-05-07,0.2125,0.1693548387096774
3754071,861,702,159,298,244,54,male,Premier League,2015/2016,2016-01-13,0.18466898954703834,0.18120805369127516
3754075,1028,845,183,623,522,101,male,Premier League,2015/2016,2016-04-02,0.17801556420233464,0.16211878009630817
3754080,870,653,217,344,266,78,male,Premier League,2015/2016,2016-02-06,0.24942528735632183,0.22674418604651161
3754081,910,658,252,520,410,110,male,Premier League,2015/2016,2016-03-06,0.27692307692307694,0.21153846153846154
3754084,734,531,203,411,336,75,male,Premier League,2015/2016,2016-01-23,0.276566757493188,0.18248175182481752
3754086,794,625,169,438,358,80,male,Premier League,2015/2016,2016-04-20,0.2128463476070529,0.182648401826484
3754087,875,668,207,521,415,106,male,Premier League,2015/2016,2016-04-02,0.23657142857142857,0.2034548944337812
3754088,916,740,176,481,402,79,male,Premier League,2015/2016,2016-01-12,0.19213973799126638,0.16424116424116425
3754089,772,568,204,388,295,93,male,Premier League,2015/2016,2016-02-02,0.26424870466321243,0.23969072164948454
3754092,734,600,134,376,321,55,male,Premier League,2015/2016,2016-05-02,0.18256130790190736,0.14627659574468085
3754094,941,771,170,466,390,76,male,Premier League,2015/2016,2016-02-02,0.1806588735387885,0.1630901287553648
3754095,844,600,244,415,320,95,male,Premier League,2015/2016,2016-02-02,0.2890995260663507,0.2289156626506024
3754100,723,528,195,420,325,95,male,Premier League,2015/2016,2016-03-20,0.2697095435684647,0.2261904761904762
3754101,845,621,224,352,276,76,male,Premier League,2015/2016,2016-01-02,0.2650887573964497,0.2159090909090909
3754103,1004,804,200,541,444,97,male,Premier League,2015/2016,2016-02-03,0.199203187250996,0.17929759704251386
3754108,923,745,178,453,369,84,male,Premier League,2015/2016,2016-05-07,0.19284940411700974,0.18543046357615894
3754109,859,661,198,419,331,88,male,Premier League,2015/2016,2015-11-22,0.23050058207217694,0.2100238663484487
3754110,832,645,187,439,357,82,male,Premier League,2015/2016,2016-01-23,0.2247596153846154,0.1867881548974943
3754111,1005,841,164,397,337,60,male,Premier League,2015/2016,2016-01-24,0.16318407960199005,0.15113350125944586
3754114,919,738,181,485,402,83,male,Premier League,2015/2016,2016-01-03,0.1969532100108814,0.1711340206185567
3754116,1034,821,213,675,554,121,male,Premier League,2015/2016,2016-04-09,0.2059961315280464,0.17925925925925926
3754118,1100,918,182,538,447,91,male,Premier League,2015/2016,2016-04-02,0.16545454545454547,0.1691449814126394
3754120,802,639,163,351,300,51,male,Premier League,2015/2016,2016-02-06,0.20324189526184538,0.1452991452991453
3754121,665,474,191,287,220,67,male,Premier League,2015/2016,2016-02-27,0.28721804511278193,0.23344947735191637
3754122,776,589,187,402,314,88,male,Premier League,2015/2016,2016-01-02,0.24097938144329897,0.21890547263681592
3754123,842,654,188,447,373,74,male,Premier League,2015/2016,2016-05-15,0.22327790973871733,0.16554809843400448
3754124,847,664,183,436,378,58,male,Premier League,2015/2016,2016-03-20,0.21605667060212513,0.13302752293577982
3754125,1050,877,173,600,502,98,male,Premier League,2015/2016,2016-01-16,0.16476190476190475,0.16333333333333333
3754127,920,747,173,399,329,70,male,Premier League,2015/2016,2016-02-06,0.18804347826086956,0.17543859649122806
3754131,808,584,224,427,322,105,male,Premier League,2015/2016,2015-08-22,0.27722772277227725,0.2459016393442623
3754132,650,455,195,347,275,72,male,Premier League,2015/2016,2016-04-30,0.3,0.207492795389049
3754134,757,559,198,365,286,79,male,Premier League,2015/2016,2016-05-10,0.261558784676354,0.21643835616438356
3754137,756,585,171,317,245,72,male,Premier League,2015/2016,2016-04-16,0.2261904761904762,0.22712933753943218
3754138,750,575,175,292,231,61,male,Premier League,2015/2016,2015-08-08,0.23333333333333334,0.2089041095890411
3754139,865,649,216,448,356,92,male,Premier League,2015/2016,2016-02-13,0.24971098265895952,0.20535714285714285
3754140,988,806,182,524,443,81,male,Premier League,2015/2016,2016-01-03,0.18421052631578946,0.15458015267175573
3754142,1020,877,143,468,408,60,male,Premier League,2015/2016,2016-01-13,0.14019607843137255,0.1282051282051282
3754144,1017,843,174,592,513,79,male,Premier League,2015/2016,2016-04-02,0.1710914454277286,0.13344594594594594
3754147,1027,818,209,536,444,92,male,Premier League,2015/2016,2016-02-14,0.2035053554040896,0.17164179104477612
3754156,955,679,276,456,335,121,male,Premier League,2015/2016,2015-11-07,0.28900523560209423,0.26535087719298245
3754173,1034,868,166,534,449,85,male,Premier League,2015/2016,2015-12-28,0.16054158607350097,0.15917602996254682
3754175,702,483,219,337,235,102,male,Premier League,2015/2016,2016-04-02,0.31196581196581197,0.3026706231454006
3754180,820,623,197,407,316,91,male,Premier League,2015/2016,2015-08-22,0.24024390243902438,0.22358722358722358
3754182,994,789,205,529,445,84,male,Premier League,2015/2016,2015-12-12,0.2062374245472837,0.15879017013232513
3754189,852,607,245,475,361,114,male,Premier League,2015/2016,2015-08-23,0.2875586854460094,0.24
3754190,719,544,175,402,324,78,male,Premier League,2015/2016,2015-08-22,0.24339360222531292,0.19402985074626866
3754203,810,622,188,307,239,68,male,Premier League,2015/2016,2015-08-15,0.23209876543209876,0.22149837133550487
3754240,917,747,170,417,352,65,male,Premier League,2015/2016,2015-09-12,0.18538713195201745,0.15587529976019185
3754247,903,679,224,477,374,103,male,Premier League,2015/2016,2015-11-21,0.24806201550387597,0.21593291404612158
3754265,817,607,210,357,287,70,male,Premier League,2015/2016,2015-11-08,0.25703794369645044,0.19607843137254902
3754300,894,677,217,521,409,112,male,Premier League,2015/2016,2015-08-08,0.24272930648769575,0.21497120921305182
3754312,951,762,189,478,395,83,male,Premier League,2015/2016,2015-08-16,0.19873817034700317,0.17364016736401675
3754336,909,759,150,424,356,68,male,Premier League,2015/2016,2015-09-12,0.16501650165016502,0.16037735849056603
3754344,967,833,134,562,485,77,male,Premier League,2015/2016,2015-08-15,0.13857290589451912,0.13701067615658363
3754149,976,770,206,482,402,80,male,Premier League,2015/2016,2016-05-15,0.21106557377049182,0.16597510373443983
3754151,760,547,213,433,324,109,male,Premier League,2015/2016,2016-03-05,0.2802631578947368,0.2517321016166282
3754152,730,514,216,379,292,87,male,Premier League,2015/2016,2016-04-10,0.2958904109589041,0.22955145118733508
3754154,918,661,257,445,340,105,male,Premier League,2015/2016,2016-04-23,0.27995642701525053,0.23595505617977527
3754155,778,542,236,464,349,115,male,Premier League,2015/2016,2016-04-16,0.3033419023136247,0.2478448275862069
3754158,843,671,172,484,400,84,male,Premier League,2015/2016,2016-05-07,0.2040332147093713,0.17355371900826447
3754159,997,838,159,451,389,62,male,Premier League,2015/2016,2016-05-17,0.15947843530591777,0.13747228381374724
3754161,867,652,215,406,332,74,male,Premier League,2015/2016,2016-01-18,0.24798154555940022,0.18226600985221675
3754163,1029,823,206,550,454,96,male,Premier League,2015/2016,2016-01-24,0.2001943634596696,0.17454545454545456
3754164,747,528,219,351,267,84,male,Premier League,2015/2016,2016-03-05,0.2931726907630522,0.23931623931623933
3754165,813,630,183,437,350,87,male,Premier League,2015/2016,2016-05-01,0.22509225092250923,0.19908466819221968
3754168,839,635,204,423,340,83,male,Premier League,2015/2016,2016-01-16,0.2431466030989273,0.19621749408983452
3754170,749,543,206,353,266,87,male,Premier League,2015/2016,2016-04-30,0.2750333778371162,0.24645892351274787
3754172,638,412,226,245,178,67,male,Premier League,2015/2016,2016-04-16,0.3542319749216301,0.27346938775510204
3754176,727,552,175,369,274,95,male,Premier League,2015/2016,2016-04-02,0.2407152682255846,0.25745257452574527
3754177,877,659,218,529,423,106,male,Premier League,2015/2016,2016-03-05,0.24857468643101482,0.2003780718336484
3754179,821,615,206,364,293,71,male,Premier League,2015/2016,2016-01-23,0.25091352009744217,0.19505494505494506
3754181,738,532,206,356,273,83,male,Premier League,2015/2016,2016-03-19,0.2791327913279133,0.23314606741573032
3754183,929,697,232,617,488,129,male,Premier League,2015/2016,2016-01-13,0.24973089343379978,0.20907617504051865
3754184,977,788,189,553,446,107,male,Premier League,2015/2016,2016-04-30,0.19344933469805528,0.19349005424954793
3754187,782,623,159,406,339,67,male,Premier League,2015/2016,2016-04-18,0.20332480818414322,0.16502463054187191
3754191,998,810,188,453,380,73,male,Premier League,2015/2016,2015-11-01,0.18837675350701402,0.16114790286975716
3754192,808,599,209,438,351,87,male,Premier League,2015/2016,2016-04-30,0.25866336633663367,0.19863013698630136
3754195,673,505,168,376,293,83,male,Premier League,2015/2016,2015-12-28,0.24962852897473997,0.22074468085106383
3754196,878,674,204,471,376,95,male,Premier League,2015/2016,2016-03-12,0.23234624145785876,0.20169851380042464
3754199,708,566,142,345,290,55,male,Premier League,2015/2016,2016-05-15,0.20056497175141244,0.15942028985507245
3754200,799,547,252,485,359,126,male,Premier League,2015/2016,2016-01-23,0.31539424280350437,0.2597938144329897
3754201,814,629,185,470,369,101,male,Premier League,2015/2016,2016-02-02,0.22727272727272727,0.2148936170212766
3754202,884,675,209,452,367,85,male,Premier League,2015/2016,2016-01-17,0.23642533936651583,0.18805309734513273
3754206,898,642,256,456,359,97,male,Premier League,2015/2016,2016-04-19,0.28507795100222716,0.21271929824561403
3754207,901,689,212,569,470,99,male,Premier League,2015/2016,2016-05-11,0.23529411764705882,0.17398945518453426
3754209,814,580,234,397,300,97,male,Premier League,2015/2016,2016-04-10,0.28746928746928746,0.24433249370277077
3754210,835,630,205,437,341,96,male,Premier League,2015/2016,2016-05-07,0.24550898203592814,0.21967963386727687
3754214,1019,852,167,629,540,89,male,Premier League,2015/2016,2016-02-14,0.16388616290480865,0.14149443561208266
3754215,819,621,198,402,300,102,male,Premier League,2015/2016,2015-12-05,0.24175824175824176,0.2537313432835821
3754216,974,774,200,566,463,103,male,Premier League,2015/2016,2016-04-17,0.2053388090349076,0.18197879858657243
3754220,896,689,207,469,384,85,male,Premier League,2015/2016,2016-03-06,0.23102678571428573,0.1812366737739872
3754224,837,648,189,395,328,67,male,Premier League,2015/2016,2016-03-19,0.22580645161290322,0.16962025316455695
3754225,836,657,179,360,293,67,male,Premier League,2015/2016,2016-05-07,0.21411483253588517,0.18611111111111112
3754227,707,519,188,300,237,63,male,Premier League,2015/2016,2016-04-17,0.26591230551626593,0.21
3754228,987,787,200,460,380,80,male,Premier League,2015/2016,2016-04-24,0.20263424518743667,0.17391304347826086
3754229,954,770,184,426,357,69,male,Premier League,2015/2016,2016-05-15,0.1928721174004193,0.1619718309859155
3754231,756,526,230,335,261,74,male,Premier League,2015/2016,2016-03-01,0.30423280423280424,0.2208955223880597
3754232,768,581,187,290,237,53,male,Premier League,2015/2016,2016-03-02,0.24348958333333334,0.18275862068965518
3754236,728,535,193,439,342,97,male,Premier League,2015/2016,2016-02-27,0.2651098901098901,0.22095671981776766
3754239,827,670,157,375,319,56,male,Premier League,2015/2016,2016-02-28,0.18984280532043532,0.14933333333333335
3754241,900,730,170,437,365,72,male,Premier League,2015/2016,2016-04-09,0.18888888888888888,0.16475972540045766
3754242,977,817,160,402,342,60,male,Premier League,2015/2016,2016-04-23,0.16376663254861823,0.14925373134328357
3754243,849,615,234,432,329,103,male,Premier League,2015/2016,2016-04-02,0.2756183745583039,0.23842592592592593
3754244,771,513,258,345,250,95,male,Premier League,2015/2016,2016-02-13,0.3346303501945525,0.2753623188405797
3754248,838,632,206,368,302,66,male,Premier League,2015/2016,2015-12-26,0.2458233890214797,0.1793478260869565
3754249,1138,975,163,683,605,78,male,Premier League,2015/2016,2016-03-05,0.14323374340949033,0.11420204978038068
3754250,867,634,233,392,302,90,male,Premier League,2015/2016,2016-01-16,0.2687427912341407,0.22959183673469388
3754251,764,559,205,413,319,94,male,Premier League,2015/2016,2016-01-02,0.2683246073298429,0.22760290556900725
3754252,823,646,177,443,362,81,male,Premier League,2015/2016,2016-02-03,0.21506682867557717,0.18284424379232506
3754253,981,772,209,559,451,108,male,Premier League,2015/2016,2016-02-07,0.2130479102956167,0.19320214669051877
3754260,886,716,170,281,236,45,male,Premier League,2015/2016,2016-01-16,0.19187358916478556,0.1601423487544484
3754261,939,728,211,484,398,86,male,Premier League,2015/2016,2016-02-14,0.22470713525026625,0.17768595041322313
3754262,911,719,192,387,322,65,male,Premier League,2015/2016,2016-04-09,0.21075740944017562,0.16795865633074936
3754264,1003,826,177,504,432,72,male,Premier League,2015/2016,2016-02-13,0.17647058823529413,0.14285714285714285
3754271,851,635,216,431,342,89,male,Premier League,2015/2016,2016-01-23,0.25381903642773207,0.20649651972157773
3754272,951,757,194,556,447,109,male,Premier League,2015/2016,2016-04-02,0.20399579390115669,0.1960431654676259
3754274,839,683,156,438,366,72,male,Premier League,2015/2016,2016-02-13,0.18593563766388557,0.1643835616438356
3754275,874,644,230,416,320,96,male,Premier League,2015/2016,2016-02-02,0.2631578947368421,0.23076923076923078
3754277,825,677,148,411,343,68,male,Premier League,2015/2016,2016-03-05,0.17939393939393938,0.1654501216545012
3754280,966,769,197,546,448,98,male,Premier League,2015/2016,2016-03-01,0.2039337474120083,0.1794871794871795
3754281,817,640,177,358,301,57,male,Premier League,2015/2016,2016-02-07,0.21664626682986537,0.15921787709497207
3754282,901,726,175,505,427,78,male,Premier League,2015/2016,2016-04-23,0.19422863485016648,0.15445544554455445
3754284,982,817,165,461,391,70,male,Premier League,2015/2016,2016-04-21,0.1680244399185336,0.15184381778741865
3754289,791,590,201,409,323,86,male,Premier League,2015/2016,2016-03-05,0.25410872313527183,0.21026894865525672
3754290,833,647,186,383,318,65,male,Premier League,2015/2016,2016-02-06,0.22328931572629052,0.16971279373368145
3754292,720,546,174,357,281,76,male,Premier League,2015/2016,2016-02-06,0.24166666666666667,0.21288515406162464
3754294,892,710,182,521,437,84,male,Premier League,2015/2016,2016-04-20,0.2040358744394619,0.16122840690978887
3754295,862,696,166,415,345,70,male,Premier League,2015/2016,2016-04-16,0.1925754060324826,0.1686746987951807
3754299,931,742,189,512,431,81,male,Premier League,2015/2016,2016-04-03,0.20300751879699247,0.158203125
3754303,799,606,193,406,322,84,male,Premier League,2015/2016,2016-02-06,0.24155193992490614,0.20689655172413793
3754305,858,656,202,417,343,74,male,Premier League,2015/2016,2016-01-13,0.23543123543123542,0.1774580335731415
3754306,763,559,204,418,324,94,male,Premier League,2015/2016,2016-02-06,0.2673656618610747,0.22488038277511962
3754307,904,754,150,590,511,79,male,Premier League,2015/2016,2016-04-23,0.16592920353982302,0.13389830508474576
3754308,759,555,204,396,301,95,male,Premier League,2015/2016,2016-05-15,0.26877470355731226,0.2398989898989899
3754310,931,783,148,494,429,65,male,Premier League,2015/2016,2016-04-20,0.158968850698174,0.13157894736842105
3754313,925,738,187,458,395,63,male,Premier League,2015/2016,2016-03-12,0.20216216216216215,0.13755458515283842
3754314,837,630,207,378,306,72,male,Premier League,2015/2016,2016-05-08,0.24731182795698925,0.19047619047619047
3754316,954,731,223,408,332,76,male,Premier League,2015/2016,2016-02-06,0.23375262054507337,0.18627450980392157
3754317,777,567,210,404,310,94,male,Premier League,2015/2016,2016-02-02,0.2702702702702703,0.23267326732673269
3754318,795,576,219,422,323,99,male,Premier League,2015/2016,2016-03-05,0.27547169811320754,0.23459715639810427
3754319,910,742,168,474,387,87,male,Premier League,2015/2016,2016-01-02,0.18461538461538463,0.18354430379746836
3754320,947,764,183,515,431,84,male,Premier League,2015/2016,2016-05-01,0.1932418162618796,0.16310679611650486
3754321,904,683,221,422,336,86,male,Premier League,2015/2016,2016-02-27,0.24446902654867256,0.2037914691943128
3754322,1021,849,172,517,443,74,male,Premier League,2015/2016,2016-04-16,0.168462291870715,0.14313346228239845
3754324,755,555,200,376,284,92,male,Premier League,2015/2016,2016-02-28,0.26490066225165565,0.24468085106382978
3754326,775,575,200,369,284,85,male,Premier League,2015/2016,2015-12-28,0.25806451612903225,0.23035230352303523
3754327,1003,802,201,523,423,100,male,Premier League,2015/2016,2016-03-01,0.20039880358923232,0.19120458891013384
3754331,771,532,239,423,309,114,male,Premier League,2015/2016,2016-02-27,0.3099870298313878,0.2695035460992908
3754332,757,605,152,296,238,58,male,Premier League,2015/2016,2016-04-25,0.20079260237780713,0.19594594594594594
3754333,909,762,147,480,411,69,male,Premier League,2015/2016,2016-05-15,0.1617161716171617,0.14375
3754334,740,539,201,245,193,52,male,Premier League,2015/2016,2016-03-01,0.2716216216216216,0.21224489795918366
3754338,879,701,178,519,431,88,male,Premier League,2015/2016,2016-01-16,0.2025028441410694,0.16955684007707128
3754340,845,651,194,450,366,84,male,Premier League,2015/2016,2016-02-02,0.22958579881656804,0.18666666666666668
3754341,784,578,206,479,379,100,male,Premier League,2015/2016,2016-01-23,0.2627551020408163,0.20876826722338204
3754342,811,653,158,308,266,42,male,Premier League,2015/2016,2016-05-08,0.19482120838471023,0.13636363636363635
3754345,881,652,229,357,288,69,male,Premier League,2015/2016,2016-01-17,0.2599318955732123,0.19327731092436976
3754346,819,613,206,319,252,67,male,Premier League,2015/2016,2016-01-02,0.2515262515262515,0.21003134796238246
3754348,817,583,234,366,288,78,male,Premier League,2015/2016,2016-01-23,0.2864137086903305,0.21311475409836064
3749052,830,599,231,417,318,99,male,Premier League,2003/2004,2004-02-07,0.2783132530120482,0.23741007194244604
3749068,759,611,148,320,272,48,male,Premier League,2003/2004,2004-04-25,0.19499341238471674,0.15
3749079,884,702,182,483,403,80,male,Premier League,2003/2004,2003-10-18,0.20588235294117646,0.16563146997929606
3749108,796,600,196,476,373,103,male,Premier League,2003/2004,2003-08-27,0.24623115577889448,0.21638655462184875
3749117,764,535,229,396,305,91,male,Premier League,2003/2004,2004-01-07,0.299738219895288,0.2297979797979798
3749133,833,596,237,424,315,109,male,Premier League,2003/2004,2004-01-18,0.2845138055222089,0.25707547169811323
3749153,839,656,183,447,363,84,male,Premier League,2003/2004,2004-01-10,0.21811680572109654,0.18791946308724833
3749192,917,711,206,393,326,67,male,Premier League,2003/2004,2003-11-30,0.22464558342420937,0.17048346055979643
3749196,629,414,215,261,182,79,male,Premier League,2003/2004,2003-11-08,0.34181240063593005,0.30268199233716475
3749233,863,650,213,422,331,91,male,Premier League,2003/2004,2004-02-01,0.24681344148319814,0.2156398104265403
3749246,707,525,182,371,292,79,male,Premier League,2003/2004,2004-03-28,0.25742574257425743,0.21293800539083557
3749253,828,626,202,360,289,71,male,Premier League,2003/2004,2003-10-04,0.24396135265700483,0.19722222222222222
3749257,892,738,154,408,343,65,male,Premier League,2003/2004,2004-05-15,0.1726457399103139,0.15931372549019607
3749274,874,708,166,450,371,79,male,Premier League,2003/2004,2004-05-04,0.18993135011441648,0.17555555555555555
3749276,766,580,186,331,264,67,male,Premier League,2003/2004,2004-02-21,0.24281984334203655,0.20241691842900303
3749278,712,506,206,340,262,78,male,Premier League,2003/2004,2003-12-20,0.2893258426966292,0.22941176470588234
3749296,743,537,206,365,280,85,male,Premier League,2003/2004,2003-09-13,0.2772543741588156,0.2328767123287671
3749310,832,622,210,417,333,84,male,Premier League,2003/2004,2003-12-29,0.25240384615384615,0.2014388489208633
3749346,837,606,231,417,327,90,male,Premier League,2003/2004,2003-11-01,0.27598566308243727,0.2158273381294964
3749358,1047,862,185,644,539,105,male,Premier League,2003/2004,2003-08-24,0.1766953199617956,0.16304347826086957
3749360,949,710,239,553,443,110,male,Premier League,2003/2004,2003-12-14,0.2518440463645943,0.19891500904159132
3749403,801,598,203,384,303,81,male,Premier League,2003/2004,2004-03-20,0.2534332084893883,0.2109375
3749431,806,557,249,471,348,123,male,Premier League,2003/2004,2004-04-11,0.30893300248138955,0.2611464968152866
3749434,845,611,234,470,355,115,male,Premier League,2003/2004,2003-11-22,0.27692307692307694,0.24468085106382978
3749448,777,594,183,375,315,60,male,Premier League,2003/2004,2004-04-09,0.23552123552123552,0.16
3749453,875,668,207,458,356,102,male,Premier League,2003/2004,2004-04-16,0.23657142857142857,0.22270742358078602
3749454,887,608,279,516,385,131,male,Premier League,2003/2004,2003-08-31,0.314543404735062,0.25387596899224807
3749462,1001,803,198,645,530,115,male,Premier League,2003/2004,2004-05-01,0.1978021978021978,0.17829457364341086
3749465,977,753,224,595,492,103,male,Premier League,2003/2004,2004-03-13,0.2292732855680655,0.173109243697479
3749493,687,497,190,355,277,78,male,Premier League,2003/2004,2003-08-16,0.2765647743813683,0.21971830985915494
3749522,897,711,186,355,291,64,male,Premier League,2003/2004,2003-12-26,0.20735785953177258,0.18028169014084508
3749526,840,617,223,439,352,87,male,Premier League,2003/2004,2003-10-26,0.2654761904761905,0.19817767653758542
3749528,802,568,234,373,279,94,male,Premier League,2003/2004,2003-09-26,0.29177057356608477,0.2520107238605898
3749552,906,697,209,532,437,95,male,Premier League,2003/2004,2003-09-21,0.2306843267108168,0.17857142857142858
3749590,809,592,217,433,331,102,male,Premier League,2003/2004,2003-12-06,0.26823238566131025,0.23556581986143188
3749603,859,614,245,399,301,98,male,Premier League,2003/2004,2004-05-09,0.2852153667054715,0.24561403508771928
3749631,774,511,263,308,230,78,male,Premier League,2003/2004,2004-02-10,0.3397932816537468,0.2532467532467532
3749642,923,697,226,422,343,79,male,Premier League,2003/2004,2004-02-28,0.24485373781148428,0.1872037914691943
3754020,823,644,179,442,366,76,male,Premier League,2015/2016,2015-08-17,0.2174969623329283,0.17194570135746606
3754078,825,641,184,448,366,82,male,Premier League,2015/2016,2015-08-08,0.22303030303030302,0.18303571428571427
3754128,936,759,177,427,360,67,male,Premier League,2015/2016,2015-08-08,0.1891025641025641,0.15690866510538642
3754141,891,709,182,538,447,91,male,Premier League,2015/2016,2015-08-09,0.20426487093153758,0.1691449814126394
3754258,983,795,188,431,352,79,male,Premier League,2015/2016,2015-11-08,0.19125127161749747,0.18329466357308585
3754267,831,619,212,437,358,79,male,Premier League,2015/2016,2015-08-15,0.25511432009626955,0.18077803203661327
3754349,756,517,239,333,249,84,male,Premier League,2015/2016,2016-03-02,0.31613756613756616,0.25225225225225223
3754350,850,666,184,424,344,80,male,Premier League,2015/2016,2016-02-13,0.2164705882352941,0.18867924528301888
3878541,801,635,166,412,342,70,male,Serie A,2015/2016,2015-08-22,0.20724094881398253,0.16990291262135923
3879542,858,702,156,475,406,69,male,Serie A,2015/2016,2015-09-23,0.18181818181818182,0.14526315789473684
3879551,787,600,187,410,331,79,male,Serie A,2015/2016,2015-09-27,0.23761118170266837,0.1926829268292683
3879556,650,464,186,207,162,45,male,Serie A,2015/2016,2015-09-28,0.28615384615384615,0.21739130434782608
3879557,822,610,212,449,358,91,male,Serie A,2015/2016,2015-10-03,0.25790754257907544,0.2026726057906459
3879562,1020,800,220,587,493,94,male,Serie A,2015/2016,2015-10-04,0.21568627450980393,0.16013628620102216
3879564,933,761,172,574,487,87,male,Serie A,2015/2016,2015-10-04,0.18435155412647375,0.15156794425087108
3879566,838,638,200,366,293,73,male,Serie A,2015/2016,2015-10-04,0.2386634844868735,0.1994535519125683
3879567,991,795,196,521,426,95,male,Serie A,2015/2016,2015-10-17,0.1977800201816347,0.18234165067178504
3879575,969,765,204,531,442,89,male,Serie A,2015/2016,2015-10-18,0.21052631578947367,0.16760828625235405
3879579,872,692,180,473,395,78,male,Serie A,2015/2016,2015-10-24,0.20642201834862386,0.1649048625792812
3879582,902,714,188,391,314,77,male,Serie A,2015/2016,2015-10-25,0.20842572062084258,0.1969309462915601
3879585,809,615,194,342,283,59,male,Serie A,2015/2016,2015-10-25,0.23980222496909764,0.17251461988304093
3879587,992,819,173,472,394,78,male,Serie A,2015/2016,2015-10-27,0.1743951612903226,0.1652542372881356
3879600,738,527,211,324,252,72,male,Serie A,2015/2016,2015-11-01,0.2859078590785908,0.2222222222222222
3879608,897,694,203,512,417,95,male,Serie A,2015/2016,2015-11-07,0.22630992196209587,0.185546875
3879609,857,648,209,465,375,90,male,Serie A,2015/2016,2015-11-08,0.24387397899649943,0.1935483870967742
3879628,864,666,198,467,394,73,male,Serie A,2015/2016,2015-11-28,0.22916666666666666,0.15631691648822268
3879632,807,556,251,380,294,86,male,Serie A,2015/2016,2015-11-29,0.3110285006195787,0.22631578947368422
3879645,999,759,240,479,363,116,male,Serie A,2015/2016,2015-12-06,0.24024024024024024,0.24217118997912318
3879653,942,783,159,597,513,84,male,Serie A,2015/2016,2015-12-13,0.16878980891719744,0.1407035175879397
3879663,858,613,245,477,363,114,male,Serie A,2015/2016,2015-12-20,0.28554778554778554,0.2389937106918239
3879664,803,619,184,336,281,55,male,Serie A,2015/2016,2015-12-20,0.22914072229140722,0.1636904761904762
3879665,809,627,182,436,354,82,male,Serie A,2015/2016,2015-12-20,0.2249690976514215,0.18807339449541285
3879699,1004,851,153,605,532,73,male,Serie A,2015/2016,2016-01-24,0.15239043824701196,0.1206611570247934
3879703,883,653,230,511,408,103,male,Serie A,2015/2016,2016-01-24,0.26047565118912797,0.20156555772994128
3879705,867,679,188,384,314,70,male,Serie A,2015/2016,2016-01-24,0.21683967704728951,0.18229166666666666
3879750,836,622,214,441,352,89,male,Serie A,2015/2016,2016-02-21,0.25598086124401914,0.2018140589569161
3879773,910,706,204,471,397,74,male,Serie A,2015/2016,2016-03-06,0.22417582417582418,0.15711252653927812
3879779,870,669,201,337,275,62,male,Serie A,2015/2016,2016-03-12,0.23103448275862068,0.18397626112759644
3879780,953,776,177,481,398,83,male,Serie A,2015/2016,2016-03-13,0.18572927597061908,0.17255717255717257
3879781,892,693,199,492,412,80,male,Serie A,2015/2016,2016-03-13,0.22309417040358745,0.16260162601626016
3879782,795,509,286,363,257,106,male,Serie A,2015/2016,2016-03-13,0.35974842767295595,0.29201101928374656
3879783,940,730,210,504,402,102,male,Serie A,2015/2016,2016-03-13,0.22340425531914893,0.20238095238095238
3879784,813,626,187,453,360,93,male,Serie A,2015/2016,2016-03-13,0.23001230012300122,0.2052980132450331
3879785,835,573,262,433,315,118,male,Serie A,2015/2016,2016-03-13,0.3137724550898204,0.27251732101616627
3879786,1170,974,196,725,621,104,male,Serie A,2015/2016,2016-03-13,0.1675213675213675,0.14344827586206896
3879787,933,734,199,449,376,73,male,Serie A,2015/2016,2016-03-19,0.2132904608788853,0.16258351893095768
3879788,901,703,198,382,311,71,male,Serie A,2015/2016,2016-03-19,0.21975582685904552,0.18586387434554974
3879792,804,585,219,348,269,79,male,Serie A,2015/2016,2016-03-20,0.27238805970149255,0.22701149425287356
3879794,803,608,195,404,326,78,male,Serie A,2015/2016,2016-03-20,0.24283935242839352,0.19306930693069307
3879795,750,506,244,429,314,115,male,Serie A,2015/2016,2016-03-20,0.3253333333333333,0.2680652680652681
3879817,1008,817,191,438,366,72,male,Serie A,2015/2016,2016-04-16,0.18948412698412698,0.1643835616438356
3879819,769,571,198,386,305,81,male,Serie A,2015/2016,2016-04-16,0.2574772431729519,0.20984455958549222
3879825,1019,825,194,621,520,101,male,Serie A,2015/2016,2016-04-17,0.1903827281648675,0.16264090177133655
3879828,849,692,157,393,328,65,male,Serie A,2015/2016,2016-04-20,0.18492343934040048,0.16539440203562342
3879830,880,672,208,420,337,83,male,Serie A,2015/2016,2016-04-20,0.23636363636363636,0.1976190476190476
3879832,812,618,194,441,357,84,male,Serie A,2015/2016,2016-04-20,0.23891625615763548,0.19047619047619047
3879833,972,815,157,442,375,67,male,Serie A,2015/2016,2016-04-20,0.16152263374485595,0.1515837104072398
3879836,937,747,190,463,384,79,male,Serie A,2015/2016,2016-04-21,0.20277481323372465,0.17062634989200864
3879837,841,669,172,405,335,70,male,Serie A,2015/2016,2016-04-23,0.20451843043995244,0.1728395061728395
3879838,808,614,194,401,312,89,male,Serie A,2015/2016,2016-04-24,0.2400990099009901,0.22194513715710723
3879839,1054,893,161,601,523,78,male,Serie A,2015/2016,2016-04-24,0.1527514231499051,0.129783693843594
3879840,958,774,184,511,429,82,male,Serie A,2015/2016,2016-04-24,0.19206680584551147,0.16046966731898238
3879847,841,715,126,436,377,59,male,Serie A,2015/2016,2016-04-30,0.14982164090368608,0.1353211009174312
3879862,1028,866,162,483,421,62,male,Serie A,2015/2016,2016-05-08,0.1575875486381323,0.12836438923395446
3879863,970,772,198,364,297,67,male,Serie A,2015/2016,2016-05-08,0.20412371134020618,0.18406593406593408
3878559,811,616,195,474,371,103,male,Serie A,2015/2016,2015-08-30,0.2404438964241677,0.21729957805907174
3878605,943,780,163,459,401,58,male,Serie A,2015/2016,2015-09-20,0.1728525980911983,0.12636165577342048
3878606,925,777,148,562,489,73,male,Serie A,2015/2016,2015-09-20,0.16,0.1298932384341637
3878607,810,644,166,335,267,68,male,Serie A,2015/2016,2015-09-20,0.20493827160493827,0.20298507462686566
3878608,749,554,195,384,292,92,male,Serie A,2015/2016,2015-09-20,0.260347129506008,0.23958333333333334
3878610,665,487,178,338,266,72,male,Serie A,2015/2016,2015-09-20,0.26766917293233083,0.21301775147928995
3878611,775,604,171,416,341,75,male,Serie A,2015/2016,2015-09-20,0.22064516129032258,0.18028846153846154
3879620,1164,947,217,732,623,109,male,Serie A,2015/2016,2015-11-22,0.18642611683848798,0.1489071038251366
3879621,816,616,200,371,300,71,male,Serie A,2015/2016,2015-11-22,0.24509803921568626,0.19137466307277629
3879622,712,496,216,347,270,77,male,Serie A,2015/2016,2015-11-22,0.30337078651685395,0.2219020172910663
3879623,974,807,167,442,383,59,male,Serie A,2015/2016,2015-11-22,0.17145790554414783,0.1334841628959276
3879624,823,590,233,413,320,93,male,Serie A,2015/2016,2015-11-22,0.28311057108140947,0.22518159806295399
3879625,929,697,232,492,390,102,male,Serie A,2015/2016,2015-11-22,0.24973089343379978,0.2073170731707317
3879626,780,592,188,356,284,72,male,Serie A,2015/2016,2015-11-22,0.24102564102564103,0.20224719101123595
3879627,925,728,197,485,405,80,male,Serie A,2015/2016,2015-11-28,0.21297297297297296,0.16494845360824742
3879636,972,713,259,487,385,102,male,Serie A,2015/2016,2015-11-30,0.2664609053497942,0.20944558521560575
3879700,918,712,206,539,443,96,male,Serie A,2015/2016,2016-01-24,0.22440087145969498,0.17810760667903525
3879701,1145,985,160,570,499,71,male,Serie A,2015/2016,2016-01-24,0.13973799126637554,0.12456140350877193
3879702,851,632,219,408,326,82,male,Serie A,2015/2016,2016-01-24,0.2573443008225617,0.20098039215686275
3879704,930,715,215,469,383,86,male,Serie A,2015/2016,2016-01-24,0.23118279569892472,0.18336886993603413
3879706,818,675,143,394,331,63,male,Serie A,2015/2016,2016-01-24,0.17481662591687042,0.1598984771573604
3879707,797,617,180,381,319,62,male,Serie A,2015/2016,2016-01-30,0.2258469259723965,0.16272965879265092
3879732,848,649,199,381,309,72,male,Serie A,2015/2016,2016-02-07,0.2346698113207547,0.1889763779527559
3879737,890,676,214,488,399,89,male,Serie A,2015/2016,2016-02-11,0.24044943820224718,0.18237704918032788
3879738,928,696,232,479,363,116,male,Serie A,2015/2016,2016-02-12,0.25,0.24217118997912318
3879739,1117,937,180,674,586,88,male,Serie A,2015/2016,2016-02-13,0.1611459265890779,0.13056379821958458
3879740,683,526,157,262,216,46,male,Serie A,2015/2016,2016-02-13,0.22986822840409957,0.17557251908396945
3879741,782,556,226,399,310,89,male,Serie A,2015/2016,2016-02-13,0.289002557544757,0.22305764411027568
3879742,836,609,227,479,380,99,male,Serie A,2015/2016,2016-02-14,0.2715311004784689,0.20668058455114824
3879743,784,579,205,348,273,75,male,Serie A,2015/2016,2016-02-14,0.2614795918367347,0.21551724137931033
3879744,881,670,211,430,344,86,male,Serie A,2015/2016,2016-02-14,0.2395005675368899,0.2
3879745,779,632,147,285,235,50,male,Serie A,2015/2016,2016-02-14,0.18870346598202825,0.17543859649122806
3879746,853,676,177,399,336,63,male,Serie A,2015/2016,2016-02-14,0.20750293083235638,0.15789473684210525
3879747,964,794,170,420,363,57,male,Serie A,2015/2016,2016-02-19,0.17634854771784234,0.1357142857142857
3879748,645,466,179,343,268,75,male,Serie A,2015/2016,2016-02-20,0.2775193798449612,0.21865889212827988
3879749,814,615,199,347,284,63,male,Serie A,2015/2016,2016-02-20,0.24447174447174447,0.18155619596541786
3879754,703,506,197,348,273,75,male,Serie A,2015/2016,2016-02-21,0.2802275960170697,0.21551724137931033
3879756,982,783,199,478,397,81,male,Serie A,2015/2016,2016-02-22,0.20264765784114053,0.1694560669456067
3879771,844,617,227,413,319,94,male,Serie A,2015/2016,2016-03-06,0.26895734597156395,0.22760290556900725
3879772,826,621,205,396,309,87,male,Serie A,2015/2016,2016-03-06,0.24818401937046006,0.2196969696969697
3879774,925,738,187,465,387,78,male,Serie A,2015/2016,2016-03-06,0.20216216216216215,0.16774193548387098
3879776,935,721,214,570,454,116,male,Serie A,2015/2016,2016-03-06,0.2288770053475936,0.20350877192982456
3879777,834,644,190,406,332,74,male,Serie A,2015/2016,2016-03-11,0.2278177458033573,0.18226600985221675
3879778,914,707,207,487,400,87,male,Serie A,2015/2016,2016-03-12,0.22647702407002188,0.17864476386036962
3879805,798,603,195,445,349,96,male,Serie A,2015/2016,2016-04-03,0.24436090225563908,0.2157303370786517
3879806,822,619,203,391,305,86,male,Serie A,2015/2016,2016-04-04,0.24695863746958638,0.21994884910485935
3879807,866,621,245,483,369,114,male,Serie A,2015/2016,2016-04-09,0.28290993071593534,0.2360248447204969
3879808,828,629,199,373,307,66,male,Serie A,2015/2016,2016-04-09,0.24033816425120774,0.1769436997319035
3879809,809,577,232,313,235,78,male,Serie A,2015/2016,2016-04-09,0.2867737948084054,0.24920127795527156
3879810,801,647,154,344,292,52,male,Serie A,2015/2016,2016-04-09,0.19225967540574282,0.1511627906976744
3879811,1054,878,176,620,542,78,male,Serie A,2015/2016,2016-04-10,0.16698292220113853,0.12580645161290321
3879812,997,794,203,504,412,92,male,Serie A,2015/2016,2016-04-10,0.20361083249749248,0.18253968253968253
3879813,772,569,203,368,285,83,male,Serie A,2015/2016,2016-04-10,0.26295336787564766,0.22554347826086957
3879814,887,716,171,412,341,71,male,Serie A,2015/2016,2016-04-10,0.1927846674182638,0.17233009708737865
3879815,842,697,145,390,327,63,male,Serie A,2015/2016,2016-04-10,0.17220902612826602,0.16153846153846155
3879816,1024,773,251,477,377,100,male,Serie A,2015/2016,2016-04-11,0.2451171875,0.20964360587002095
3879818,1007,858,149,429,379,50,male,Serie A,2015/2016,2016-04-16,0.14796425024826215,0.11655011655011654
3879820,856,702,154,319,281,38,male,Serie A,2015/2016,2016-04-17,0.17990654205607476,0.11912225705329153
3879821,820,624,196,323,257,66,male,Serie A,2015/2016,2016-04-17,0.23902439024390243,0.2043343653250774
3879822,796,609,187,410,337,73,male,Serie A,2015/2016,2016-04-17,0.23492462311557788,0.17804878048780487
3879823,853,659,194,439,358,81,male,Serie A,2015/2016,2016-04-17,0.22743259085580306,0.1845102505694761
3879824,785,600,185,379,311,68,male,Serie A,2015/2016,2016-04-17,0.2356687898089172,0.17941952506596306
3879826,693,470,223,379,292,87,male,Serie A,2015/2016,2016-04-17,0.3217893217893218,0.22955145118733508
3879827,1125,954,171,634,557,77,male,Serie A,2015/2016,2016-04-19,0.152,0.12145110410094637
3879829,903,716,187,427,344,83,male,Serie A,2015/2016,2016-04-20,0.2070874861572536,0.19437939110070257
3879831,827,609,218,399,314,85,male,Serie A,2015/2016,2016-04-20,0.26360338573155984,0.21303258145363407
3879834,808,613,195,323,242,81,male,Serie A,2015/2016,2016-04-20,0.24133663366336633,0.25077399380804954
3879835,925,787,138,517,451,66,male,Serie A,2015/2016,2016-04-20,0.1491891891891892,0.1276595744680851
3879841,672,455,217,293,215,78,male,Serie A,2015/2016,2016-04-24,0.3229166666666667,0.26621160409556316
3879842,806,570,236,388,302,86,male,Serie A,2015/2016,2016-04-24,0.29280397022332505,0.22164948453608246
3879843,872,688,184,421,348,73,male,Serie A,2015/2016,2016-04-24,0.21100917431192662,0.17339667458432304
3879844,934,710,224,399,321,78,male,Serie A,2015/2016,2016-04-25,0.2398286937901499,0.19548872180451127
3879845,1040,816,224,580,471,109,male,Serie A,2015/2016,2016-04-25,0.2153846153846154,0.1879310344827586
3879846,846,629,217,489,381,108,male,Serie A,2015/2016,2016-04-25,0.2565011820330969,0.22085889570552147
3879848,948,777,171,471,395,76,male,Serie A,2015/2016,2016-04-30,0.18037974683544303,0.1613588110403397
3879849,1061,876,185,637,543,94,male,Serie A,2015/2016,2016-05-01,0.17436380772855797,0.14756671899529042
3879850,949,783,166,429,373,56,male,Serie A,2015/2016,2016-05-01,0.1749209694415174,0.13053613053613053
3879851,631,471,160,241,188,53,male,Serie A,2015/2016,2016-05-01,0.25356576862123614,0.21991701244813278
3879852,863,650,213,460,345,115,male,Serie A,2015/2016,2016-05-01,0.24681344148319814,0.25
3879853,931,755,176,507,422,85,male,Serie A,2015/2016,2016-05-01,0.18904403866809882,0.16765285996055226
3879854,858,662,196,403,322,81,male,Serie A,2015/2016,2016-05-01,0.22843822843822845,0.20099255583126552
3879855,1152,939,213,616,512,104,male,Serie A,2015/2016,2016-05-02,0.18489583333333334,0.16883116883116883
3879856,927,740,187,491,402,89,male,Serie A,2015/2016,2016-05-02,0.2017259978425027,0.18126272912423624
3879857,978,781,197,482,398,84,male,Serie A,2015/2016,2016-05-07,0.20143149284253578,0.17427385892116182
3879858,903,726,177,485,400,85,male,Serie A,2015/2016,2016-05-07,0.19601328903654486,0.17525773195876287
3879859,751,554,197,463,361,102,male,Serie A,2015/2016,2016-05-08,0.2623169107856192,0.2203023758099352
3879860,840,685,155,473,403,70,male,Serie A,2015/2016,2016-05-08,0.18452380952380953,0.14799154334038056
3879861,660,484,176,308,252,56,male,Serie A,2015/2016,2016-05-08,0.26666666666666666,0.18181818181818182
3879864,882,706,176,404,333,71,male,Serie A,2015/2016,2016-05-08,0.19954648526077098,0.17574257425742573
3879865,768,573,195,417,329,88,male,Serie A,2015/2016,2016-05-08,0.25390625,0.21103117505995203
3879866,1100,951,149,580,507,73,male,Serie A,2015/2016,2016-05-08,0.13545454545454547,0.12586206896551724
3879867,974,832,142,583,512,71,male,Serie A,2015/2016,2016-05-14,0.1457905544147844,0.12178387650085763
3879868,927,751,176,458,388,70,male,Serie A,2015/2016,2016-05-14,0.18985976267529667,0.15283842794759825
3879869,1059,874,185,491,421,70,male,Serie A,2015/2016,2016-05-14,0.17469310670443816,0.1425661914460285
3879870,880,751,129,482,424,58,male,Serie A,2015/2016,2016-05-14,0.14659090909090908,0.12033195020746888
3879871,845,636,209,522,424,98,male,Serie A,2015/2016,2016-05-15,0.24733727810650888,0.18773946360153257
3879872,1035,850,185,480,406,74,male,Serie A,2015/2016,2016-05-15,0.178743961352657,0.15416666666666667
3879873,959,819,140,480,420,60,male,Serie A,2015/2016,2016-05-15,0.145985401459854,0.125
3879874,977,799,178,457,383,74,male,Serie A,2015/2016,2016-05-15,0.18219037871033777,0.16192560175054704
3879875,875,739,136,452,395,57,male,Serie A,2015/2016,2016-05-15,0.15542857142857142,0.1261061946902655
3879876,833,644,189,401,327,74,male,Serie A,2015/2016,2016-05-15,0.226890756302521,0.18453865336658354
3879654,820,585,235,418,332,86,male,Serie A,2015/2016,2015-12-13,0.2865853658536585,0.20574162679425836
3879655,903,708,195,356,286,70,male,Serie A,2015/2016,2015-12-14,0.2159468438538206,0.19662921348314608
3879656,812,608,204,390,295,95,male,Serie A,2015/2016,2015-12-19,0.2512315270935961,0.24358974358974358
3879657,927,735,192,465,378,87,male,Serie A,2015/2016,2015-12-20,0.20711974110032363,0.1870967741935484
3879658,715,566,149,340,290,50,male,Serie A,2015/2016,2015-12-20,0.2083916083916084,0.14705882352941177
3879659,879,695,184,443,358,85,male,Serie A,2015/2016,2015-12-20,0.20932878270762229,0.19187358916478556
3879660,930,736,194,399,334,65,male,Serie A,2015/2016,2015-12-20,0.2086021505376344,0.16290726817042606
3879661,969,766,203,575,483,92,male,Serie A,2015/2016,2015-12-20,0.20949432404540763,0.16
3879662,1053,859,194,528,448,80,male,Serie A,2015/2016,2015-12-20,0.1842355175688509,0.15151515151515152
3879666,828,649,179,381,308,73,male,Serie A,2015/2016,2016-01-05,0.21618357487922704,0.19160104986876642
3879667,865,649,216,369,300,69,male,Serie A,2015/2016,2016-01-06,0.24971098265895952,0.18699186991869918
3879668,983,768,215,477,380,97,male,Serie A,2015/2016,2016-01-06,0.21871820956256358,0.20335429769392033
3879669,1005,843,162,465,398,67,male,Serie A,2015/2016,2016-01-06,0.16119402985074627,0.14408602150537633
3879670,926,756,170,398,329,69,male,Serie A,2015/2016,2016-01-06,0.183585313174946,0.17336683417085427
3879671,895,663,232,429,336,93,male,Serie A,2015/2016,2016-01-06,0.25921787709497207,0.21678321678321677
3879672,777,592,185,344,282,62,male,Serie A,2015/2016,2016-01-06,0.23809523809523808,0.18023255813953487
3879673,739,540,199,366,283,83,male,Serie A,2015/2016,2016-01-06,0.2692828146143437,0.226775956284153
3879674,911,710,201,379,295,84,male,Serie A,2015/2016,2016-01-06,0.22063666300768386,0.22163588390501318
3879675,842,606,236,496,392,104,male,Serie A,2015/2016,2016-01-06,0.28028503562945367,0.20967741935483872
3879676,857,660,197,411,325,86,male,Serie A,2015/2016,2016-01-09,0.22987164527421236,0.20924574209245742
3879677,872,682,190,367,315,52,male,Serie A,2015/2016,2016-01-09,0.21788990825688073,0.14168937329700274
3879678,941,651,290,565,424,141,male,Serie A,2015/2016,2016-01-09,0.30818278427205104,0.24955752212389382
3879679,1019,857,162,492,422,70,male,Serie A,2015/2016,2016-01-10,0.1589793915603533,0.14227642276422764
3879680,925,708,217,491,401,90,male,Serie A,2015/2016,2016-01-10,0.23459459459459459,0.18329938900203666
3879681,793,576,217,365,285,80,male,Serie A,2015/2016,2016-01-10,0.27364438839848676,0.2191780821917808
3879682,834,652,182,366,305,61,male,Serie A,2015/2016,2016-01-10,0.2182254196642686,0.16666666666666666
3879683,744,559,185,468,371,97,male,Serie A,2015/2016,2016-01-10,0.24865591397849462,0.20726495726495728
3879684,898,725,173,330,268,62,male,Serie A,2015/2016,2016-01-10,0.19265033407572382,0.18787878787878787
3879685,918,718,200,478,398,80,male,Serie A,2015/2016,2016-01-10,0.2178649237472767,0.16736401673640167
3879686,1066,833,233,613,510,103,male,Serie A,2015/2016,2016-01-16,0.21857410881801126,0.16802610114192496
3879687,721,552,169,288,219,69,male,Serie A,2015/2016,2016-01-16,0.23439667128987518,0.23958333333333334
3879688,804,598,206,436,338,98,male,Serie A,2015/2016,2016-01-16,0.2562189054726368,0.22477064220183487
3879689,838,629,209,454,354,100,male,Serie A,2015/2016,2016-01-17,0.2494033412887828,0.22026431718061673
3879690,878,705,173,376,310,66,male,Serie A,2015/2016,2016-01-17,0.1970387243735763,0.17553191489361702
3879691,891,685,206,467,376,91,male,Serie A,2015/2016,2016-01-17,0.23120089786756454,0.1948608137044968
3879692,933,721,212,437,357,80,male,Serie A,2015/2016,2016-01-17,0.22722400857449088,0.18306636155606407
3879693,969,812,157,548,484,64,male,Serie A,2015/2016,2016-01-17,0.16202270381836945,0.11678832116788321
3879694,848,598,250,382,285,97,male,Serie A,2015/2016,2016-01-17,0.294811320754717,0.25392670157068065
3879695,820,630,190,444,355,89,male,Serie A,2015/2016,2016-01-17,0.23170731707317074,0.20045045045045046
3879696,889,678,211,466,374,92,male,Serie A,2015/2016,2016-01-20,0.2373453318335208,0.19742489270386265
3879697,732,491,241,325,242,83,male,Serie A,2015/2016,2016-01-23,0.3292349726775956,0.2553846153846154
3879698,940,744,196,559,456,103,male,Serie A,2015/2016,2016-01-23,0.20851063829787234,0.18425760286225404
3879708,870,640,230,435,351,84,male,Serie A,2015/2016,2016-01-30,0.26436781609195403,0.19310344827586207
3879709,801,532,269,346,254,92,male,Serie A,2015/2016,2016-01-30,0.3358302122347066,0.2658959537572254
3879710,896,733,163,506,430,76,male,Serie A,2015/2016,2016-01-31,0.18191964285714285,0.15019762845849802
3879711,772,579,193,449,350,99,male,Serie A,2015/2016,2016-01-31,0.25,0.22048997772828507
3879712,774,601,173,361,301,60,male,Serie A,2015/2016,2016-01-31,0.2235142118863049,0.16620498614958448
3879713,1111,928,183,715,622,93,male,Serie A,2015/2016,2016-01-31,0.16471647164716471,0.13006993006993006
3879714,990,866,124,474,414,60,male,Serie A,2015/2016,2016-01-31,0.12525252525252525,0.12658227848101267
3879715,726,560,166,374,304,70,male,Serie A,2015/2016,2016-01-31,0.22865013774104684,0.18716577540106952
3879716,845,635,210,403,302,101,male,Serie A,2015/2016,2016-01-31,0.2485207100591716,0.2506203473945409
3879717,885,699,186,450,375,75,male,Serie A,2015/2016,2016-02-02,0.21016949152542372,0.16666666666666666
3879718,776,610,166,323,261,62,male,Serie A,2015/2016,2016-02-03,0.21391752577319587,0.19195046439628483
3879719,841,640,201,344,280,64,male,Serie A,2015/2016,2016-02-03,0.2390011890606421,0.18604651162790697
3879720,1071,827,244,585,475,110,male,Serie A,2015/2016,2016-02-03,0.22782446311858076,0.18803418803418803
3879721,884,716,168,550,463,87,male,Serie A,2015/2016,2016-02-03,0.19004524886877827,0.15818181818181817
3879722,736,500,236,278,202,76,male,Serie A,2015/2016,2016-02-03,0.32065217391304346,0.2733812949640288
3879723,848,656,192,386,315,71,male,Serie A,2015/2016,2016-02-03,0.22641509433962265,0.18393782383419688
3879724,814,625,189,277,221,56,male,Serie A,2015/2016,2016-02-03,0.2321867321867322,0.20216606498194944
3879725,767,575,192,343,278,65,male,Serie A,2015/2016,2016-02-03,0.2503259452411995,0.18950437317784258
3879726,853,651,202,394,316,78,male,Serie A,2015/2016,2016-02-03,0.23681125439624853,0.19796954314720813
3879727,785,516,269,402,289,113,male,Serie A,2015/2016,2016-02-06,0.34267515923566877,0.2810945273631841
3879728,962,769,193,497,408,89,male,Serie A,2015/2016,2016-02-06,0.20062370062370063,0.1790744466800805
3879729,785,597,188,373,304,69,male,Serie A,2015/2016,2016-02-07,0.2394904458598726,0.18498659517426275
3879730,747,572,175,299,236,63,male,Serie A,2015/2016,2016-02-07,0.23427041499330656,0.21070234113712374
3879731,987,784,203,583,480,103,male,Serie A,2015/2016,2016-02-07,0.20567375886524822,0.17667238421955403
3879733,783,605,178,412,329,83,male,Serie A,2015/2016,2016-02-07,0.227330779054917,0.20145631067961164
3879734,827,615,212,424,341,83,male,Serie A,2015/2016,2016-02-07,0.25634824667472794,0.1957547169811321
3879735,877,669,208,418,334,84,male,Serie A,2015/2016,2016-02-07,0.23717217787913342,0.20095693779904306
3879736,1038,866,172,479,411,68,male,Serie A,2015/2016,2016-02-07,0.16570327552986513,0.1419624217118998
3879751,1036,853,183,627,538,89,male,Serie A,2015/2016,2016-02-21,0.17664092664092665,0.1419457735247209
3879752,793,604,189,419,333,86,male,Serie A,2015/2016,2016-02-21,0.23833543505674654,0.2052505966587112
3879753,860,659,201,437,364,73,male,Serie A,2015/2016,2016-02-21,0.23372093023255813,0.16704805491990846
3879755,837,630,207,420,343,77,male,Serie A,2015/2016,2016-02-21,0.24731182795698925,0.18333333333333332
3879757,948,763,185,448,369,79,male,Serie A,2015/2016,2016-02-27,0.19514767932489452,0.17633928571428573
3879758,845,665,180,468,382,86,male,Serie A,2015/2016,2016-02-27,0.21301775147928995,0.18376068376068377
3879759,959,778,181,411,338,73,male,Serie A,2015/2016,2016-02-28,0.18873826903023982,0.17761557177615572
3879760,877,666,211,459,371,88,male,Serie A,2015/2016,2016-02-28,0.24059293044469784,0.19172113289760348
3879761,639,429,210,302,211,91,male,Serie A,2015/2016,2016-02-28,0.3286384976525822,0.30132450331125826
3879762,793,579,214,412,328,84,male,Serie A,2015/2016,2016-02-28,0.2698612862547289,0.20388349514563106
3879763,621,438,183,267,206,61,male,Serie A,2015/2016,2016-02-28,0.2946859903381642,0.22846441947565543
3879764,793,574,219,405,311,94,male,Serie A,2015/2016,2016-02-28,0.27616645649432536,0.23209876543209876
3879765,1209,965,244,714,587,127,male,Serie A,2015/2016,2016-02-29,0.20181968569065342,0.17787114845938376
3879766,788,515,273,334,241,93,male,Serie A,2015/2016,2016-02-29,0.3464467005076142,0.27844311377245506
3879767,904,722,182,358,299,59,male,Serie A,2015/2016,2016-03-04,0.2013274336283186,0.164804469273743
3879768,907,713,194,442,358,84,male,Serie A,2015/2016,2016-03-05,0.21389195148842338,0.19004524886877827
3879769,1165,970,195,825,714,111,male,Serie A,2015/2016,2016-03-05,0.16738197424892703,0.13454545454545455
3879770,856,635,221,466,366,100,male,Serie A,2015/2016,2016-03-06,0.25817757009345793,0.2145922746781116
3879775,901,699,202,557,453,104,male,Serie A,2015/2016,2016-03-06,0.2241953385127636,0.1867145421903052
3879789,769,561,208,315,253,62,male,Serie A,2015/2016,2016-03-20,0.270481144343303,0.19682539682539682
3879790,766,594,172,383,298,85,male,Serie A,2015/2016,2016-03-20,0.2245430809399478,0.22193211488250653
3879791,802,603,199,425,336,89,male,Serie A,2015/2016,2016-03-20,0.24812967581047382,0.20941176470588235
3879793,812,562,250,420,314,106,male,Serie A,2015/2016,2016-03-20,0.3078817733990148,0.2523809523809524
3879796,1062,829,233,523,445,78,male,Serie A,2015/2016,2016-03-20,0.2193973634651601,0.1491395793499044
3879797,883,651,232,469,372,97,male,Serie A,2015/2016,2016-04-02,0.2627406568516421,0.2068230277185501
3879798,941,769,172,477,399,78,male,Serie A,2015/2016,2016-04-02,0.18278427205100956,0.16352201257861634
3879799,837,653,184,405,326,79,male,Serie A,2015/2016,2016-04-03,0.21983273596176822,0.19506172839506172
3879800,870,699,171,372,301,71,male,Serie A,2015/2016,2016-04-03,0.19655172413793104,0.19086021505376344
3879801,961,846,115,452,411,41,male,Serie A,2015/2016,2016-04-03,0.11966701352757544,0.09070796460176991
3879802,915,720,195,505,422,83,male,Serie A,2015/2016,2016-04-03,0.21311475409836064,0.16435643564356436
3879803,772,580,192,331,272,59,male,Serie A,2015/2016,2016-04-03,0.24870466321243523,0.1782477341389728
3879804,694,505,189,341,267,74,male,Serie A,2015/2016,2016-04-03,0.2723342939481268,0.21700879765395895
3878592,841,671,170,415,342,73,male,Serie A,2015/2016,2015-09-12,0.20214030915576695,0.17590361445783131
3878593,669,487,182,285,214,71,male,Serie A,2015/2016,2015-09-12,0.27204783258594917,0.24912280701754386
3878594,842,677,165,356,297,59,male,Serie A,2015/2016,2015-09-12,0.19596199524940616,0.16573033707865167
3878595,840,636,204,449,366,83,male,Serie A,2015/2016,2015-09-13,0.24285714285714285,0.18485523385300667
3878596,792,628,164,292,246,46,male,Serie A,2015/2016,2015-09-13,0.20707070707070707,0.15753424657534246
3878597,1010,816,194,490,417,73,male,Serie A,2015/2016,2015-09-13,0.19207920792079208,0.1489795918367347
3878598,740,544,196,311,252,59,male,Serie A,2015/2016,2015-09-13,0.2648648648648649,0.18971061093247588
3878599,801,617,184,393,316,77,male,Serie A,2015/2016,2015-09-13,0.22971285892634208,0.19592875318066158
3878600,684,529,155,400,334,66,male,Serie A,2015/2016,2015-09-13,0.22660818713450293,0.165
3878601,953,795,158,440,372,68,male,Serie A,2015/2016,2015-09-14,0.1657922350472193,0.15454545454545454
3878602,842,641,201,436,360,76,male,Serie A,2015/2016,2015-09-19,0.23871733966745842,0.1743119266055046
3878603,827,628,199,380,300,80,male,Serie A,2015/2016,2015-09-19,0.24062877871825877,0.21052631578947367
3878604,1010,823,187,526,450,76,male,Serie A,2015/2016,2015-09-20,0.18514851485148515,0.1444866920152091
3878609,883,716,167,310,263,47,male,Serie A,2015/2016,2015-09-20,0.18912797281993204,0.15161290322580645
3879537,749,552,197,340,269,71,male,Serie A,2015/2016,2015-09-22,0.2630173564753004,0.2088235294117647
3879538,789,627,162,367,304,63,male,Serie A,2015/2016,2015-09-23,0.20532319391634982,0.17166212534059946
3879539,952,773,179,435,376,59,male,Serie A,2015/2016,2015-09-23,0.1880252100840336,0.135632183908046
3879540,935,776,159,383,326,57,male,Serie A,2015/2016,2015-09-23,0.17005347593582887,0.14882506527415143
3879541,967,776,191,453,385,68,male,Serie A,2015/2016,2015-09-23,0.19751809720785937,0.15011037527593818
3879543,863,706,157,411,359,52,male,Serie A,2015/2016,2015-09-23,0.18192352259559674,0.12652068126520682
3879544,895,709,186,471,402,69,male,Serie A,2015/2016,2015-09-23,0.20782122905027933,0.1464968152866242
3879545,774,611,163,343,276,67,male,Serie A,2015/2016,2015-09-23,0.21059431524547803,0.19533527696793002
3879546,963,763,200,500,411,89,male,Serie A,2015/2016,2015-09-24,0.20768431983385255,0.178
3879547,981,805,176,479,396,83,male,Serie A,2015/2016,2015-09-26,0.17940876656472987,0.1732776617954071
3879548,956,796,160,472,409,63,male,Serie A,2015/2016,2015-09-26,0.16736401673640167,0.13347457627118645
3879549,689,499,190,319,248,71,male,Serie A,2015/2016,2015-09-27,0.2757619738751814,0.2225705329153605
3879550,1128,989,139,589,520,69,male,Serie A,2015/2016,2015-09-27,0.12322695035460993,0.11714770797962648
3879552,876,623,253,438,316,122,male,Serie A,2015/2016,2015-09-27,0.2888127853881279,0.2785388127853881
3879553,804,579,225,376,291,85,male,Serie A,2015/2016,2015-09-27,0.2798507462686567,0.22606382978723405
3879554,884,730,154,469,415,54,male,Serie A,2015/2016,2015-09-27,0.17420814479638008,0.11513859275053305
3879555,733,553,180,372,288,84,male,Serie A,2015/2016,2015-09-28,0.24556616643929058,0.22580645161290322
3879558,840,703,137,430,372,58,male,Serie A,2015/2016,2015-10-03,0.1630952380952381,0.13488372093023257
3879559,1017,865,152,510,456,54,male,Serie A,2015/2016,2015-10-04,0.14945919370698132,0.10588235294117647
3879560,716,528,188,376,290,86,male,Serie A,2015/2016,2015-10-04,0.26256983240223464,0.22872340425531915
3879561,923,785,138,457,408,49,male,Serie A,2015/2016,2015-10-04,0.1495124593716143,0.10722100656455143
3879563,773,595,178,389,320,69,male,Serie A,2015/2016,2015-10-04,0.23027166882276842,0.17737789203084833
3879565,867,714,153,417,345,72,male,Serie A,2015/2016,2015-10-04,0.17647058823529413,0.17266187050359713
3879568,810,646,164,372,310,62,male,Serie A,2015/2016,2015-10-17,0.20246913580246914,0.16666666666666666
3879569,916,730,186,587,499,88,male,Serie A,2015/2016,2015-10-18,0.20305676855895197,0.14991482112436116
3879570,794,584,210,473,386,87,male,Serie A,2015/2016,2015-10-18,0.26448362720403024,0.1839323467230444
3879571,881,692,189,430,358,72,male,Serie A,2015/2016,2015-10-18,0.21452894438138478,0.16744186046511628
3879572,956,747,209,535,432,103,male,Serie A,2015/2016,2015-10-18,0.2186192468619247,0.1925233644859813
3879573,833,587,246,409,308,101,male,Serie A,2015/2016,2015-10-18,0.29531812725090034,0.2469437652811736
3879574,883,719,164,353,291,62,male,Serie A,2015/2016,2015-10-18,0.1857304643261608,0.17563739376770537
3879576,736,567,169,336,279,57,male,Serie A,2015/2016,2015-10-18,0.2296195652173913,0.16964285714285715
3879577,799,590,209,331,261,70,male,Serie A,2015/2016,2015-10-24,0.2615769712140175,0.21148036253776434
3879578,927,758,169,361,306,55,male,Serie A,2015/2016,2015-10-24,0.18230852211434737,0.1523545706371191
3879580,984,835,149,511,443,68,male,Serie A,2015/2016,2015-10-25,0.15142276422764228,0.13307240704500978
3879581,1040,804,236,601,481,120,male,Serie A,2015/2016,2015-10-25,0.22692307692307692,0.19966722129783693
3879583,935,734,201,435,342,93,male,Serie A,2015/2016,2015-10-25,0.21497326203208555,0.21379310344827587
3879584,870,651,219,438,345,93,male,Serie A,2015/2016,2015-10-25,0.2517241379310345,0.21232876712328766
3879586,893,744,149,415,365,50,male,Serie A,2015/2016,2015-10-25,0.16685330347144456,0.12048192771084337
3879588,834,612,222,430,334,96,male,Serie A,2015/2016,2015-10-28,0.26618705035971224,0.22325581395348837
3879589,596,419,177,286,219,67,male,Serie A,2015/2016,2015-10-28,0.29697986577181207,0.23426573426573427
3879590,799,617,182,372,300,72,male,Serie A,2015/2016,2015-10-28,0.22778473091364204,0.1935483870967742
3879591,812,611,201,313,261,52,male,Serie A,2015/2016,2015-10-28,0.24753694581280788,0.16613418530351437
3879592,904,760,144,480,421,59,male,Serie A,2015/2016,2015-10-28,0.1592920353982301,0.12291666666666666
3879593,1183,984,199,683,594,89,male,Serie A,2015/2016,2015-10-28,0.16821639898562976,0.13030746705710103
3879594,913,689,224,459,376,83,male,Serie A,2015/2016,2015-10-28,0.24534501642935377,0.18082788671023964
3879595,1053,844,209,564,459,105,male,Serie A,2015/2016,2015-10-28,0.19848053181386516,0.18617021276595744
3879596,950,775,175,416,348,68,male,Serie A,2015/2016,2015-10-29,0.18421052631578946,0.16346153846153846
3879597,897,770,127,422,369,53,male,Serie A,2015/2016,2015-10-31,0.1415830546265329,0.12559241706161137
3879598,888,702,186,356,294,62,male,Serie A,2015/2016,2015-10-31,0.20945945945945946,0.17415730337078653
3879599,769,545,224,380,285,95,male,Serie A,2015/2016,2015-11-01,0.29128738621586475,0.25
3879601,837,603,234,374,284,90,male,Serie A,2015/2016,2015-11-01,0.27956989247311825,0.24064171122994651
3879602,1071,931,140,511,460,51,male,Serie A,2015/2016,2015-11-01,0.13071895424836602,0.09980430528375733
3879603,806,580,226,515,388,127,male,Serie A,2015/2016,2015-11-01,0.2803970223325062,0.24660194174757283
3879604,818,627,191,433,347,86,male,Serie A,2015/2016,2015-11-01,0.2334963325183374,0.19861431870669746
3879605,856,668,188,416,349,67,male,Serie A,2015/2016,2015-11-02,0.21962616822429906,0.16105769230769232
3879606,915,694,221,449,360,89,male,Serie A,2015/2016,2015-11-02,0.24153005464480876,0.19821826280623608
3879607,797,596,201,415,341,74,male,Serie A,2015/2016,2015-11-07,0.2521957340025094,0.1783132530120482
3879610,740,539,201,314,246,68,male,Serie A,2015/2016,2015-11-08,0.2716216216216216,0.21656050955414013
3879611,767,572,195,374,298,76,male,Serie A,2015/2016,2015-11-08,0.2542372881355932,0.20320855614973263
3879612,656,457,199,296,225,71,male,Serie A,2015/2016,2015-11-08,0.30335365853658536,0.23986486486486486
3879613,948,767,181,560,481,79,male,Serie A,2015/2016,2015-11-08,0.1909282700421941,0.14107142857142857
3879614,946,754,192,434,347,87,male,Serie A,2015/2016,2015-11-08,0.2029598308668076,0.20046082949308755
3879615,849,625,224,467,365,102,male,Serie A,2015/2016,2015-11-08,0.26383981154299174,0.21841541755888652
3879616,1035,854,181,433,361,72,male,Serie A,2015/2016,2015-11-08,0.1748792270531401,0.16628175519630484
3879617,590,280,310,241,129,112,male,Serie A,2015/2016,2015-11-21,0.5254237288135594,0.46473029045643155
3879618,875,700,175,425,340,85,male,Serie A,2015/2016,2015-11-21,0.2,0.2
3879619,801,584,217,413,325,88,male,Serie A,2015/2016,2015-11-22,0.27091136079900124,0.21307506053268765
3879629,690,485,205,293,224,69,male,Serie A,2015/2016,2015-11-29,0.2971014492753623,0.2354948805460751
3879630,986,809,177,431,363,68,male,Serie A,2015/2016,2015-11-29,0.1795131845841785,0.15777262180974477
3879631,796,576,220,451,344,107,male,Serie A,2015/2016,2015-11-29,0.27638190954773867,0.23725055432372505
3879633,814,617,197,440,346,94,male,Serie A,2015/2016,2015-11-29,0.24201474201474202,0.21363636363636362
3879634,766,527,239,344,252,92,male,Serie A,2015/2016,2015-11-29,0.31201044386422977,0.26744186046511625
3879635,1180,962,218,668,563,105,male,Serie A,2015/2016,2015-11-30,0.1847457627118644,0.15718562874251496
3879637,941,737,204,442,368,74,male,Serie A,2015/2016,2015-12-04,0.21679064824654623,0.167420814479638
3879638,935,731,204,471,391,80,male,Serie A,2015/2016,2015-12-05,0.21818181818181817,0.16985138004246284
3879639,860,702,158,310,254,56,male,Serie A,2015/2016,2015-12-05,0.18372093023255814,0.18064516129032257
3879640,651,418,233,327,241,86,male,Serie A,2015/2016,2015-12-06,0.3579109062980031,0.26299694189602446
3879641,906,682,224,480,369,111,male,Serie A,2015/2016,2015-12-06,0.24724061810154527,0.23125
3879642,772,547,225,366,284,82,male,Serie A,2015/2016,2015-12-06,0.2914507772020725,0.22404371584699453
3879643,876,668,208,490,403,87,male,Serie A,2015/2016,2015-12-06,0.2374429223744292,0.17755102040816326
3879644,879,650,229,506,403,103,male,Serie A,2015/2016,2015-12-06,0.2605233219567691,0.20355731225296442
3879646,944,740,204,438,371,67,male,Serie A,2015/2016,2015-12-06,0.21610169491525424,0.15296803652968036
3879647,756,563,193,361,279,82,male,Serie A,2015/2016,2015-12-12,0.2552910052910053,0.22714681440443213
3879648,931,715,216,463,366,97,male,Serie A,2015/2016,2015-12-12,0.23200859291084855,0.20950323974082075
3879649,654,458,196,375,286,89,male,Serie A,2015/2016,2015-12-12,0.2996941896024465,0.23733333333333334
3879650,1049,829,220,671,568,103,male,Serie A,2015/2016,2015-12-13,0.20972354623450906,0.15350223546944858
3879651,1049,804,245,503,417,86,male,Serie A,2015/2016,2015-12-13,0.23355576739752146,0.1709741550695825
3879652,841,617,224,407,311,96,male,Serie A,2015/2016,2015-12-13,0.26634958382877527,0.23587223587223588
3878540,973,766,207,510,422,88,male,Serie A,2015/2016,2015-08-22,0.21274409044193218,0.17254901960784313
3878542,871,693,178,445,370,75,male,Serie A,2015/2016,2015-08-23,0.20436280137772675,0.16853932584269662
3878543,865,704,161,460,391,69,male,Serie A,2015/2016,2015-08-23,0.1861271676300578,0.15
3878544,854,670,184,450,362,88,male,Serie A,2015/2016,2015-08-23,0.2154566744730679,0.19555555555555557
3878545,863,716,147,542,475,67,male,Serie A,2015/2016,2015-08-23,0.17033603707995365,0.12361623616236163
3878546,853,642,211,373,302,71,male,Serie A,2015/2016,2015-08-23,0.2473622508792497,0.1903485254691689
3878547,696,541,155,331,254,77,male,Serie A,2015/2016,2015-08-23,0.22270114942528735,0.2326283987915408
3878548,818,616,202,400,314,86,male,Serie A,2015/2016,2015-08-23,0.2469437652811736,0.215
3878549,845,645,200,438,363,75,male,Serie A,2015/2016,2015-08-23,0.23668639053254437,0.17123287671232876
3878550,864,672,192,451,362,89,male,Serie A,2015/2016,2015-08-29,0.2222222222222222,0.1973392461197339
3878551,867,664,203,366,304,62,male,Serie A,2015/2016,2015-08-29,0.23414071510957324,0.16939890710382513
3878552,896,714,182,480,406,74,male,Serie A,2015/2016,2015-08-30,0.203125,0.15416666666666667
3878553,956,743,213,489,412,77,male,Serie A,2015/2016,2015-08-30,0.22280334728033474,0.1574642126789366
3878554,752,576,176,422,347,75,male,Serie A,2015/2016,2015-08-30,0.23404255319148937,0.17772511848341233
3878555,889,735,154,459,401,58,male,Serie A,2015/2016,2015-08-30,0.1732283464566929,0.12636165577342048
3878556,905,770,135,449,393,56,male,Serie A,2015/2016,2015-08-30,0.14917127071823205,0.12472160356347439
3878557,829,641,188,353,285,68,male,Serie A,2015/2016,2015-08-30,0.22677925211097708,0.19263456090651557
3878558,1070,893,177,622,536,86,male,Serie A,2015/2016,2015-08-30,0.16542056074766356,0.1382636655948553
3910622,744,557,187,381,300,81,female,Serie A Women,2023/2024,2023-09-17,0.2513440860215054,0.2125984251968504
3910623,810,657,153,391,330,61,female,Serie A Women,2023/2024,2023-09-16,0.18888888888888888,0.15601023017902813
3911869,867,676,191,455,379,76,female,Serie A Women,2023/2024,2023-09-30,0.22029988465974626,0.16703296703296702
3911870,736,525,211,348,260,88,female,Serie A Women,2023/2024,2023-10-01,0.2866847826086957,0.25287356321839083
3912479,719,514,205,304,232,72,female,Serie A Women,2023/2024,2023-10-07,0.2851182197496523,0.23684210526315788
3912480,698,509,189,353,274,79,female,Serie A Women,2023/2024,2023-10-08,0.2707736389684814,0.2237960339943343
3912482,779,589,190,353,280,73,female,Serie A Women,2023/2024,2023-10-15,0.24390243902439024,0.20679886685552407
3912483,727,547,180,353,278,75,female,Serie A Women,2023/2024,2023-10-14,0.24759284731774414,0.21246458923512748
3912484,839,679,160,432,369,63,female,Serie A Women,2023/2024,2023-10-15,0.1907032181168057,0.14583333333333334
3912487,770,554,216,429,336,93,female,Serie A Women,2023/2024,2023-10-22,0.2805194805194805,0.21678321678321677
3912488,807,600,207,482,372,110,female,Serie A Women,2023/2024,2023-10-22,0.25650557620817843,0.22821576763485477
3912492,658,498,160,406,332,74,female,Serie A Women,2023/2024,2023-11-04,0.24316109422492402,0.18226600985221675
3912493,787,582,205,404,304,100,female,Serie A Women,2023/2024,2023-11-05,0.2604828462515883,0.24752475247524752
3912495,622,407,215,307,214,93,female,Serie A Women,2023/2024,2023-11-04,0.34565916398713825,0.30293159609120524
3912500,765,571,194,449,367,82,female,Serie A Women,2023/2024,2023-11-11,0.25359477124183005,0.18262806236080179
3912502,984,779,205,594,492,102,female,Serie A Women,2023/2024,2023-11-19,0.20833333333333334,0.1717171717171717
3912503,659,476,183,275,224,51,female,Serie A Women,2023/2024,2023-11-19,0.27769347496206376,0.18545454545454546
3912504,757,513,244,393,286,107,female,Serie A Women,2023/2024,2023-11-18,0.32232496697490093,0.272264631043257
3912505,749,584,165,418,353,65,female,Serie A Women,2023/2024,2023-11-19,0.22029372496662217,0.15550239234449761
3912507,869,667,202,541,433,108,female,Serie A Women,2023/2024,2023-11-26,0.23245109321058688,0.19963031423290203
3912509,884,672,212,535,428,107,female,Serie A Women,2023/2024,2023-11-26,0.2398190045248869,0.2
3912510,590,381,209,312,222,90,female,Serie A Women,2023/2024,2023-11-25,0.35423728813559324,0.28846153846153844
3912511,667,494,173,325,260,65,female,Serie A Women,2023/2024,2023-11-26,0.2593703148425787,0.2
3912512,686,449,237,351,258,93,female,Serie A Women,2023/2024,2023-12-09,0.3454810495626822,0.26495726495726496
3912513,619,442,177,327,251,76,female,Serie A Women,2023/2024,2023-12-10,0.2859450726978998,0.2324159021406728
3912514,870,664,206,532,422,110,female,Serie A Women,2023/2024,2023-12-11,0.2367816091954023,0.20676691729323307
3912515,870,667,203,531,430,101,female,Serie A Women,2023/2024,2023-12-10,0.23333333333333334,0.1902071563088512
3912518,854,681,173,419,348,71,female,Serie A Women,2023/2024,2023-12-17,0.202576112412178,0.16945107398568018
3912519,736,518,218,382,289,93,female,Serie A Women,2023/2024,2023-12-16,0.296195652173913,0.24345549738219896
3912521,748,575,173,452,365,87,female,Serie A Women,2023/2024,2023-12-18,0.23128342245989306,0.19247787610619468
3912524,736,558,178,414,330,84,female,Serie A Women,2023/2024,2024-01-13,0.2418478260869565,0.2028985507246377
3912525,976,798,178,575,490,85,female,Serie A Women,2023/2024,2024-01-13,0.18237704918032788,0.14782608695652175
3912527,841,574,267,472,352,120,female,Serie A Women,2023/2024,2024-01-20,0.31747919143876335,0.2542372881355932
3912528,680,485,195,329,240,89,female,Serie A Women,2023/2024,2024-01-22,0.2867647058823529,0.270516717325228
3912529,844,652,192,464,372,92,female,Serie A Women,2023/2024,2024-01-21,0.22748815165876776,0.19827586206896552
3912530,555,348,207,304,221,83,female,Serie A Women,2023/2024,2024-01-20,0.372972972972973,0.2730263157894737
3912535,724,509,215,333,254,79,female,Serie A Women,2023/2024,2024-01-28,0.2969613259668508,0.23723723723723725
3912536,934,713,221,457,362,95,female,Serie A Women,2023/2024,2024-01-27,0.2366167023554604,0.20787746170678337
3912537,714,510,204,363,288,75,female,Serie A Women,2023/2024,2024-02-03,0.2857142857142857,0.2066115702479339
3912538,696,510,186,312,242,70,female,Serie A Women,2023/2024,2024-02-04,0.2672413793103448,0.22435897435897437
3912539,651,466,185,305,231,74,female,Serie A Women,2023/2024,2024-02-03,0.28417818740399386,0.24262295081967214
3912540,811,671,140,458,396,62,female,Serie A Women,2023/2024,2024-02-11,0.17262638717632553,0.13537117903930132
3912542,927,779,148,545,476,69,female,Serie A Women,2023/2024,2024-02-11,0.15965480043149946,0.12660550458715597
3912543,731,546,185,346,259,87,female,Serie A Women,2023/2024,2024-02-10,0.253077975376197,0.2514450867052023
3912545,906,711,195,514,424,90,female,Serie A Women,2023/2024,2024-02-14,0.2152317880794702,0.17509727626459143
3912547,628,434,194,348,267,81,female,Serie A Women,2023/2024,2024-02-14,0.3089171974522293,0.23275862068965517
3912549,999,822,177,517,448,69,female,Serie A Women,2023/2024,2024-02-13,0.17717717717717718,0.13346228239845262
3912550,624,468,156,298,244,54,female,Serie A Women,2023/2024,2024-02-18,0.25,0.18120805369127516
3912551,913,723,190,517,422,95,female,Serie A Women,2023/2024,2024-02-17,0.20810514786418402,0.18375241779497098
3912553,755,617,138,424,360,64,female,Serie A Women,2023/2024,2024-02-18,0.1827814569536424,0.1509433962264151
3912554,809,610,199,444,351,93,female,Serie A Women,2023/2024,2024-02-18,0.24598269468479605,0.20945945945945946
3912555,701,514,187,312,244,68,female,Serie A Women,2023/2024,2024-02-03,0.26676176890156916,0.21794871794871795
3912556,670,491,179,402,325,77,female,Serie A Women,2023/2024,2024-02-04,0.2671641791044776,0.19154228855721392
3928984,771,528,243,463,343,120,female,Serie A Women,2023/2024,2024-03-16,0.3151750972762646,0.2591792656587473
3928985,836,606,230,526,409,117,female,Serie A Women,2023/2024,2024-03-16,0.2751196172248804,0.2224334600760456
3928986,744,552,192,374,287,87,female,Serie A Women,2023/2024,2024-03-17,0.25806451612903225,0.232620320855615
3928987,733,546,187,475,377,98,female,Serie A Women,2023/2024,2024-03-17,0.2551159618008186,0.2063157894736842
3928988,797,593,204,426,339,87,female,Serie A Women,2023/2024,2024-03-23,0.2559598494353827,0.20422535211267606
3928989,843,602,241,436,340,96,female,Serie A Women,2023/2024,2024-03-23,0.2858837485172005,0.22018348623853212
3928990,825,632,193,443,349,94,female,Serie A Women,2023/2024,2024-03-24,0.23393939393939395,0.21218961625282168
3928991,825,643,182,466,380,86,female,Serie A Women,2023/2024,2024-03-24,0.2206060606060606,0.18454935622317598
3928992,800,589,211,390,313,77,female,Serie A Women,2023/2024,2024-03-29,0.26375,0.19743589743589743
3928993,782,606,176,471,383,88,female,Serie A Women,2023/2024,2024-03-30,0.22506393861892582,0.18683651804670912
3928994,826,643,183,460,368,92,female,Serie A Women,2023/2024,2024-03-30,0.2215496368038741,0.2
3928995,670,478,192,365,281,84,female,Serie A Women,2023/2024,2024-03-30,0.2865671641791045,0.23013698630136986
3928996,687,512,175,338,271,67,female,Serie A Women,2023/2024,2024-04-14,0.2547307132459971,0.19822485207100593
3928997,747,596,151,290,242,48,female,Serie A Women,2023/2024,2024-04-15,0.20214190093708165,0.16551724137931034
3928998,809,610,199,461,358,103,female,Serie A Women,2023/2024,2024-04-13,0.24598269468479605,0.22342733188720174
3928999,792,583,209,419,322,97,female,Serie A Women,2023/2024,2024-04-14,0.2638888888888889,0.2315035799522673
3929000,904,746,158,530,453,77,female,Serie A Women,2023/2024,2024-04-20,0.1747787610619469,0.14528301886792452
3929001,784,603,181,407,319,88,female,Serie A Women,2023/2024,2024-04-21,0.2308673469387755,0.21621621621621623
3929002,776,608,168,446,363,83,female,Serie A Women,2023/2024,2024-04-21,0.21649484536082475,0.1860986547085202
3929003,771,586,185,436,358,78,female,Serie A Women,2023/2024,2024-04-20,0.23994811932555124,0.17889908256880735
3929004,892,703,189,483,398,85,female,Serie A Women,2023/2024,2024-04-26,0.21188340807174888,0.17598343685300208
3929005,792,596,196,419,332,87,female,Serie A Women,2023/2024,2024-04-27,0.2474747474747475,0.20763723150357996
3929006,940,764,176,562,466,96,female,Serie A Women,2023/2024,2024-04-27,0.18723404255319148,0.1708185053380783
3929007,752,582,170,468,391,77,female,Serie A Women,2023/2024,2024-04-27,0.22606382978723405,0.16452991452991453
3929008,754,558,196,417,337,80,female,Serie A Women,2023/2024,2024-05-01,0.259946949602122,0.19184652278177458
3929009,796,566,230,396,306,90,female,Serie A Women,2023/2024,2024-05-01,0.2889447236180904,0.22727272727272727
3929010,757,559,198,471,383,88,female,Serie A Women,2023/2024,2024-05-01,0.261558784676354,0.18683651804670912
3929011,749,564,185,376,303,73,female,Serie A Women,2023/2024,2024-05-01,0.24699599465954605,0.19414893617021275
3929012,940,764,176,649,543,106,female,Serie A Women,2023/2024,2024-05-06,0.18723404255319148,0.1633281972265023
3929013,740,576,164,356,296,60,female,Serie A Women,2023/2024,2024-05-05,0.22162162162162163,0.16853932584269662
3929014,691,499,192,366,290,76,female,Serie A Women,2023/2024,2024-05-05,0.2778581765557164,0.20765027322404372
3929015,916,742,174,442,376,66,female,Serie A Women,2023/2024,2024-05-05,0.18995633187772926,0.1493212669683258
3929016,699,525,174,313,243,70,female,Serie A Women,2023/2024,2024-05-12,0.24892703862660945,0.22364217252396165
3929017,865,685,180,420,346,74,female,Serie A Women,2023/2024,2024-05-13,0.20809248554913296,0.1761904761904762
3929018,826,634,192,583,472,111,female,Serie A Women,2023/2024,2024-05-12,0.2324455205811138,0.19039451114922812
3929019,792,587,205,398,311,87,female,Serie A Women,2023/2024,2024-05-12,0.2588383838383838,0.2185929648241206
3929020,862,719,143,459,393,66,female,Serie A Women,2023/2024,2024-05-19,0.16589327146171692,0.1437908496732026
3929021,883,756,127,528,463,65,female,Serie A Women,2023/2024,2024-05-19,0.1438278595696489,0.12310606060606061
3929022,791,607,184,415,336,79,female,Serie A Women,2023/2024,2024-05-18,0.23261694058154236,0.19036144578313252
3929023,768,569,199,397,322,75,female,Serie A Women,2023/2024,2024-05-18,0.2591145833333333,0.1889168765743073
3788758,833,700,133,385,326,59,male,UEFA Euro,2020,2021-06-17,0.15966386554621848,0.15324675324675324
3788760,843,677,166,507,419,88,male,UEFA Euro,2020,2021-06-18,0.19691577698695137,0.17357001972386588
3788761,1011,876,135,465,421,44,male,UEFA Euro,2020,2021-06-18,0.13353115727002968,0.09462365591397849
3788765,926,800,126,480,425,55,male,UEFA Euro,2020,2021-06-20,0.13606911447084233,0.11458333333333333
3788773,1104,1011,93,392,362,30,male,UEFA Euro,2020,2021-06-23,0.08423913043478261,0.07653061224489796
3794685,1233,1033,200,564,485,79,male,UEFA Euro,2020,2021-06-26,0.16220600162206,0.1400709219858156
3794687,1027,876,151,542,477,65,male,UEFA Euro,2020,2021-06-27,0.14703018500486856,0.11992619926199262
3794689,799,650,149,314,258,56,male,UEFA Euro,2020,2021-06-26,0.18648310387984982,0.17834394904458598
3794690,764,577,187,379,293,86,male,UEFA Euro,2020,2021-06-27,0.24476439790575916,0.22691292875989447
3794692,1380,1182,198,654,564,90,male,UEFA Euro,2020,2021-06-29,0.14347826086956522,0.13761467889908258
3795107,936,809,127,403,364,39,male,UEFA Euro,2020,2021-07-02,0.13568376068376067,0.0967741935483871
3795108,1312,1103,209,667,558,109,male,UEFA Euro,2020,2021-07-02,0.15929878048780488,0.1634182908545727
3795187,1183,1069,114,528,482,46,male,UEFA Euro,2020,2021-07-03,0.09636517328825021,0.08712121212121213
3910620,652,488,164,357,293,64,female,Serie A Women,2023/2024,2023-09-17,0.25153374233128833,0.1792717086834734
3910621,836,627,209,489,393,96,female,Serie A Women,2023/2024,2023-09-16,0.25,0.19631901840490798
3910624,853,680,173,525,439,86,female,Serie A Women,2023/2024,2023-09-17,0.20281359906213364,0.16380952380952382
3911871,655,454,201,334,250,84,female,Serie A Women,2023/2024,2023-10-01,0.3068702290076336,0.25149700598802394
3911872,703,545,158,290,240,50,female,Serie A Women,2023/2024,2023-10-01,0.22475106685633,0.1724137931034483
3911873,851,630,221,456,344,112,female,Serie A Women,2023/2024,2023-10-02,0.2596944770857814,0.24561403508771928
3912477,773,607,166,415,335,80,female,Serie A Women,2023/2024,2023-10-07,0.2147477360931436,0.1927710843373494
3912478,763,586,177,382,320,62,female,Serie A Women,2023/2024,2023-10-07,0.23197903014416776,0.16230366492146597
3912481,707,521,186,370,286,84,female,Serie A Women,2023/2024,2023-10-08,0.26308345120226306,0.22702702702702704
3912485,660,454,206,413,305,108,female,Serie A Women,2023/2024,2023-10-14,0.31212121212121213,0.26150121065375304
3912486,700,530,170,319,262,57,female,Serie A Women,2023/2024,2023-10-15,0.24285714285714285,0.1786833855799373
3912489,711,561,150,320,256,64,female,Serie A Women,2023/2024,2023-10-21,0.2109704641350211,0.2
3912490,752,604,148,418,361,57,female,Serie A Women,2023/2024,2023-10-22,0.19680851063829788,0.13636363636363635
3912491,681,480,201,331,237,94,female,Serie A Women,2023/2024,2023-10-21,0.29515418502202645,0.283987915407855
3912494,797,509,288,415,294,121,female,Serie A Women,2023/2024,2023-11-05,0.3613550815558344,0.29156626506024097
3912496,733,559,174,370,292,78,female,Serie A Women,2023/2024,2023-11-05,0.2373806275579809,0.21081081081081082
3912497,869,713,156,516,440,76,female,Serie A Women,2023/2024,2023-11-11,0.17951668584579977,0.14728682170542637
3912498,844,676,168,396,331,65,female,Serie A Women,2023/2024,2023-11-12,0.1990521327014218,0.16414141414141414
3912499,740,557,183,471,368,103,female,Serie A Women,2023/2024,2023-11-12,0.2472972972972973,0.21868365180467092
3912501,766,546,220,410,309,101,female,Serie A Women,2023/2024,2023-11-12,0.28720626631853785,0.24634146341463414
3912506,852,672,180,499,408,91,female,Serie A Women,2023/2024,2023-11-18,0.2112676056338028,0.18236472945891782
3912508,635,458,177,337,266,71,female,Serie A Women,2023/2024,2023-11-25,0.27874015748031494,0.21068249258160238
3912516,790,628,162,440,363,77,female,Serie A Women,2023/2024,2023-12-09,0.20506329113924052,0.175
3912517,812,595,217,429,344,85,female,Serie A Women,2023/2024,2023-12-17,0.2672413793103448,0.19813519813519814
3912520,791,552,239,330,244,86,female,Serie A Women,2023/2024,2023-12-16,0.30214917825537296,0.2606060606060606
3912522,862,607,255,521,398,123,female,Serie A Women,2023/2024,2024-01-14,0.29582366589327147,0.236084452975048
3912523,756,603,153,459,387,72,female,Serie A Women,2023/2024,2024-01-13,0.20238095238095238,0.1568627450980392
3912526,761,561,200,455,363,92,female,Serie A Women,2023/2024,2024-01-14,0.2628120893561104,0.2021978021978022
3912531,694,536,158,423,343,80,female,Serie A Women,2023/2024,2024-01-21,0.2276657060518732,0.18912529550827423
3912532,802,592,210,433,348,85,female,Serie A Women,2023/2024,2024-01-28,0.26184538653366585,0.19630484988452657
3912533,866,678,188,450,365,85,female,Serie A Women,2023/2024,2024-01-29,0.21709006928406466,0.18888888888888888
3912534,724,557,167,308,246,62,female,Serie A Women,2023/2024,2024-01-27,0.23066298342541436,0.2012987012987013
3912541,736,468,268,378,277,101,female,Serie A Women,2023/2024,2024-02-10,0.3641304347826087,0.2671957671957672
3912544,826,632,194,449,368,81,female,Serie A Women,2023/2024,2024-02-11,0.23486682808716708,0.18040089086859687
3912546,830,636,194,371,305,66,female,Serie A Women,2023/2024,2024-02-14,0.23373493975903614,0.1778975741239892
3912548,752,570,182,427,359,68,female,Serie A Women,2023/2024,2024-02-15,0.24202127659574468,0.1592505854800937
3912552,902,667,235,529,421,108,female,Serie A Women,2023/2024,2024-02-17,0.26053215077605324,0.20415879017013233
3930158,921,814,107,461,415,46,male,UEFA Euro,2024,2024-06-14,0.11617806731813246,0.09978308026030369
3930159,883,719,164,437,372,65,male,UEFA Euro,2024,2024-06-15,0.1857304643261608,0.14874141876430205
3930160,955,814,141,406,344,62,male,UEFA Euro,2024,2024-06-15,0.14764397905759163,0.15270935960591134
3930161,1189,1064,125,617,552,65,male,UEFA Euro,2024,2024-06-15,0.10513036164844407,0.1053484602917342
3930162,952,796,156,331,290,41,male,UEFA Euro,2024,2024-06-16,0.1638655462184874,0.12386706948640483
3930163,1097,952,145,514,452,62,male,UEFA Euro,2024,2024-06-16,0.13217866909753875,0.12062256809338522
3930164,905,740,165,470,401,69,male,UEFA Euro,2024,2024-06-17,0.18232044198895028,0.14680851063829786
3930165,935,778,157,518,430,88,male,UEFA Euro,2024,2024-06-17,0.1679144385026738,0.16988416988416988
3930166,941,758,183,426,357,69,male,UEFA Euro,2024,2024-06-18,0.1944739638682253,0.1619718309859155
3930167,947,807,140,527,456,71,male,UEFA Euro,2024,2024-06-19,0.14783526927138332,0.1347248576850095
3930168,1015,896,119,561,511,50,male,UEFA Euro,2024,2024-06-19,0.11724137931034483,0.08912655971479501
3930169,771,614,157,430,362,68,male,UEFA Euro,2024,2024-06-19,0.20363164721141375,0.15813953488372093
3930170,897,740,157,409,348,61,male,UEFA Euro,2024,2024-06-20,0.1750278706800446,0.1491442542787286
3930171,1088,923,165,650,567,83,male,UEFA Euro,2024,2024-06-20,0.15165441176470587,0.1276923076923077
3930172,1027,890,137,538,464,74,male,UEFA Euro,2024,2024-06-20,0.13339824732229796,0.137546468401487
3930173,1042,931,111,360,326,34,male,UEFA Euro,2024,2024-06-21,0.10652591170825336,0.09444444444444444
3930174,993,855,138,494,440,54,male,UEFA Euro,2024,2024-06-22,0.13897280966767372,0.10931174089068826
3930175,760,627,133,306,258,48,male,UEFA Euro,2024,2024-06-22,0.175,0.1568627450980392
3930176,966,818,148,485,420,65,male,UEFA Euro,2024,2024-06-23,0.15320910973084886,0.13402061855670103
3930177,844,656,188,318,262,56,male,UEFA Euro,2024,2024-06-23,0.22274881516587677,0.1761006289308176
3930178,1071,923,148,423,377,46,male,UEFA Euro,2024,2024-06-24,0.13818860877684408,0.10874704491725769
3930179,980,835,145,496,429,67,male,UEFA Euro,2024,2024-06-24,0.14795918367346939,0.1350806451612903
3930180,817,650,167,338,287,51,male,UEFA Euro,2024,2024-06-25,0.204406364749082,0.15088757396449703
3930181,1011,874,137,581,517,64,male,UEFA Euro,2024,2024-06-25,0.13550939663699307,0.11015490533562823
3930182,1058,877,181,608,515,93,male,UEFA Euro,2024,2024-06-25,0.17107750472589792,0.15296052631578946
3930183,762,569,193,294,235,59,male,UEFA Euro,2024,2024-06-26,0.2532808398950131,0.20068027210884354
3930184,718,588,130,295,247,48,male,UEFA Euro,2024,2024-06-26,0.181058495821727,0.16271186440677965
3938637,862,728,134,338,289,49,male,UEFA Euro,2024,2024-06-16,0.1554524361948956,0.14497041420118342
3938638,831,677,154,469,405,64,male,UEFA Euro,2024,2024-06-17,0.18531889290012032,0.13646055437100213
3938639,1021,893,128,630,567,63,male,UEFA Euro,2024,2024-06-18,0.12536728697355534,0.1
3938640,966,836,130,440,389,51,male,UEFA Euro,2024,2024-06-21,0.13457556935817805,0.1159090909090909
3938641,813,669,144,371,308,63,male,UEFA Euro,2024,2024-06-21,0.17712177121771217,0.16981132075471697
3938642,825,665,160,392,332,60,male,UEFA Euro,2024,2024-06-22,0.19393939393939394,0.15306122448979592
3938643,944,810,134,392,329,63,male,UEFA Euro,2024,2024-06-25,0.1419491525423729,0.16071428571428573
3938644,963,836,127,585,514,71,male,UEFA Euro,2024,2024-06-26,0.13187954309449637,0.12136752136752137
3938645,919,788,131,470,406,64,male,UEFA Euro,2024,2024-06-26,0.1425462459194777,0.13617021276595745
3940878,1039,909,130,386,344,42,male,UEFA Euro,2024,2024-06-29,0.12512030798845045,0.10880829015544041
3940983,970,826,144,485,431,54,male,UEFA Euro,2024,2024-06-29,0.14845360824742268,0.11134020618556702
3941017,1279,1066,213,564,476,88,male,UEFA Euro,2024,2024-06-30,0.16653635652853793,0.15602836879432624
3941018,1053,944,109,583,534,49,male,UEFA Euro,2024,2024-06-30,0.10351377018043685,0.08404802744425385
3941019,1098,980,118,449,408,41,male,UEFA Euro,2024,2024-07-01,0.10746812386156648,0.09131403118040089
3941020,1071,842,229,430,336,94,male,UEFA Euro,2024,2024-07-01,0.2138188608776844,0.2186046511627907
3941021,777,627,150,256,212,44,male,UEFA Euro,2024,2024-07-02,0.19305019305019305,0.171875
3941022,963,771,192,603,500,103,male,UEFA Euro,2024,2024-07-02,0.19937694704049844,0.17081260364842454
3942226,1157,966,191,615,543,72,male,UEFA Euro,2024,2024-07-05,0.16508210890233363,0.11707317073170732
3942227,1322,1172,150,520,473,47,male,UEFA Euro,2024,2024-07-06,0.11346444780635401,0.09038461538461538
3942349,1460,1320,140,509,446,63,male,UEFA Euro,2024,2024-07-05,0.0958904109589041,0.1237721021611002
3942382,885,759,126,410,369,41,male,UEFA Euro,2024,2024-07-06,0.1423728813559322,0.1
3942752,847,722,125,372,324,48,male,UEFA Euro,2024,2024-07-09,0.14757969303423848,0.12903225806451613
3942819,998,900,98,458,417,41,male,UEFA Euro,2024,2024-07-10,0.09819639278557114,0.08951965065502183
3943043,833,713,120,383,337,46,male,UEFA Euro,2024,2024-07-14,0.14405762304921968,0.12010443864229765
3788741,961,811,150,446,384,62,male,UEFA Euro,2020,2021-06-11,0.15608740894901144,0.13901345291479822
3788742,901,715,186,592,485,107,male,UEFA Euro,2020,2021-06-12,0.20643729189789123,0.18074324324324326
3788743,1069,887,182,482,405,77,male,UEFA Euro,2020,2021-06-12,0.17025257249766138,0.15975103734439833
3788744,808,673,135,433,373,60,male,UEFA Euro,2020,2021-06-12,0.1670792079207921,0.13856812933025403
3788745,874,743,131,505,442,63,male,UEFA Euro,2020,2021-06-13,0.14988558352402745,0.12475247524752475
3788746,1079,924,155,516,456,60,male,UEFA Euro,2020,2021-06-13,0.14365152919369786,0.11627906976744186
3788747,847,675,172,344,287,57,male,UEFA Euro,2020,2021-06-13,0.20306965761511217,0.16569767441860464
3788748,786,591,195,413,323,90,male,UEFA Euro,2020,2021-06-14,0.2480916030534351,0.2179176755447942
3788749,922,774,148,361,304,57,male,UEFA Euro,2020,2021-06-14,0.16052060737527116,0.15789473684210525
3788750,1042,881,161,531,454,77,male,UEFA Euro,2020,2021-06-14,0.15451055662188098,0.14500941619585686
3788751,1120,962,158,681,591,90,male,UEFA Euro,2020,2021-06-15,0.14107142857142857,0.13215859030837004
3788752,949,792,157,484,421,63,male,UEFA Euro,2020,2021-06-15,0.1654373024236038,0.13016528925619836
3788753,943,782,161,543,464,79,male,UEFA Euro,2020,2021-06-16,0.17073170731707318,0.14548802946593
3788754,1035,891,144,570,497,73,male,UEFA Euro,2020,2021-06-16,0.1391304347826087,0.1280701754385965
3788755,799,644,155,346,290,56,male,UEFA Euro,2020,2021-06-16,0.1939924906132666,0.16184971098265896
3788756,958,783,175,603,513,90,male,UEFA Euro,2020,2021-06-17,0.1826722338204593,0.14925373134328357
3788757,1033,881,152,556,491,65,male,UEFA Euro,2020,2021-06-17,0.14714424007744434,0.11690647482014388
3788759,882,765,117,486,436,50,male,UEFA Euro,2020,2021-06-18,0.1326530612244898,0.102880658436214
3788762,897,726,171,366,313,53,male,UEFA Euro,2020,2021-06-19,0.19063545150501673,0.1448087431693989
3788763,959,826,133,379,330,49,male,UEFA Euro,2020,2021-06-19,0.1386861313868613,0.12928759894459102
3788764,960,844,116,553,505,48,male,UEFA Euro,2020,2021-06-19,0.12083333333333333,0.0867992766726944
3788766,815,715,100,315,284,31,male,UEFA Euro,2020,2021-06-20,0.12269938650306748,0.09841269841269841
3788767,901,716,185,464,395,69,male,UEFA Euro,2020,2021-06-21,0.20532741398446172,0.14870689655172414
3788768,1110,968,142,591,517,74,male,UEFA Euro,2020,2021-06-21,0.12792792792792793,0.12521150592216582
3788769,731,572,159,357,297,60,male,UEFA Euro,2020,2021-06-21,0.21751025991792067,0.16806722689075632
3788770,968,810,158,539,451,88,male,UEFA Euro,2020,2021-06-21,0.16322314049586778,0.16326530612244897
3788771,936,796,140,532,460,72,male,UEFA Euro,2020,2021-06-22,0.14957264957264957,0.13533834586466165
3788772,894,730,164,403,337,66,male,UEFA Euro,2020,2021-06-22,0.18344519015659955,0.16377171215880892
3788774,945,806,139,396,346,50,male,UEFA Euro,2020,2021-06-23,0.14708994708994708,0.12626262626262627
3788775,985,854,131,590,531,59,male,UEFA Euro,2020,2021-06-23,0.132994923857868,0.1
3788776,722,514,208,294,231,63,male,UEFA Euro,2020,2021-06-23,0.2880886426592798,0.21428571428571427
3794686,1295,1121,174,766,685,81,male,UEFA Euro,2020,2021-06-28,0.13436293436293437,0.10574412532637076
3794688,960,808,152,505,437,68,male,UEFA Euro,2020,2021-06-29,0.15833333333333333,0.13465346534653466
3794691,1129,965,164,522,457,65,male,UEFA Euro,2020,2021-06-28,0.14526129317980513,0.12452107279693486
3795109,814,638,176,536,448,88,male,UEFA Euro,2020,2021-07-03,0.21621621621621623,0.16417910447761194
3795220,1246,1052,194,604,531,73,male,UEFA Euro,2020,2021-07-06,0.15569823434991975,0.12086092715231789
3795221,1235,1044,191,566,483,83,male,UEFA Euro,2020,2021-07-07,0.15465587044534412,0.14664310954063603
3795506,1214,1025,189,552,487,65,male,UEFA Euro,2020,2021-07-11,0.1556836902800659,0.11775362318840579
3835319,862,681,181,477,395,82,female,UEFA Women's Euro,2022,2022-07-06,0.2099767981438515,0.1719077568134172
3835320,791,630,161,490,401,89,female,UEFA Women's Euro,2022,2022-07-07,0.20353982300884957,0.1816326530612245
3835321,859,703,156,548,469,79,female,UEFA Women's Euro,2022,2022-07-08,0.18160651920838183,0.14416058394160583
3835322,786,589,197,450,364,86,female,UEFA Women's Euro,2022,2022-07-08,0.2506361323155216,0.19111111111111112
3835323,800,588,212,446,336,110,female,UEFA Women's Euro,2022,2022-07-09,0.265,0.24663677130044842
3835324,881,695,186,581,474,107,female,UEFA Women's Euro,2022,2022-07-09,0.21112372304199772,0.18416523235800344
3835325,837,690,147,540,468,72,female,UEFA Women's Euro,2022,2022-07-10,0.17562724014336917,0.13333333333333333
3835326,787,534,253,443,318,125,female,UEFA Women's Euro,2022,2022-07-10,0.32147395171537485,0.28216704288939054
3835327,827,676,151,415,359,56,female,UEFA Women's Euro,2022,2022-07-11,0.1825876662636034,0.13493975903614458
3835328,679,499,180,303,239,64,female,UEFA Women's Euro,2022,2022-07-11,0.2650957290132548,0.21122112211221122
3835329,971,763,208,619,507,112,female,UEFA Women's Euro,2022,2022-07-12,0.21421215242018538,0.18093699515347333
3835330,934,718,216,452,369,83,female,UEFA Women's Euro,2022,2022-07-12,0.23126338329764454,0.1836283185840708
3835331,863,631,232,471,363,108,female,UEFA Women's Euro,2022,2022-07-13,0.2688296639629201,0.22929936305732485
3835332,759,590,169,386,309,77,female,UEFA Women's Euro,2022,2022-07-13,0.22266139657444006,0.19948186528497408
3835333,948,775,173,526,443,83,female,UEFA Women's Euro,2022,2022-07-14,0.18248945147679324,0.15779467680608364
3835334,673,483,190,271,213,58,female,UEFA Women's Euro,2022,2022-07-14,0.2823179791976226,0.2140221402214022
3835335,756,618,138,422,361,61,female,UEFA Women's Euro,2022,2022-07-15,0.18253968253968253,0.14454976303317535
3835336,892,662,230,469,369,100,female,UEFA Women's Euro,2022,2022-07-15,0.257847533632287,0.21321961620469082
3835337,1003,772,231,607,495,112,female,UEFA Women's Euro,2022,2022-07-16,0.23030907278165502,0.18451400329489293
3835338,845,652,193,477,380,97,female,UEFA Women's Euro,2022,2022-07-16,0.22840236686390533,0.20335429769392033
3835339,850,692,158,509,436,73,female,UEFA Women's Euro,2022,2022-07-17,0.18588235294117647,0.14341846758349705
3835340,601,422,179,270,216,54,female,UEFA Women's Euro,2022,2022-07-17,0.2978369384359401,0.2
3835341,910,692,218,523,413,110,female,UEFA Women's Euro,2022,2022-07-18,0.23956043956043957,0.21032504780114722
3835342,744,563,181,422,346,76,female,UEFA Women's Euro,2022,2022-07-18,0.24327956989247312,0.18009478672985782
3844384,1126,885,241,662,550,112,female,UEFA Women's Euro,2022,2022-07-20,0.21403197158081705,0.1691842900302115
3844385,737,508,229,381,290,91,female,UEFA Women's Euro,2022,2022-07-21,0.310719131614654,0.2388451443569554
3844386,810,589,221,492,378,114,female,UEFA Women's Euro,2022,2022-07-22,0.27283950617283953,0.23170731707317074
3844387,1084,870,214,672,563,109,female,UEFA Women's Euro,2022,2022-07-23,0.1974169741697417,0.16220238095238096
3845506,763,577,186,420,332,88,female,UEFA Women's Euro,2022,2022-07-26,0.2437745740498034,0.20952380952380953
3845507,807,611,196,458,374,84,female,UEFA Women's Euro,2022,2022-07-27,0.24287484510532836,0.18340611353711792
3847567,927,646,281,452,348,104,female,UEFA Women's Euro,2022,2022-07-31,0.30312837108953616,0.23008849557522124
3893834,777,562,215,446,347,99,female,Women's World Cup,2023,2023-08-03,0.2767052767052767,0.2219730941704036
3998836,720,522,198,399,319,80,female,UEFA Women's Euro,2025,2025-07-02,0.275,0.20050125313283207
3998837,786,597,189,514,410,104,female,UEFA Women's Euro,2025,2025-07-02,0.24045801526717558,0.20233463035019456
3998838,719,564,155,384,325,59,female,UEFA Women's Euro,2025,2025-07-03,0.21557719054242003,0.15364583333333334
3998839,822,674,148,393,333,60,female,UEFA Women's Euro,2025,2025-07-03,0.18004866180048662,0.15267175572519084
3998840,808,635,173,460,386,74,female,UEFA Women's Euro,2025,2025-07-04,0.2141089108910891,0.1608695652173913
3998841,695,487,208,341,259,82,female,UEFA Women's Euro,2025,2025-07-04,0.2992805755395683,0.2404692082111437
3998842,787,614,173,352,295,57,female,UEFA Women's Euro,2025,2025-07-05,0.21982210927573062,0.16193181818181818
3998843,801,626,175,321,259,62,female,UEFA Women's Euro,2025,2025-07-05,0.2184769038701623,0.19314641744548286
3998844,620,436,184,312,237,75,female,UEFA Women's Euro,2025,2025-07-06,0.2967741935483871,0.2403846153846154
3998845,911,712,199,519,434,85,female,UEFA Women's Euro,2025,2025-07-06,0.21844127332601537,0.16377649325626203
3998846,668,505,163,333,268,65,female,UEFA Women's Euro,2025,2025-07-07,0.2440119760479042,0.19519519519519518
3998847,924,760,164,442,389,53,female,UEFA Women's Euro,2025,2025-07-07,0.1774891774891775,0.11990950226244344
3998848,721,512,209,427,332,95,female,UEFA Women's Euro,2025,2025-07-08,0.289875173370319,0.2224824355971897
3998849,783,615,168,440,358,82,female,UEFA Women's Euro,2025,2025-07-08,0.21455938697318008,0.18636363636363637
3998850,806,653,153,398,338,60,female,UEFA Women's Euro,2025,2025-07-09,0.18982630272952852,0.1507537688442211
3998851,764,583,181,396,323,73,female,UEFA Women's Euro,2025,2025-07-09,0.2369109947643979,0.18434343434343434
3998852,852,680,172,540,458,82,female,UEFA Women's Euro,2025,2025-07-10,0.20187793427230047,0.15185185185185185
3998853,870,663,207,450,370,80,female,UEFA Women's Euro,2025,2025-07-10,0.23793103448275862,0.17777777777777778
3998854,690,542,148,362,291,71,female,UEFA Women's Euro,2025,2025-07-11,0.2144927536231884,0.19613259668508287
3998855,1067,918,149,604,528,76,female,UEFA Women's Euro,2025,2025-07-11,0.13964386129334583,0.12582781456953643
3998856,737,573,164,383,308,75,female,UEFA Women's Euro,2025,2025-07-12,0.2225237449118046,0.195822454308094
3998857,876,681,195,544,445,99,female,UEFA Women's Euro,2025,2025-07-12,0.2226027397260274,0.18198529411764705
3998858,946,784,162,470,409,61,female,UEFA Women's Euro,2025,2025-07-13,0.17124735729386892,0.12978723404255318
3998859,652,498,154,311,262,49,female,UEFA Women's Euro,2025,2025-07-13,0.2361963190184049,0.15755627009646303
4018354,756,593,163,456,388,68,female,UEFA Women's Euro,2025,2025-07-16,0.2156084656084656,0.14912280701754385
4018355,918,613,305,460,336,124,female,UEFA Women's Euro,2025,2025-07-17,0.332244008714597,0.26956521739130435
4018356,910,756,154,538,454,84,female,UEFA Women's Euro,2025,2025-07-18,0.16923076923076924,0.15613382899628253
4018357,897,664,233,367,270,97,female,UEFA Women's Euro,2025,2025-07-19,0.25975473801560756,0.26430517711171664
4020005,1048,808,240,480,396,84,female,UEFA Women's Euro,2025,2025-07-22,0.22900763358778625,0.175
4020077,1076,854,222,588,489,99,female,UEFA Women's Euro,2025,2025-07-23,0.20631970260223048,0.1683673469387755
4020846,1183,950,233,597,495,102,female,UEFA Women's Euro,2025,2025-07-27,0.19695688926458157,0.1708542713567839
22921,864,730,134,405,348,57,female,Women's World Cup,2019,2019-06-07,0.1550925925925926,0.14074074074074075
22924,707,506,201,440,339,101,female,Women's World Cup,2019,2019-06-08,0.2842998585572843,0.22954545454545455
22926,766,518,248,361,261,100,female,Women's World Cup,2019,2019-06-08,0.3237597911227154,0.2770083102493075
22930,751,554,197,431,335,96,female,Women's World Cup,2019,2019-06-08,0.2623169107856192,0.22273781902552203
22933,678,481,197,283,222,61,female,Women's World Cup,2019,2019-06-09,0.29056047197640117,0.21554770318021202
22936,893,728,165,490,412,78,female,Women's World Cup,2019,2019-06-09,0.18477043673012317,0.15918367346938775
22940,907,724,183,560,471,89,female,Women's World Cup,2019,2019-06-10,0.20176405733186328,0.15892857142857142
22943,865,652,213,541,432,109,female,Women's World Cup,2019,2019-06-11,0.24624277456647398,0.20147874306839186
22944,753,564,189,425,333,92,female,Women's World Cup,2019,2019-06-11,0.250996015936255,0.2164705882352941
22945,765,601,164,370,298,72,female,Women's World Cup,2019,2019-06-12,0.21437908496732025,0.1945945945945946
22948,688,478,210,344,262,82,female,Women's World Cup,2019,2019-06-12,0.30523255813953487,0.23837209302325582
22949,776,564,212,502,390,112,female,Women's World Cup,2019,2019-06-12,0.27319587628865977,0.22310756972111553
22955,852,655,197,445,354,91,female,Women's World Cup,2019,2019-06-13,0.2312206572769953,0.20449438202247192
22956,789,528,261,452,335,117,female,Women's World Cup,2019,2019-06-13,0.33079847908745247,0.2588495575221239
22961,906,742,164,476,412,64,female,Women's World Cup,2019,2019-06-14,0.18101545253863136,0.13445378151260504
22962,744,557,187,384,308,76,female,Women's World Cup,2019,2019-06-14,0.2513440860215054,0.19791666666666666
22963,754,574,180,457,367,90,female,Women's World Cup,2019,2019-06-14,0.23872679045092837,0.19693654266958424
22964,778,553,225,422,306,116,female,Women's World Cup,2019,2019-06-15,0.2892030848329049,0.27488151658767773
22966,853,657,196,447,362,85,female,Women's World Cup,2019,2019-06-15,0.22977725674091443,0.19015659955257272
22973,823,662,161,483,404,79,female,Women's World Cup,2019,2019-06-16,0.19562575941676794,0.16356107660455488
22974,776,627,149,423,359,64,female,Women's World Cup,2019,2019-06-16,0.19201030927835053,0.15130023640661938
22980,701,534,167,363,287,76,female,Women's World Cup,2019,2019-06-17,0.23823109843081314,0.209366391184573
22981,721,557,164,369,297,72,female,Women's World Cup,2019,2019-06-17,0.2274618585298197,0.1951219512195122
22983,838,606,232,492,376,116,female,Women's World Cup,2019,2019-06-17,0.27684964200477324,0.23577235772357724
68311,873,681,192,410,329,81,female,Women's World Cup,2019,2019-06-18,0.21993127147766323,0.1975609756097561
68312,699,537,162,287,231,56,female,Women's World Cup,2019,2019-06-18,0.2317596566523605,0.1951219512195122
68337,991,800,191,525,442,83,female,Women's World Cup,2019,2019-06-19,0.1927346115035318,0.1580952380952381
68338,679,492,187,340,265,75,female,Women's World Cup,2019,2019-06-19,0.27540500736377027,0.22058823529411764
68343,765,574,191,472,380,92,female,Women's World Cup,2019,2019-06-20,0.2496732026143791,0.19491525423728814
68344,786,582,204,393,310,83,female,Women's World Cup,2019,2019-06-20,0.2595419847328244,0.21119592875318066
68345,946,731,215,523,424,99,female,Women's World Cup,2019,2019-06-20,0.22727272727272727,0.18929254302103252
68346,712,462,250,294,210,84,female,Women's World Cup,2019,2019-06-20,0.351123595505618,0.2857142857142857
68355,574,411,163,250,188,62,female,Women's World Cup,2019,2019-06-22,0.28397212543554007,0.248
68357,1106,832,274,605,483,122,female,Women's World Cup,2019,2019-06-22,0.24773960216998192,0.20165289256198346
68362,816,590,226,439,335,104,female,Women's World Cup,2019,2019-06-23,0.2769607843137255,0.23690205011389523
69137,823,595,228,413,308,105,female,Women's World Cup,2019,2019-06-23,0.2770352369380316,0.2542372881355932
69163,832,614,218,412,330,82,female,Women's World Cup,2019,2019-06-24,0.2620192307692308,0.19902912621359223
69188,1046,832,214,649,540,109,female,Women's World Cup,2019,2019-06-25,0.2045889101338432,0.1679506933744222
69191,813,582,231,425,320,105,female,Women's World Cup,2019,2019-06-25,0.28413284132841327,0.24705882352941178
69202,710,509,201,350,261,89,female,Women's World Cup,2019,2019-06-28,0.2830985915492958,0.2542857142857143
69208,802,587,215,388,306,82,female,Women's World Cup,2019,2019-06-29,0.26807980049875313,0.211340206185567
69258,768,560,208,404,319,85,female,Women's World Cup,2019,2019-07-02,0.2708333333333333,0.2103960396039604
69284,984,684,300,444,331,113,female,Women's World Cup,2019,2019-07-03,0.3048780487804878,0.2545045045045045
69301,815,615,200,474,368,106,female,Women's World Cup,2019,2019-07-06,0.24539877300613497,0.22362869198312235
69321,721,500,221,375,274,101,female,Women's World Cup,2019,2019-07-07,0.3065187239944521,0.2693333333333333
3893787,696,455,241,291,217,74,female,Women's World Cup,2023,2023-07-20,0.34626436781609193,0.2542955326460481
3893788,694,524,170,324,251,73,female,Women's World Cup,2023,2023-07-20,0.24495677233429394,0.22530864197530864
3893789,996,821,175,636,548,88,female,Women's World Cup,2023,2023-07-21,0.1757028112449799,0.13836477987421383
3893790,651,476,175,293,228,65,female,Women's World Cup,2023,2023-07-21,0.26881720430107525,0.22184300341296928
3893791,744,579,165,386,311,75,female,Women's World Cup,2023,2023-07-21,0.2217741935483871,0.19430051813471502
3893792,711,483,228,367,271,96,female,Women's World Cup,2023,2023-07-22,0.3206751054852321,0.2615803814713896
3893793,1002,746,256,583,447,136,female,Women's World Cup,2023,2023-07-22,0.2554890219560878,0.2332761578044597
3893794,864,679,185,541,444,97,female,Women's World Cup,2023,2023-07-22,0.21412037037037038,0.17929759704251386
3893795,874,643,231,481,377,104,female,Women's World Cup,2023,2023-07-22,0.2643020594965675,0.21621621621621623
3893796,794,573,221,384,298,86,female,Women's World Cup,2023,2023-07-23,0.2783375314861461,0.22395833333333334
3893797,686,493,193,358,274,84,female,Women's World Cup,2023,2023-07-23,0.2813411078717201,0.2346368715083799
3893798,664,473,191,283,229,54,female,Women's World Cup,2023,2023-07-23,0.2876506024096386,0.19081272084805653
3893799,940,744,196,397,330,67,female,Women's World Cup,2023,2023-07-24,0.20851063829787234,0.16876574307304787
3893800,702,523,179,356,292,64,female,Women's World Cup,2023,2023-07-24,0.254985754985755,0.1797752808988764
3893801,781,603,178,445,360,85,female,Women's World Cup,2023,2023-07-24,0.22791293213828426,0.19101123595505617
3893802,595,397,198,312,235,77,female,Women's World Cup,2023,2023-07-25,0.33277310924369746,0.2467948717948718
3893803,780,506,274,394,280,114,female,Women's World Cup,2023,2023-07-25,0.35128205128205126,0.2893401015228426
3893804,938,737,201,437,367,70,female,Women's World Cup,2023,2023-07-25,0.21428571428571427,0.16018306636155608
3893805,956,754,202,564,453,111,female,Women's World Cup,2023,2023-07-26,0.2112970711297071,0.19680851063829788
3893806,965,758,207,580,464,116,female,Women's World Cup,2023,2023-07-26,0.21450777202072538,0.2
3893807,822,587,235,313,241,72,female,Women's World Cup,2023,2023-07-26,0.28588807785888076,0.23003194888178913
3893808,839,628,211,549,444,105,female,Women's World Cup,2023,2023-07-27,0.25148986889153757,0.1912568306010929
3893809,727,521,206,385,280,105,female,Women's World Cup,2023,2023-07-27,0.2833562585969739,0.2727272727272727
3893810,790,599,191,417,341,76,female,Women's World Cup,2023,2023-07-27,0.2417721518987342,0.18225419664268586
3893811,839,653,186,423,349,74,female,Women's World Cup,2023,2023-07-28,0.22169249106078665,0.17494089834515367
3893812,803,567,236,431,320,111,female,Women's World Cup,2023,2023-07-28,0.29389788293897884,0.25754060324825984
3893813,747,551,196,386,296,90,female,Women's World Cup,2023,2023-07-28,0.26238286479250333,0.23316062176165803
3893814,874,665,209,491,409,82,female,Women's World Cup,2023,2023-07-29,0.2391304347826087,0.1670061099796334
3893815,743,511,232,417,315,102,female,Women's World Cup,2023,2023-07-29,0.3122476446837147,0.2446043165467626
3893816,675,477,198,341,257,84,female,Women's World Cup,2023,2023-07-29,0.29333333333333333,0.24633431085043989
3893817,964,707,257,558,445,113,female,Women's World Cup,2023,2023-07-30,0.266597510373444,0.2025089605734767
3893818,821,611,210,438,353,85,female,Women's World Cup,2023,2023-07-30,0.2557856272838002,0.19406392694063926
3893819,693,496,197,365,274,91,female,Women's World Cup,2023,2023-07-30,0.2842712842712843,0.2493150684931507
3893820,878,673,205,495,403,92,female,Women's World Cup,2023,2023-07-30,0.23348519362186787,0.18585858585858586
3893821,822,568,254,473,355,118,female,Women's World Cup,2023,2023-07-31,0.30900243309002434,0.24947145877378435
3893822,1154,948,206,618,527,91,female,Women's World Cup,2023,2023-07-31,0.17850953206239167,0.14724919093851133
3893823,637,429,208,260,187,73,female,Women's World Cup,2023,2023-07-31,0.32653061224489793,0.28076923076923077
3893824,875,718,157,527,435,92,female,Women's World Cup,2023,2023-07-31,0.17942857142857144,0.174573055028463
3893825,748,515,233,476,352,124,female,Women's World Cup,2023,2023-08-01,0.3114973262032086,0.2605042016806723
3893826,660,444,216,313,232,81,female,Women's World Cup,2023,2023-08-01,0.32727272727272727,0.25878594249201275
3893827,981,787,194,593,496,97,female,Women's World Cup,2023,2023-08-01,0.19775739041794088,0.163575042158516
3893828,1026,842,184,533,459,74,female,Women's World Cup,2023,2023-08-01,0.1793372319688109,0.13883677298311445
3893829,687,497,190,338,261,77,female,Women's World Cup,2023,2023-08-02,0.2765647743813683,0.22781065088757396
3893830,716,535,181,406,323,83,female,Women's World Cup,2023,2023-08-02,0.2527932960893855,0.2044334975369458
3893831,688,471,217,286,211,75,female,Women's World Cup,2023,2023-08-02,0.31540697674418605,0.26223776223776224
3893832,840,580,260,324,231,93,female,Women's World Cup,2023,2023-08-02,0.30952380952380953,0.28703703703703703
3893833,747,550,197,302,232,70,female,Women's World Cup,2023,2023-08-03,0.2637215528781794,0.23178807947019867
3901733,949,765,184,539,457,82,female,Women's World Cup,2023,2023-08-05,0.19388830347734456,0.15213358070500926
3901734,1001,809,192,466,388,78,female,Women's World Cup,2023,2023-08-05,0.1918081918081918,0.16738197424892703
3901735,921,689,232,493,386,107,female,Women's World Cup,2023,2023-08-07,0.251900108577633,0.21703853955375255
3901736,851,627,224,459,364,95,female,Women's World Cup,2023,2023-08-07,0.26321974148061106,0.20697167755991286
3901796,933,718,215,518,418,100,female,Women's World Cup,2023,2023-08-06,0.2304394426580922,0.19305019305019305
3901797,997,741,256,544,444,100,female,Women's World Cup,2023,2023-08-06,0.2567703109327984,0.18382352941176472
3901832,633,422,211,304,221,83,female,Women's World Cup,2023,2023-08-08,0.3333333333333333,0.2730263157894737
3901833,853,628,225,434,332,102,female,Women's World Cup,2023,2023-08-08,0.2637749120750293,0.2350230414746544
3902239,976,778,198,458,385,73,female,Women's World Cup,2023,2023-08-11,0.2028688524590164,0.15938864628820962
3902240,1066,755,311,606,460,146,female,Women's World Cup,2023,2023-08-11,0.29174484052532834,0.24092409240924093
3902967,818,638,180,358,275,83,female,Women's World Cup,2023,2023-08-12,0.2200488997555012,0.23184357541899442
3902968,844,587,257,412,316,96,female,Women's World Cup,2023,2023-08-12,0.30450236966824645,0.23300970873786409
3904628,808,582,226,477,375,102,female,Women's World Cup,2023,2023-08-15,0.27970297029702973,0.2138364779874214
3904629,794,629,165,453,386,67,female,Women's World Cup,2023,2023-08-16,0.20780856423173805,0.1479028697571744
3906389,775,561,214,316,248,68,female,Women's World Cup,2023,2023-08-19,0.2761290322580645,0.21518987341772153
3906390,824,643,181,521,433,88,female,Women's World Cup,2023,2023-08-20,0.2196601941747573,0.1689059500959693
22934,671,481,190,339,254,85,female,Women's World Cup,2019,2019-06-09,0.28315946348733234,0.25073746312684364
22939,736,538,198,416,339,77,female,Women's World Cup,2019,2019-06-10,0.26902173913043476,0.18509615384615385
22942,953,727,226,476,386,90,female,Women's World Cup,2019,2019-06-11,0.23714585519412382,0.18907563025210083
22984,899,707,192,589,476,113,female,Women's World Cup,2019,2019-06-17,0.2135706340378198,0.19185059422750425
69161,696,525,171,368,299,69,female,Women's World Cup,2019,2019-06-24,0.24568965517241378,0.1875
69199,891,711,180,583,499,84,female,Women's World Cup,2019,2019-06-27,0.20202020202020202,0.14408233276157806
69205,704,541,163,369,290,79,female,Women's World Cup,2019,2019-06-29,0.2315340909090909,0.2140921409214092
