match_id,split,stable_hash,stratum,competition_gender,time_band,match_year,match_date,competition_name,season_name,primary_passes,primary_successes,primary_failures,primary_failure_rate,strict_passes,strict_successes,strict_failures,strict_failure_rate
3749434,calibration,e0b22a8efa6c5575c699b77c0198d86b78ed3240480cb187e82ff42e06760f48,male|T0,male,0,2003,2003-11-22,Premier League,2003/2004,845,611,234,0.2769230769230769,470,355,115,0.2446808510638297
3749310,calibration,d2b1c50f3e0c4b6e31adc6c520508dd20d0c4c341ea9d2194867f21a318e43cf,male|T0,male,0,2003,2003-12-29,Premier League,2003/2004,832,622,210,0.2524038461538461,417,333,84,0.2014388489208633
68353,calibration,cb2abcd6909552d9897ff19fd6f01efd4057f24145fd6045c095db59fb10e6d6,male|T0,male,0,2004,2004-10-16,La Liga,2004/2005,658,481,177,0.2689969604863222,282,229,53,0.1879432624113475
68352,calibration,d7fe13e568acc22211be0b8a72c2c7b47fde6e822cfe85b9aeb380c88e9226a5,male|T0,male,0,2005,2005-04-17,La Liga,2004/2005,883,719,164,0.1857304643261608,478,404,74,0.1548117154811715
68321,calibration,dd9c144e7edb034f87b90c74ea9b2b3bec8f9b0c71e57074090fa2edfb4757e3,male|T0,male,0,2005,2005-12-11,La Liga,2005/2006,889,702,187,0.2103487064116985,432,361,71,0.1643518518518518
3750200,calibration,da022cf527482e51af39ae752a4a78f0645c18e7f59eb2ce417e3fc0b99be090,male|T0,male,0,2007,2007-05-23,Champions League,2006/2007,734,527,207,0.2820163487738419,346,269,77,0.222543352601156
69169,calibration,d692a2b7faff149d2f4fec9f21f04e41d5a2b001392035d911dea04cc96530ce,male|T0,male,0,2007,2007-09-02,La Liga,2007/2008,960,828,132,0.1375,492,439,53,0.1077235772357723
69148,calibration,da922419ebae158ec272d496439a2a465461ff210124a922d0e15dfd168e3749,male|T0,male,0,2007,2007-09-22,La Liga,2007/2008,795,626,169,0.2125786163522012,381,316,65,0.1706036745406824
69181,calibration,d3bee28e5207fe9300c2e9b08996a2f5e025b3cfd7711ca6127b9964d9f3fd90,male|T0,male,0,2008,2008-01-27,La Liga,2007/2008,916,737,179,0.195414847161572,500,423,77,0.154
69138,calibration,dbed19fecd9a46081ef773ba19c3cdbceceae103bd1c044a681a6f24545c89f9,male|T0,male,0,2008,2008-09-21,La Liga,2008/2009,854,700,154,0.180327868852459,430,369,61,0.141860465116279
69212,calibration,dc008a1c9f6367d951e984730c5a228394ebb68d3a8cd6d1f470d4aa255ead2f,male|T0,male,0,2008,2008-10-04,La Liga,2008/2009,924,777,147,0.1590909090909091,494,431,63,0.1275303643724696
69232,calibration,c88ee00561f0264005daffe2aabe06b981a63cab552149c12740aadd0a40395d,male|T0,male,0,2008,2008-10-25,La Liga,2008/2009,880,741,139,0.1579545454545454,438,372,66,0.1506849315068493
69171,calibration,c7a257805b789b42beb34be9092f4d7126c5b229f94f79973511314c4a536658,male|T0,male,0,2008,2008-11-29,La Liga,2008/2009,860,679,181,0.2104651162790697,466,393,73,0.1566523605150214
69231,calibration,d0ec38a026cccadfbb8da574c16e112f33075c0f42531039c2649bf32a2de831,male|T0,male,0,2009,2009-02-08,La Liga,2008/2009,910,729,181,0.1989010989010989,491,409,82,0.1670061099796334
69177,calibration,d1f8c6ee2d53a5e31e6bc212a5df5e3a8a6d644689ae359842009f66cf36bf9b,male|T0,male,0,2009,2009-03-15,La Liga,2008/2009,998,818,180,0.1803607214428857,584,497,87,0.148972602739726
69292,calibration,cf4a937d4132a680346bcfb10403d878774201f1d4701515b49f451e1f16c710,male|T0,male,0,2009,2009-09-19,La Liga,2009/2010,956,786,170,0.1778242677824267,469,390,79,0.1684434968017057
69253,calibration,cc2bf4fc668d202bcc20dbca3e7ad19e88616ac73bbaa58d532c2e013457201c,male|T0,male,0,2009,2009-10-25,La Liga,2009/2010,1103,978,125,0.113327289211242,678,617,61,0.0899705014749262
69220,calibration,da97b5fbcd05910d12c04cec53ef9518ce1394952d5768b5cb65296adee16186,male|T0,male,0,2010,2010-01-30,La Liga,2009/2010,960,779,181,0.1885416666666666,514,428,86,0.1673151750972762
69247,calibration,dcfbf074df8771ee934567d7f39fbe32c679ab6c2286e41556cdc08db485bc3f,male|T0,male,0,2010,2010-04-03,La Liga,2009/2010,968,794,174,0.1797520661157025,617,514,103,0.1669367909238249
69214,calibration,da86070dc493c0e3b5c1cb293757701ba0ce86e7d71118578f976db07f55f239,male|T0,male,0,2010,2010-04-24,La Liga,2009/2010,848,695,153,0.1804245283018868,473,402,71,0.1501057082452431
69287,calibration,dbd5f2afbeffc1981a6073f1448a7f6eb8c7fa8c9543a0dcf68b540877b31434,male|T0,male,0,2010,2010-09-11,La Liga,2010/2011,967,785,182,0.1882109617373319,545,445,100,0.1834862385321101
69307,calibration,cf8b02ed5c3a6f90cdb32a0978eca827a020ee6d9baf549d083bb9d87ba714ca,male|T0,male,0,2010,2010-12-04,La Liga,2010/2011,1008,785,223,0.2212301587301587,521,429,92,0.1765834932821497
69274,calibration,cda15a65908401cd948ee9e68f2d0f382ec97cd36fd78332193beebb5cfd27d6,male|T0,male,0,2011,2011-03-02,La Liga,2010/2011,912,689,223,0.2445175438596491,432,348,84,0.1944444444444444
69268,calibration,dae8441060619079d856c790943b63537d934315336049e75b52c3f6c8e6f17e,male|T0,male,0,2011,2011-08-29,La Liga,2011/2012,1073,940,133,0.1239515377446412,456,404,52,0.1140350877192982
70286,calibration,d641802d97d0e82c33883250d2de70d9529a583f4caddfa36c885ade33ce9de8,male|T0,male,0,2012,2012-09-02,La Liga,2012/2013,1084,932,152,0.1402214022140221,555,483,72,0.1297297297297297
70295,calibration,dcdbd037aac21c1e7553568b705fc2f82f2952af9c66095f186c8f3b5effc0de,male|T0,male,0,2012,2012-12-09,La Liga,2012/2013,985,817,168,0.1705583756345177,430,361,69,0.1604651162790697
266015,calibration,d2ea18b6b394db939dfff8436e85966d9751ab8e21552d2ec9a2beb243551098,male|T0,male,0,2012,2012-12-22,La Liga,2012/2013,1129,939,190,0.1682905225863596,578,497,81,0.1401384083044982
70271,calibration,dbec664585b54f945f574a33baf50fc1190b550eca55dd18ca92ba5101788829,male|T0,male,0,2013,2013-02-23,La Liga,2012/2013,1132,959,173,0.1528268551236749,610,526,84,0.1377049180327869
70301,calibration,cc0bcc4ff1005fccd0b4aea697bbde6de8d6cf780ec65996016718af11a02e87,male|T0,male,0,2013,2013-09-14,La Liga,2013/2014,989,829,160,0.1617795753286147,440,370,70,0.1590909090909091
70293,calibration,d93e7e3de0fdc6b55f9ab60dde7d0a3d79cdc366f30b9e940a1d901abb44434c,male|T0,male,0,2013,2013-10-26,La Liga,2013/2014,917,753,164,0.1788440567066521,509,436,73,0.143418467583497
266613,calibration,cd5178c5f5f16b20ca3eda0627f1503dc60eff997b5a7cbbd7d4082aabe2284b,male|T0,male,0,2014,2014-02-01,La Liga,2013/2014,1030,881,149,0.1446601941747572,516,453,63,0.1220930232558139
267675,calibration,cd43078d39fdca0342a65fb742c0b08c5dbbce2240dfbd0edf6dc0a1368baae1,male|T0,male,0,2014,2014-02-09,La Liga,2013/2014,973,799,174,0.1788283658787255,414,361,53,0.1280193236714976
70273,calibration,d899e9e2e3a48c3535848866fe9b8bfa40a93077f6fa9eb636dc307620f65fbd,male|T0,male,0,2014,2014-09-13,La Liga,2014/2015,1098,872,226,0.2058287795992714,614,493,121,0.1970684039087948
266838,calibration,d5e2dc560fc2b143f3ed39d2ae8559d01b6e7fb84f4c2ae072560bb3e850a01b,male|T0,male,0,2014,2014-09-24,La Liga,2014/2015,806,626,180,0.2233250620347394,311,261,50,0.1607717041800643
266871,calibration,d746704688d67290a67c29480972abdd64adc43f81e0bee3013ec082c71a5ab6,male|T0,male,0,2015,2015-02-08,La Liga,2014/2015,1057,867,190,0.1797540208136234,515,441,74,0.1436893203883495
266929,calibration,db9c33d5bdf253161cb8c924d811044809cecc51bad0a7a7c7935e3674a3b144,male|T0,male,0,2015,2015-04-05,La Liga,2014/2015,874,686,188,0.2151029748283753,390,324,66,0.1692307692307692
267400,calibration,ccf6ed243a3ba2f32520757a2a72f0cc9d13a160deb57b273c76885e2c9e4255,male|T0,male,0,2015,2015-04-08,La Liga,2014/2015,889,752,137,0.1541057367829021,422,367,55,0.1303317535545023
3754138,calibration,cbd486a86816e53f819418ad73fbea94bd606307ab8ba7e1f8cd23b260bd8675,male|T0,male,0,2015,2015-08-08,Premier League,2015/2016,750,575,175,0.2333333333333333,292,231,61,0.2089041095890411
3829416,calibration,d2e6c9b6ab6ef7945f304022432aa42c382201ffa5a6def67927276dfb672bac,male|T0,male,0,2015,2015-08-08,Ligue 1,2015/2016,816,651,165,0.2022058823529411,440,365,75,0.1704545454545454
3829424,calibration,c7bbb82102deed0408a3b2c4992301d854c4288e5bf0bcd6abdfcf73a646d78b,male|T0,male,0,2015,2015-08-15,Ligue 1,2015/2016,753,525,228,0.3027888446215139,317,234,83,0.2618296529968454
3754104,calibration,d7e2fc9eb23c565673024546c8ed730eee535faeaad8683725526ac9de623e7f,male|T0,male,0,2015,2015-08-22,Premier League,2015/2016,795,642,153,0.1924528301886792,424,369,55,0.1297169811320754
3825563,calibration,c7fe20e37b92b82e90bf291ed686cc69c8580acfdd45e7a3a77a1fdb59177d79,male|T0,male,0,2015,2015-08-22,La Liga,2015/2016,995,789,206,0.207035175879397,436,362,74,0.1697247706422018
266236,calibration,dfaa38714ac32ed7564ab92eeb1aa03c2c20c75585a1ceee7323016e49194fc3,male|T0,male,0,2015,2015-08-23,La Liga,2015/2016,990,737,253,0.2555555555555555,452,347,105,0.2323008849557522
3829442,calibration,cef9df93251ea37f681f6428a5760f778691a3a1b51329ad253ef9688e1147b9,male|T0,male,0,2015,2015-08-23,Ligue 1,2015/2016,697,537,160,0.2295552367288378,371,309,62,0.1671159029649595
3878545,calibration,d1d8d525144507722b3adb6506bdada502b073e0f10b44be1a566cf8af945410,male|T0,male,0,2015,2015-08-23,Serie A,2015/2016,863,716,147,0.1703360370799536,542,475,67,0.1236162361623616
3754205,calibration,d4c4951ac9293cd233bbfabc6b9d1701ffd7623597b2e5e8db76570f58d1e6e0,male|T0,male,0,2015,2015-08-29,Premier League,2015/2016,1032,894,138,0.1337209302325581,481,426,55,0.1143451143451143
3829445,calibration,d2d95345fe9642acbd20b6b264b5a2cbad63f9d92b6d1072664efed21f292e89,male|T0,male,0,2015,2015-08-29,Ligue 1,2015/2016,927,797,130,0.1402373247033441,462,411,51,0.1103896103896103
3829451,calibration,d023c63a8b152f215d1711f513fe187e56a5d1e0356cfe39cac0415bff7b229a,male|T0,male,0,2015,2015-08-30,Ligue 1,2015/2016,833,655,178,0.2136854741896758,440,365,75,0.1704545454545454
3878558,calibration,dc0a06070e1119c8f5530bd7592191167be038f31fd010236be9fdbba2daf1ad,male|T0,male,0,2015,2015-08-30,Serie A,2015/2016,1070,893,177,0.1654205607476635,622,536,86,0.1382636655948553
3825586,calibration,cc8d19d63f04c602b23ba58ae7479cd9b921306bd99d02c61ba1db1df8e861a2,male|T1,male,1,2015,2015-09-13,La Liga,2015/2016,738,519,219,0.2967479674796748,347,254,93,0.2680115273775216
3754077,calibration,ce4481390c9a2daeb70ed6fa2234bfbfff0493a2d193ba802d2223fd69c5cd30,male|T1,male,1,2015,2015-09-19,Premier League,2015/2016,969,774,195,0.2012383900928792,532,443,89,0.1672932330827067
3754169,calibration,d4cb1b9931754c73dd94e6760efde2116d8e446d9ec20e4dd5fccd044fe848a4,male|T1,male,1,2015,2015-09-19,Premier League,2015/2016,871,666,205,0.235361653272101,477,383,94,0.1970649895178197
3825591,calibration,d45cb4d9f0e50f6c6eb0719873473fc83fd10c0d22396b50a9ea75c56a0e2097,male|T1,male,1,2015,2015-09-19,La Liga,2015/2016,818,647,171,0.2090464547677261,441,371,70,0.1587301587301587
266490,calibration,e1b7777428073dbd477bbba928382aa66fce35d5849436e6444d6ca32bccb434,male|T1,male,1,2015,2015-09-20,La Liga,2015/2016,944,790,154,0.163135593220339,441,378,63,0.1428571428571428
3829473,calibration,c42bbe28249c588543fe74df686c12ba2d2d96b8bdfa3b09e47ae8e470db7926,male|T1,male,1,2015,2015-09-22,Ligue 1,2015/2016,1084,927,157,0.1448339483394834,655,576,79,0.1206106870229007
3825605,calibration,ce4a75a79ab7adbf96c2f23536fed4f40795d3c6e8e672236f7a53cb43e49235,male|T1,male,1,2015,2015-09-26,La Liga,2015/2016,806,621,185,0.2295285359801488,299,244,55,0.1839464882943143
3825609,calibration,e03bd36fa2d025bd37361a3e6845c10e0cfc6e018cf609fb153102f9394a3a6e,male|T1,male,1,2015,2015-09-27,La Liga,2015/2016,770,517,253,0.3285714285714285,362,264,98,0.2707182320441988
3825612,calibration,d8bf6da3f710f9169bf3727a10433dc76b1ff021074c568936efdc1039197134,male|T1,male,1,2015,2015-09-27,La Liga,2015/2016,853,639,214,0.2508792497069168,431,338,93,0.2157772621809744
3825615,calibration,c7155bc57aa0952f63b606238713fcf54defb32b5012e2869e9e53b78f90784c,male|T1,male,1,2015,2015-10-03,La Liga,2015/2016,924,729,195,0.211038961038961,534,430,104,0.1947565543071161
3879558,calibration,c8250a89906750203606fbf72577af9c885fd272e5552c9bc47511db7ab7e7c4,male|T1,male,1,2015,2015-10-03,Serie A,2015/2016,840,703,137,0.1630952380952381,430,372,58,0.1348837209302325
3825621,calibration,d2766e9c415893052b426ddf36623fbeb0d03795b488d88a0f27d97742f62dc9,male|T1,male,1,2015,2015-10-04,La Liga,2015/2016,1042,865,177,0.1698656429942418,504,427,77,0.1527777777777778
3825623,calibration,d1d0eef6a63aa25d6b96fb3a93fd36caf18114a7f493afca11c4d7d57fb60643,male|T1,male,1,2015,2015-10-17,La Liga,2015/2016,791,592,199,0.2515802781289507,470,374,96,0.2042553191489361
3829510,calibration,d58d210fad494375c35f83487cb1d0929a395ee7dd7e2d77e695f84e788853e0,male|T1,male,1,2015,2015-10-18,Ligue 1,2015/2016,999,827,172,0.1721721721721721,507,435,72,0.1420118343195266
3829511,calibration,d2df56a3e0c8ef5d868218123b64bef2e3aab6048d1526371195fe66000ee949,male|T1,male,1,2015,2015-10-18,Ligue 1,2015/2016,856,644,212,0.2476635514018691,481,388,93,0.1933471933471933
3879570,calibration,da1ed07236061b633783d9ca6e9c9b9fafd61a3df1bb15b3f5cbcb9dece49251,male|T1,male,1,2015,2015-10-18,Serie A,2015/2016,794,584,210,0.2644836272040302,473,386,87,0.1839323467230444
3754015,calibration,cff5aa07e1073522d80f32339c281566a6057af588f39f460012e18ea2ee7c3f,male|T1,male,1,2015,2015-10-25,Premier League,2015/2016,919,704,215,0.2339499455930359,431,345,86,0.1995359628770301
3825641,calibration,c7c1b20dfbd8996d4c2df455097606b5bacc6178aa51d295d437a58a2ac0de64,male|T1,male,1,2015,2015-10-26,La Liga,2015/2016,881,677,204,0.23155505107832,384,303,81,0.2109375
3900496,calibration,dcb9ab1d78357f9506004a725b41f1d8ee97d4304606f004f07a62a8ef35dbbf,male|T1,male,1,2015,2015-10-31,Ligue 1,2015/2016,774,576,198,0.2558139534883721,356,277,79,0.2219101123595505
3754191,calibration,c5c11e0649f78b3c75215bc6b3213ec5beb77f7486ae36c053eecb22a486ad1d,male|T1,male,1,2015,2015-11-01,Premier League,2015/2016,998,810,188,0.188376753507014,453,380,73,0.1611479028697571
3825652,calibration,d91e606722074538c4a4c25dbfa228ea8bf2ccab559951a5d4c4040a91ebf0bd,male|T1,male,1,2015,2015-11-06,La Liga,2015/2016,869,648,221,0.2543153049482163,473,381,92,0.1945031712473573
3754311,calibration,d5f29411c3011fcf6435b8b383588f37d39f62741ed48df7ebf4ee42a87d9e6c,male|T1,male,1,2015,2015-11-07,Premier League,2015/2016,1058,893,165,0.1559546313799621,626,537,89,0.1421725239616613
3825657,calibration,cde577d0e17a14e586eede39c17a648ab2400a1d8fe45ad6d3fde1338c770585,male|T1,male,1,2015,2015-11-07,La Liga,2015/2016,752,530,222,0.2952127659574468,406,307,99,0.2438423645320197
3900503,calibration,d22813bc6fec4d0dea65d6628aa4d18e7376af718c7083d17b071c967f756046,male|T1,male,1,2015,2015-11-07,Ligue 1,2015/2016,816,622,194,0.2377450980392156,407,321,86,0.2113022113022113
3754351,calibration,c6c8e789d26a6445218fd602db4ee5053a451fbb2b8e91f6ad81bb77a535464a,male|T1,male,1,2015,2015-11-08,Premier League,2015/2016,777,584,193,0.2483912483912484,355,286,69,0.1943661971830985
3879612,calibration,dc26b81fe8080c27687137b236ffa9bfe701e954b3ba0cac0f141c33259dbb42,male|T1,male,1,2015,2015-11-08,Serie A,2015/2016,656,457,199,0.3033536585365853,296,225,71,0.2398648648648648
3879618,calibration,de87720f0a22d7ce85ec48640e85dc04e3301704169ab2984bfe370847fddf1a,male|T1,male,1,2015,2015-11-21,Serie A,2015/2016,875,700,175,0.2,425,340,85,0.2
3890370,calibration,d00e84b8d9be52499b0ee6fac85ca59ce37481b6a224debd53503d0fa104967f,male|T1,male,1,2015,2015-11-21,1. Bundesliga,2015/2016,763,574,189,0.2477064220183486,355,275,80,0.2253521126760563
3825667,calibration,d06374d17867a80f4ada291a414a78b13753ede5254b7d66af9f73aa734249ae,male|T1,male,1,2015,2015-11-22,La Liga,2015/2016,826,574,252,0.3050847457627119,485,362,123,0.2536082474226804
3879619,calibration,cfe52c43558adfe4386375211d1ca41d69c33debf8fbbf77ce40aa228812efe1,male|T1,male,1,2015,2015-11-22,Serie A,2015/2016,801,584,217,0.2709113607990012,413,325,88,0.2130750605326876
3879620,calibration,dd1e501feb4166d0f279de08e58280b3faf77f0b57c8864a9d6f4fb1c29551ca,male|T1,male,1,2015,2015-11-22,Serie A,2015/2016,1164,947,217,0.1864261168384879,732,623,109,0.1489071038251366
3879621,calibration,d60cb42adb84f916185e458b81eb8f1825d8eca83e10f138e82562589fc35b31,male|T1,male,1,2015,2015-11-22,Serie A,2015/2016,816,616,200,0.2450980392156862,371,300,71,0.1913746630727762
3900518,calibration,ceb977b363b45af6cfde4ae200f2cbd7de9ee0a46fec1681dae63fdc27578302,male|T1,male,1,2015,2015-11-22,Ligue 1,2015/2016,966,790,176,0.1821946169772256,546,465,81,0.1483516483516483
3900519,calibration,e07aff586550dfe285a85ede47849e1aff5e7b9d5aa06b79120ce1c2fb72b60b,male|T1,male,1,2015,2015-11-22,Ligue 1,2015/2016,861,655,206,0.2392566782810685,475,389,86,0.1810526315789473
3900520,calibration,d3be57e5e216ef76795a9f42223cfb014438721a14698bf318cb29b8529094b1,male|T1,male,1,2015,2015-11-27,Ligue 1,2015/2016,899,720,179,0.1991101223581757,451,372,79,0.1751662971175166
3825673,calibration,c70a36942958d25effbf28d7b0a94a105c799ef91ab6338be013da1e4f216875,male|T1,male,1,2015,2015-11-28,La Liga,2015/2016,944,743,201,0.2129237288135593,485,395,90,0.1855670103092783
3900522,calibration,c6b3f1fb92ae0d84c1a524c7f37f9a4be4557f205b7c19c557a3fb2be3e75637,male|T1,male,1,2015,2015-11-28,Ligue 1,2015/2016,1089,902,187,0.1717171717171717,658,551,107,0.1626139817629179
3754093,calibration,d7d38395ea458dfd9d19639db2485e0e51d345168215635d280fd9b7d3c49e62,male|T1,male,1,2015,2015-11-29,Premier League,2015/2016,875,637,238,0.272,254,197,57,0.2244094488188976
3825675,calibration,c5a14b742e45a34ed057755805e8799f06a8ec9a9252b953527d32471a0c328f,male|T1,male,1,2015,2015-11-29,La Liga,2015/2016,802,560,242,0.3017456359102244,400,306,94,0.235
3900529,calibration,dc930b711693280554386f009f186e9a1bd49710ae3b3c6eeb1a751420e25d2d,male|T1,male,1,2015,2015-11-29,Ligue 1,2015/2016,609,424,185,0.3037766830870279,288,218,70,0.2430555555555555
3900537,calibration,cbeb6d6b1478b84731f5eda39fbf8ea45853677dc1ddc600ae95b7675df3c0ac,male|T1,male,1,2015,2015-12-02,Ligue 1,2015/2016,888,717,171,0.1925675675675675,507,418,89,0.1755424063116371
3754085,calibration,c5ef8fac05da2d0beb6fb1e66ca72a0c4d112759f59212e6354be6a1d81c60b9,male|T1,male,1,2015,2015-12-05,Premier League,2015/2016,938,718,220,0.2345415778251599,500,404,96,0.192
3754113,calibration,c663a34cf6e06371abf8638625b649f076ddad29dd0e85ebe3a609012e27b859,male|T1,male,1,2015,2015-12-05,Premier League,2015/2016,882,686,196,0.2222222222222222,496,385,111,0.2237903225806451
3754135,calibration,c7486568fe81e65baee8928be95c6fe1563b2a1f85e8167cb3d11b19b46a1b6a,male|T1,male,1,2015,2015-12-05,Premier League,2015/2016,866,626,240,0.277136258660508,436,347,89,0.2041284403669724
3825681,calibration,d79960e1bd8b71fd636f0916826ceb6fac90e06b6bdcb7e006bea47f89a68e9f,male|T1,male,1,2015,2015-12-05,La Liga,2015/2016,1062,932,130,0.1224105461393597,620,559,61,0.0983870967741935
3900542,calibration,cd44663077ca66ea467ad45f0433da155c6e8421303809883bd2ccd8a275c0cd,male|T1,male,1,2015,2015-12-05,Ligue 1,2015/2016,725,508,217,0.2993103448275862,361,268,93,0.2576177285318559
3825684,calibration,c5b2ebab33b750ecc139f9057169295f81b13683096ce891fd8ef4088cdbb115,male|T1,male,1,2015,2015-12-06,La Liga,2015/2016,742,539,203,0.2735849056603773,349,280,69,0.1977077363896848
3825686,calibration,d8ed75da793726c5e78dd1244148597ed1845caea7c7abdd74e698cd67786ed4,male|T1,male,1,2015,2015-12-06,La Liga,2015/2016,766,569,197,0.2571801566579634,369,299,70,0.1897018970189702
3900547,calibration,cfbea6c993dddd947b148cf145cd1cc26a830beb0ab9584b47d3fb326c95a611,male|T1,male,1,2015,2015-12-06,Ligue 1,2015/2016,862,694,168,0.1948955916473317,484,401,83,0.1714876033057851
3754328,calibration,caa90843a632ed70082a62ffb61f4603a4018cee33d046223cf1599d0e3fa930,male|T2,male,2,2015,2015-12-12,Premier League,2015/2016,1038,916,122,0.117533718689788,457,406,51,0.111597374179431
3825692,calibration,d585e7768d465271c3867ce8d65ffae4468f76dee64de8622fc8b6c370e074c5,male|T2,male,2,2015,2015-12-12,La Liga,2015/2016,866,657,209,0.2413394919168591,449,362,87,0.1937639198218262
3900551,calibration,c39592a4ba993499030093ca26be7bf23d34386c9b2dfe223cf693f49a4ad45f,male|T2,male,2,2015,2015-12-12,Ligue 1,2015/2016,955,780,175,0.1832460732984293,554,470,84,0.151624548736462
3900552,calibration,d56cd08d1d5bcad56131991d0fae8c948266424b654d0aa5c477da9634b277b6,male|T2,male,2,2015,2015-12-12,Ligue 1,2015/2016,864,666,198,0.2291666666666666,380,299,81,0.2131578947368421
3900556,calibration,cd5089e49da166860f615f53cee6754d06d5dac4850a0ed77bf6b04b383b5dc7,male|T2,male,2,2015,2015-12-13,Ligue 1,2015/2016,957,749,208,0.2173458725182863,467,388,79,0.1691648822269807
3890409,calibration,d86166c7d83754a6106c8bcd530cf4da51f9740276fa5b0001e5556092d7ec95,male|T2,male,2,2015,2015-12-19,1. Bundesliga,2015/2016,673,421,252,0.3744427934621099,279,185,94,0.3369175627240143
3754259,calibration,d2bac03b4d4a86449038ea9d0780efd3c176d159b882e49942c7ba6651194791,male|T2,male,2,2015,2015-12-20,Premier League,2015/2016,933,734,199,0.2132904608788853,416,350,66,0.1586538461538461
3900568,calibration,d0d5ccbe171ace46548279d74475abfdb714fcd39310f91572447a2cb34df086,male|T2,male,2,2015,2015-12-20,Ligue 1,2015/2016,873,621,252,0.2886597938144329,481,373,108,0.2245322245322245
3754019,calibration,de20ff26428b04d55834a9d571d6a79f5786d2c966e8033891cb01f4044095b3,male|T2,male,2,2015,2015-12-28,Premier League,2015/2016,919,760,159,0.1730141458106637,537,471,66,0.1229050279329608
3754173,calibration,d43fa8442e718df67f7f85fa2269fbd5724d640150bf37643ace09d908b22574,male|T2,male,2,2015,2015-12-28,Premier League,2015/2016,1034,868,166,0.1605415860735009,534,449,85,0.1591760299625468
3754036,calibration,de0d04e3fb9d3f02e176bd8ecd994833031188622ac6422c4c0dca9611cf54b0,male|T2,male,2,2016,2016-01-02,Premier League,2015/2016,859,645,214,0.249126891734575,458,353,105,0.2292576419213974
3825714,calibration,db0b777da41f8286183327de4044153c3288f7695b8ef0452545745e5eba2403,male|T2,male,2,2016,2016-01-02,La Liga,2015/2016,865,654,211,0.2439306358381502,428,341,87,0.2032710280373831
266620,calibration,c5aa73ccb711f23b1d2d9d3bcfe1cb22c538a312328f6b676588884bf6bb23ba,male|T2,male,2,2016,2016-01-09,La Liga,2015/2016,939,777,162,0.1725239616613418,423,365,58,0.1371158392434988
3879682,calibration,dee2dbe0646beffba03f610e48668583f3cc99abd0408e233d1652dd01991d61,male|T2,male,2,2016,2016-01-10,Serie A,2015/2016,834,652,182,0.2182254196642686,366,305,61,0.1666666666666666
3900578,calibration,ce2d53392482b1be9780856ecc3cedb287e52ca700b93b4f800be08070c40aa1,male|T2,male,2,2016,2016-01-10,Ligue 1,2015/2016,828,644,184,0.2222222222222222,386,312,74,0.1917098445595854
3754065,calibration,ca1eb86537f14254060d7fe81b53ee3a7349dc27d3a28007c2c9d07750a3c240,male|T2,male,2,2016,2016-01-13,Premier League,2015/2016,744,530,214,0.2876344086021505,397,308,89,0.2241813602015113
3754071,calibration,d2434af9e75efdccc629a05e64defe5411d1d9713e856e199dbcccb8f10f84c5,male|T2,male,2,2016,2016-01-13,Premier League,2015/2016,861,702,159,0.1846689895470383,298,244,54,0.1812080536912751
3754183,calibration,c401a690b44f5736dcaa58fa3807841fdf056043598d23073e45c8d564548262,male|T2,male,2,2016,2016-01-13,Premier League,2015/2016,929,697,232,0.2497308934337997,617,488,129,0.2090761750405186
3825738,calibration,d1a88eb97032295b26ccd00bb96f5e485747489fff8786b23a280b96cd885904,male|T2,male,2,2016,2016-01-17,La Liga,2015/2016,1095,882,213,0.1945205479452054,463,383,80,0.1727861771058315
3879690,calibration,cd382b4266450625d522a4e30deab5917592e38eebb814a8013ec1055a092634,male|T2,male,2,2016,2016-01-17,Serie A,2015/2016,878,705,173,0.1970387243735763,376,310,66,0.175531914893617
3900589,calibration,db43cc66119d48f46314411bbcd9aa35a451499ca7cf8f9c0c6f78344c2f4ecc,male|T2,male,2,2016,2016-01-17,Ligue 1,2015/2016,810,589,221,0.2728395061728395,438,342,96,0.2191780821917808
3879698,calibration,cb92f4920886c8a079d774cacbf2c694ae5ef16e605e90b71e01b3c62a3470bc,male|T2,male,2,2016,2016-01-23,Serie A,2015/2016,940,744,196,0.2085106382978723,559,456,103,0.184257602862254
3890415,calibration,ccc88a6dde83d1e773d742ecb4ed64da2ebcbd1d8c9d957bb26bf802edf04f4e,male|T2,male,2,2016,2016-01-23,1. Bundesliga,2015/2016,853,607,246,0.2883939038686987,443,333,110,0.2483069977426636
3900594,calibration,da3c82325c59e573da8f2f62aca281b30160d4f54a6c5be2d2289a3a6f0ccbd7,male|T2,male,2,2016,2016-01-23,Ligue 1,2015/2016,787,571,216,0.2744599745870394,348,268,80,0.2298850574712643
3754163,calibration,ce5eded94fc9aafb4d601906154d6d772e74c2568b2aab8a26542aff7c6f549f,male|T2,male,2,2016,2016-01-24,Premier League,2015/2016,1029,823,206,0.2001943634596696,550,454,96,0.1745454545454545
3825753,calibration,d21bdcd04bab9ce3c344955b9a12c6e05c44fccd7faf548eef4972c57a2c7616,male|T2,male,2,2016,2016-01-30,La Liga,2015/2016,860,651,209,0.2430232558139534,463,360,103,0.2224622030237581
3879709,calibration,d24d5e53f22c9ade0d76d811e7bd6a7c9e0860a3a4fa4a112301404a928b4f1f,male|T2,male,2,2016,2016-01-30,Serie A,2015/2016,801,532,269,0.3358302122347066,346,254,92,0.2658959537572254
3825754,calibration,d33388fba4bf97c3c60f1eb7cdca91a314f356f07b73a159f01dcaff6044f9af,male|T2,male,2,2016,2016-01-31,La Liga,2015/2016,842,643,199,0.2363420427553444,502,409,93,0.1852589641434263
3825757,calibration,de3615c74ddccc4a9ef5148eefe7d07f41331693ceb5c6c589cac6a67c58ba67,male|T2,male,2,2016,2016-01-31,La Liga,2015/2016,953,807,146,0.1532004197271773,377,330,47,0.1246684350132626
3753997,calibration,c7f025089795069de690019a20bbcbc28c3e1b88bd1a634fae810b7815437ea0,male|T2,male,2,2016,2016-02-02,Premier League,2015/2016,934,773,161,0.1723768736616702,489,427,62,0.1267893660531697
3879725,calibration,cde08ee300bd7ba7ad303cd177f1460411cabc0746c8db67c74058589d6a2b89,male|T2,male,2,2016,2016-02-03,Serie A,2015/2016,767,575,192,0.2503259452411995,343,278,65,0.1895043731778425
3900618,calibration,da61fbb2b9b987dd42556050207fd4ce7b0ebb5147cbb83e38d4a90ae6d37cff,male|T2,male,2,2016,2016-02-03,Ligue 1,2015/2016,1168,985,183,0.1566780821917808,675,589,86,0.1274074074074074
3825759,calibration,db43a884ab11bc57f554ae7a4639c0a7d4d5cead6de6e5c398216e237739a6e2,male|T2,male,2,2016,2016-02-05,La Liga,2015/2016,928,699,229,0.2467672413793103,447,351,96,0.2147651006711409
3900627,calibration,c4034f7d7283d01f733b968408583693abea63a7302596624b76baf61accaf62,male|T2,male,2,2016,2016-02-07,Ligue 1,2015/2016,759,560,199,0.2621870882740448,291,226,65,0.2233676975945017
3900628,calibration,c6de32da801dc89006019bfbac73e5fb66ded6af23af878bbc742f3281d39f58,male|T2,male,2,2016,2016-02-07,Ligue 1,2015/2016,881,687,194,0.2202043132803632,478,401,77,0.1610878661087866
3900629,calibration,c5f57c43a865dffd1dde1805f049b8a57a8efbcd96f8d05ca13cb0d9890875e4,male|T2,male,2,2016,2016-02-07,Ligue 1,2015/2016,1056,889,167,0.1581439393939394,650,563,87,0.1338461538461538
3754244,calibration,cdeb741d1802f2abae204159c1dd4b9942f42e226c78bcafa64bc16f833d0935,male|T2,male,2,2016,2016-02-13,Premier League,2015/2016,771,513,258,0.3346303501945525,345,250,95,0.2753623188405797
3754350,calibration,d6e825bdfdd5ee9e5b25768dd6421c1396d93348bd42561b4b576aab0d592b5b,male|T2,male,2,2016,2016-02-13,Premier League,2015/2016,850,666,184,0.2164705882352941,424,344,80,0.1886792452830188
3900631,calibration,daec823e6820520a8d7757d4603a1e5f42d1483ff3f80fb43b1c73039dab5cdb,male|T2,male,2,2016,2016-02-13,Ligue 1,2015/2016,920,695,225,0.2445652173913043,564,449,115,0.2039007092198581
3900632,calibration,c2af60ffbf3f979e29b0bace44d98a46529b6e5ae4ab01496bf6ae0a28a5c596,male|T2,male,2,2016,2016-02-13,Ligue 1,2015/2016,741,542,199,0.2685560053981106,360,283,77,0.2138888888888888
3900634,calibration,c9a47e5df61243a660bb9a19a0e5415fc70923230d3b755ace2edf2c879acace,male|T2,male,2,2016,2016-02-13,Ligue 1,2015/2016,953,761,192,0.2014690451206715,505,404,101,0.2
3879747,calibration,dea47726745dd43258957eaca9b0966e2e4ae4a976a258fe6df6a808c0dfa5be,male|T2,male,2,2016,2016-02-19,Serie A,2015/2016,964,794,170,0.1763485477178423,420,363,57,0.1357142857142857
3825778,calibration,d23ab30bd02e43c8e539e6803501a7e151d078d3dc6c01e78f4bc035a10d11ba,male|T2,male,2,2016,2016-02-20,La Liga,2015/2016,766,565,201,0.2624020887728459,352,279,73,0.2073863636363636
3825780,calibration,d00421ea8054cd3306a5fec513a967a0082d681c693b4263158bf79faea4a47c,male|T2,male,2,2016,2016-02-20,La Liga,2015/2016,852,627,225,0.2640845070422535,517,408,109,0.2108317214700193
3825785,calibration,c1cdb18089d5effcad16e631c273efedd4955a1753b22c4fd3003cc20a88ecfd,male|T2,male,2,2016,2016-02-21,La Liga,2015/2016,808,629,179,0.2215346534653465,448,365,83,0.1852678571428571
3901151,calibration,c5871268e85ba03e50b85434669ed2397d11a2730a6e7518319a5f28d18cc486,male|T2,male,2,2016,2016-02-21,Ligue 1,2015/2016,727,541,186,0.2558459422283356,410,324,86,0.2097560975609756
3754049,calibration,c7fdbc5b92fcf7307f5e1cb86e126ec96cac18e8405d93a46d446da020acd8ff,male|T2,male,2,2016,2016-02-27,Premier League,2015/2016,812,575,237,0.291871921182266,396,291,105,0.2651515151515151
3825790,calibration,df08d1c4ea91aa258bc2c177e04209904582fc73162a6efe52225de011717db2,male|T2,male,2,2016,2016-02-27,La Liga,2015/2016,818,615,203,0.2481662591687041,485,394,91,0.1876288659793814
3901159,calibration,ce0831e88b4cb1345b70373026bcde39894a20cc61f1507e7c0d76508681ad03,male|T2,male,2,2016,2016-02-28,Ligue 1,2015/2016,901,740,161,0.1786903440621531,514,422,92,0.178988326848249
3879767,calibration,da2f993e5749af536e9ef5aa17030837e98865efcfdcb5f326a274e9af865894,male|T3,male,3,2016,2016-03-04,Serie A,2015/2016,904,722,182,0.2013274336283186,358,299,59,0.164804469273743
3879768,calibration,cc852ecd6d80c55339aa00b1b26b82b923dc5612e5ae102385be052be1f4b3d8,male|T3,male,3,2016,2016-03-05,Serie A,2015/2016,907,713,194,0.2138919514884233,442,358,84,0.1900452488687782
3901166,calibration,cdb5124ae63e3e75b55dc465704711f97e282dddbb143e8a0e7ed426d37d116f,male|T3,male,3,2016,2016-03-05,Ligue 1,2015/2016,1118,898,220,0.1967799642218247,664,550,114,0.1716867469879518
3901167,calibration,d6bc557b0936db9a73321aa5da706d1f1fa1ef7de18a3bf959cd4af6640e0356,male|T3,male,3,2016,2016-03-05,Ligue 1,2015/2016,842,641,201,0.2387173396674584,500,408,92,0.184
266056,calibration,df89d7b41582cdc3da4d70bf6ec7f140fd4099a605b35b7e62942f42ffe4e8c5,male|T3,male,3,2016,2016-03-06,La Liga,2015/2016,1044,853,191,0.1829501915708812,560,480,80,0.1428571428571428
3879772,calibration,d42d3402e397e1cd14e239e2f042c65d74d63dbadbec3fb05690c3bb0089afae,male|T3,male,3,2016,2016-03-06,Serie A,2015/2016,826,621,205,0.24818401937046,396,309,87,0.2196969696969697
3901170,calibration,d30d1a70cd6383a838b1444156052adb9f10b7dd06843110011457619f94478e,male|T3,male,3,2016,2016-03-06,Ligue 1,2015/2016,981,786,195,0.1987767584097859,614,513,101,0.1644951140065146
3879777,calibration,e069c0b591e8b5f4513b7829671bb5e2862c6ec334a40369b2ff1001f1a35949,male|T3,male,3,2016,2016-03-11,Serie A,2015/2016,834,644,190,0.2278177458033573,406,332,74,0.1822660098522167
3901174,calibration,d879986977fcbed602db80d5e0fad0ba1ee79694546a4961587fd980c59d383b,male|T3,male,3,2016,2016-03-11,Ligue 1,2015/2016,852,631,221,0.2593896713615023,490,384,106,0.2163265306122449
3879784,calibration,e0c91a84c71c4a5c93c298557b15f75057f47d0e86a306d5679bdbfa49d10182,male|T3,male,3,2016,2016-03-13,Serie A,2015/2016,813,626,187,0.2300123001230012,453,360,93,0.2052980132450331
3901183,calibration,cedb18b85c6c81d38cc2ff4807dffd22537a07b4e2b8ab86dec84bf3a09e76fb,male|T3,male,3,2016,2016-03-13,Ligue 1,2015/2016,1079,933,146,0.1353104726598702,485,432,53,0.1092783505154639
3879787,calibration,da5a9557e26abf2125dbcee890bee04244834605fb474382103c8dd886a5c972,male|T3,male,3,2016,2016-03-19,Serie A,2015/2016,933,734,199,0.2132904608788853,449,376,73,0.1625835189309576
3901190,calibration,d59c5119485861adde928f55212b5c3e3aa9d303d742569da24facf231925066,male|T3,male,3,2016,2016-03-19,Ligue 1,2015/2016,826,620,206,0.2493946731234866,431,353,78,0.1809744779582366
3754087,calibration,d4a10c9838ae85ad05520248089495390709f00e564d23591bbd2dae63f624ea,male|T3,male,3,2016,2016-04-02,Premier League,2015/2016,875,668,207,0.2365714285714285,521,415,106,0.2034548944337812
3754175,calibration,d0fe7a14d26ed7e7b34fad68d727d4a1c90d6dea0223289099d91a418d02c867,male|T3,male,3,2016,2016-04-02,Premier League,2015/2016,702,483,219,0.3119658119658119,337,235,102,0.3026706231454006
3901196,calibration,da4c82d953db9a9dff3e2f84fe99fc57b7651a5f034b56c2e265668565ccbd52,male|T3,male,3,2016,2016-04-02,Ligue 1,2015/2016,1153,1006,147,0.1274934952298352,784,695,89,0.1135204081632653
3825824,calibration,cb4e4622d5dfc68193b1e9c75683722a3ebda21b629fb07b2a84560381279c7a,male|T3,male,3,2016,2016-04-03,La Liga,2015/2016,905,615,290,0.3204419889502762,463,332,131,0.2829373650107991
3879803,calibration,dd2670ed80105f176af6413a1d03e0ba23297639437dfeba68eeb0967bb9f7ef,male|T3,male,3,2016,2016-04-03,Serie A,2015/2016,772,580,192,0.2487046632124352,331,272,59,0.1782477341389728
3825828,calibration,d8af330fa76060148fcd3e212c34a5e6aeb091e6833fd847d14f8bfa36478d31,male|T3,male,3,2016,2016-04-09,La Liga,2015/2016,862,628,234,0.271461716937355,464,363,101,0.2176724137931034
3901205,calibration,d94cc51ceaa62c8f0a75eba825da3a4f2cda26de0a713624d7556e083deb5232,male|T3,male,3,2016,2016-04-09,Ligue 1,2015/2016,955,716,239,0.250261780104712,644,524,120,0.186335403726708
3879812,calibration,d4ed66f11f6ba916cb3c23b473cea12ecb495582f4fe7f1cc539e1a7d08d5729,male|T3,male,3,2016,2016-04-10,Serie A,2015/2016,997,794,203,0.2036108324974924,504,412,92,0.1825396825396825
3754024,calibration,e258cfd53d78a4eaf6ec4fa0f90b2b89b82815c3fa78761cbdceedcd2d345172,male|T3,male,3,2016,2016-04-16,Premier League,2015/2016,827,600,227,0.2744860943168077,371,297,74,0.1994609164420485
3825833,calibration,d228a3c704409e42f46ae32986569daab8420bb378415224ea06aa1a9212bd8f,male|T3,male,3,2016,2016-04-16,La Liga,2015/2016,841,708,133,0.1581450653983353,468,396,72,0.1538461538461538
3825852,calibration,d92f9a0a2ae2f1a7b15d05f8f539ffc5fd66a5e05cec910c48bfbd71943ce78d,male|T3,male,3,2016,2016-04-16,La Liga,2015/2016,882,703,179,0.2029478458049886,479,400,79,0.1649269311064718
3879824,calibration,d9977bfb895f41378b379d7f03947b94dc6390f0239cb505ddb764e5ba32a643,male|T3,male,3,2016,2016-04-17,Serie A,2015/2016,785,600,185,0.2356687898089172,379,311,68,0.179419525065963
3879826,calibration,d39d341c5c8b42dcd96df0209d938423d631339684b3955c206836e24045934c,male|T3,male,3,2016,2016-04-17,Serie A,2015/2016,693,470,223,0.3217893217893218,379,292,87,0.229551451187335
3825837,calibration,df8f75c6abc8bd027bd1324fbd033ac8f5d69d8385cd5aa3d18f7448a51bcf1e,male|T3,male,3,2016,2016-04-19,La Liga,2015/2016,923,765,158,0.171180931744312,554,478,76,0.1371841155234657
3825862,calibration,d465393e0f7d6cdfae9a662fca148e9d46b657aec2b84e40152fa4432c80ac5c,male|T3,male,3,2016,2016-04-19,La Liga,2015/2016,1008,759,249,0.2470238095238095,618,486,132,0.2135922330097087
266310,calibration,d4a9c403aba442b3410e0f7de40ed5754c7373dd7cef423d14798f774980d968,male|T3,male,3,2016,2016-04-20,La Liga,2015/2016,1062,938,124,0.1167608286252354,475,426,49,0.1031578947368421
3825847,calibration,d3e5d4d8bb90cd6cbce0f67bf8e80b561b8a0505adfb35deb647105d28c8fe0b,male|T3,male,3,2016,2016-04-23,La Liga,2015/2016,827,568,259,0.313180169286578,442,325,117,0.2647058823529412
3901230,calibration,d3aa6b0c02972d22395bdd97b57697d2583efdc5db87be0549480c84c0b1d47a,male|T3,male,3,2016,2016-04-24,Ligue 1,2015/2016,755,524,231,0.3059602649006622,377,274,103,0.273209549071618
3879847,calibration,d12b1015f25be8a11b2ee709e4ddc5c37e3436605a633599088cfc3c6e6b482e,male|T3,male,3,2016,2016-04-30,Serie A,2015/2016,841,715,126,0.149821640903686,436,377,59,0.1353211009174312
3825873,calibration,d17f28780ecafb2858d5e30f9db8396f5b64bca4cb6ce145174e15de4f0a8b93,male|T3,male,3,2016,2016-05-01,La Liga,2015/2016,1017,850,167,0.1642084562438544,488,426,62,0.1270491803278688
3901244,calibration,d591aa7647172d6be66d82179067e2a825238228b879f6cc50f9a98f1d281de5,male|T3,male,3,2016,2016-05-07,Ligue 1,2015/2016,737,525,212,0.2876526458616011,396,315,81,0.2045454545454545
3901250,calibration,d4406c12001a57567e0d6aa89e568ef3d4452d3e75fc37838db4791265e80c73,male|T3,male,3,2016,2016-05-07,Ligue 1,2015/2016,822,665,157,0.1909975669099756,432,369,63,0.1458333333333333
3754342,calibration,cce909b22f50cf97abbc8ed9670e23335c31141092ca39e799045247b77cb165,male|T3,male,3,2016,2016-05-08,Premier League,2015/2016,811,653,158,0.1948212083847102,308,266,42,0.1363636363636363
3825861,calibration,d0cfa1e306c5d52d041bbd8fe3c8b044fd187c25fd6ade18d16013f900395040,male|T3,male,3,2016,2016-05-08,La Liga,2015/2016,827,608,219,0.2648125755743651,476,380,96,0.2016806722689075
3901255,calibration,d62ad980447ad9406af846dafd2cdfe86093bc6f695e957a4e4c81355d34238d,male|T3,male,3,2016,2016-05-14,Ligue 1,2015/2016,615,377,238,0.3869918699186991,239,171,68,0.2845188284518828
3901257,calibration,d0e21339e7490fb797345cc7a66a71d257af79d36e40bb74f4e1b30db1b54db9,male|T3,male,3,2016,2016-05-14,Ligue 1,2015/2016,824,631,193,0.2342233009708738,494,405,89,0.180161943319838
3901259,calibration,ccf157f4e71c206706e1f3ac3aa6700324b26fffa321a176749b6e8e4ff2dac3,male|T3,male,3,2016,2016-05-14,Ligue 1,2015/2016,1075,889,186,0.1730232558139534,688,592,96,0.1395348837209302
3901262,calibration,dc254a7326a1915421f20da92ba1289cf1a1fe27f6038b994e6a7f2135081334,male|T3,male,3,2016,2016-05-14,Ligue 1,2015/2016,936,712,224,0.2393162393162393,530,435,95,0.1792452830188679
3879873,calibration,d6f5946f65c6ee6936a88aadf7ce842cd10acfe2d4731f0946cc28f912c15d17,male|T3,male,3,2016,2016-05-15,Serie A,2015/2016,959,819,140,0.145985401459854,480,420,60,0.125
267058,calibration,cb0f79c96281e1c0e49b9adb6458e4a79590f7504ea2301f35c149a6cdb13426,male|T3,male,3,2016,2016-10-29,La Liga,2016/2017,933,784,149,0.1596998928188638,364,306,58,0.1593406593406593
266357,calibration,d95e47f0b50b5c01d6fe56d4e68bc4f70029f918a05a56cb4a333136d0f43ddf,male|T3,male,3,2016,2016-12-10,La Liga,2016/2017,1051,899,152,0.1446241674595623,415,362,53,0.1277108433734939
18244,calibration,e0a1a1edcdfd7cc982b921d2167c2afe9bea28b11e61777b7441cf13ceb72ffe,male|T3,male,3,2017,2017-06-03,Champions League,2016/2017,904,744,160,0.1769911504424778,408,337,71,0.1740196078431372
9581,calibration,d872c507d4162dbe5bf920de631df36d52b1bd441e3e91d3e734055e5aa46e7a,male|T3,male,3,2017,2017-08-26,La Liga,2017/2018,999,851,148,0.1481481481481481,449,389,60,0.133630289532294
9636,calibration,cb763094b0469ddc180f4eef4a8ee92ea34e22e6d92ff6c6afb249d1f78d57bd,male|T3,male,3,2017,2017-10-01,La Liga,2017/2018,1044,907,137,0.1312260536398467,594,524,70,0.1178451178451178
9661,calibration,d297503b10f7e3f8ea16235efe0a9b77850cef3e61e9969187a742ebf282f912,male|T3,male,3,2017,2017-10-28,La Liga,2017/2018,888,695,193,0.2173423423423423,455,364,91,0.2
9695,calibration,ce12474c230ef1b1e3683b49ed718e21b21b38b9aae79ee5cb87213d8803ce70,male|T3,male,3,2017,2017-11-26,La Liga,2017/2018,1064,883,181,0.1701127819548872,478,403,75,0.1569037656903765
9765,calibration,d219cbca910fb79199187904ac79586a6530b1db5c525ee4fa86a8017133a183,male|T4,male,4,2018,2018-01-21,La Liga,2017/2018,998,824,174,0.1743486973947896,606,506,100,0.165016501650165
7451,calibration,ddddefaa00db3c1ce5d59b164db8e3d578947dd2af4f109ea9011e350908dd59,female|T4,female,4,2018,2018-05-13,NWSL,2018,738,519,219,0.2967479674796748,487,356,131,0.2689938398357289
7519,calibration,dbbd1e2fa14e01b90aa48a4baa3e24ef3677afc4978cfacef496d10575fe8d82,female|T4,female,4,2018,2018-05-31,NWSL,2018,643,408,235,0.3654743390357698,426,292,134,0.3145539906103286
7577,calibration,d9304b34ef3c9346f24e8e86e662cbe9ab361d9b3387a017f6734989d6c385d6,male|T4,male,4,2018,2018-06-15,FIFA World Cup,2018,666,485,181,0.2717717717717717,372,296,76,0.2043010752688172
7532,calibration,df30f18a2f81d6359a298a4ec5f7027e1eb88f5984f0b6ae8f53ff3cc0bd7ddd,male|T4,male,4,2018,2018-06-16,FIFA World Cup,2018,755,594,161,0.2132450331125827,450,366,84,0.1866666666666666
7544,calibration,e3d39e92be7d0968e8c4fd57e0ef655593e7eb7dd5bfbe6106575a9f939310f6,male|T4,male,4,2018,2018-06-20,FIFA World Cup,2018,1033,875,158,0.1529525653436592,692,590,102,0.1473988439306358
7550,calibration,e50ac74a110ba832e020c8f4880386578138c847cd36f794131e7bdf86ff4959,male|T4,male,4,2018,2018-06-22,FIFA World Cup,2018,812,662,150,0.1847290640394088,452,379,73,0.161504424778761
7565,calibration,d2c92d11c9ae531022a657cf91b5d60ae0b0c12de072f24ae9176de270611125,male|T4,male,4,2018,2018-06-27,FIFA World Cup,2018,1047,853,194,0.1852913085004775,802,672,130,0.1620947630922693
7472,calibration,e7e32f755fa03aa7e2f2b3cc90e1c369b77ca103fb3e090208e0ad56285c9a34,female|T4,female,4,2018,2018-07-01,NWSL,2018,806,514,292,0.3622828784119106,425,300,125,0.2941176470588235
7480,calibration,e3728834a3e321dd025e65a1f15138648af16b29417917d4beb622f7a39672c1,female|T4,female,4,2018,2018-07-12,NWSL,2018,795,543,252,0.3169811320754717,493,368,125,0.2535496957403651
15946,calibration,da4176f3b1d930a4877b77f2642eb738d06c81d3ec68d49b5012901161a0df37,male|T4,male,4,2018,2018-08-18,La Liga,2018/2019,1085,926,159,0.1465437788018433,522,449,73,0.1398467432950191
19715,calibration,e4af566512045a27c73135a11ac1129e94b1e297accfea1c7b8f5fd60117a4eb,female|T4,female,4,2018,2018-09-09,FA Women's Super League,2018/2019,554,308,246,0.4440433212996389,283,186,97,0.342756183745583
19723,calibration,e496ac87f3925ef262a6f38cadc9d4339006dbe87bf09e055a7401127a377969,female|T4,female,4,2018,2018-09-20,FA Women's Super League,2018/2019,925,685,240,0.2594594594594595,575,457,118,0.2052173913043478
19726,calibration,e512cdacc6f69f5ff99d320582065f0708b11fee5ef92e1c5210b9e1297c2c7f,female|T4,female,4,2018,2018-09-23,FA Women's Super League,2018/2019,864,566,298,0.3449074074074074,432,300,132,0.3055555555555556
15998,calibration,e191808fab814cf3a5f6258cc2889f92af2062652587158103bcaddafb9c5816,male|T4,male,4,2018,2018-09-26,La Liga,2018/2019,1019,861,158,0.155053974484789,515,453,62,0.1203883495145631
16010,calibration,e96ebd99b8c24d8642d0cd535a25d43d775dfa4b346ad6ff91b51334de320ca0,male|T4,male,4,2018,2018-09-29,La Liga,2018/2019,886,702,184,0.2076749435665914,455,368,87,0.1912087912087912
19739,calibration,d3a9717f57f1affc67c6b1a7b4135c546c6ec973499c35b3063802209f5fd199,female|T4,female,4,2018,2018-10-21,FA Women's Super League,2018/2019,915,712,203,0.2218579234972677,444,369,75,0.1689189189189189
19746,calibration,d9bffc07403483bb222386369de367bf266ac7bb0d2e36b85b29d46231a59e69,female|T4,female,4,2018,2018-10-28,FA Women's Super League,2018/2019,727,472,255,0.3507565337001375,346,258,88,0.2543352601156069
19749,calibration,debc27be57d703b0b3017c2eb1f45f94c59349cca77639ea5b4e20b77983ef55,female|T4,female,4,2018,2018-11-04,FA Women's Super League,2018/2019,871,705,166,0.1905855338691159,546,462,84,0.1538461538461538
19752,calibration,d4a806ae13385e6ed5ccfcff00543526f70f195ad7250228550bba235ab54cef,female|T4,female,4,2018,2018-11-04,FA Women's Super League,2018/2019,965,754,211,0.2186528497409326,588,474,114,0.1938775510204081
19765,calibration,d3a78f6e61e19efeab3099ad2de6ccc7d1984f83996630cf1624c78421fdbec6,female|T4,female,4,2018,2018-11-25,FA Women's Super League,2018/2019,965,787,178,0.1844559585492228,504,427,77,0.1527777777777778
19768,calibration,da9b55f1dd9606163eb8d9785c3b724fe1982cd538e61b3e4ad35ed409166744,female|T4,female,4,2018,2018-11-25,FA Women's Super League,2018/2019,757,493,264,0.3487450462351387,403,266,137,0.3399503722084367
19773,calibration,dfcc48d2fbb47a04cca04a7813cdb6fa07ae2d5c035e60102ad40c956bd537fb,female|T4,female,4,2018,2018-12-02,FA Women's Super League,2018/2019,834,580,254,0.3045563549160671,444,332,112,0.2522522522522522
16131,calibration,dbd52ca9652456b884f28b18373276c6b43f282e65e3aee921d04c51881d6de4,male|T4,male,4,2019,2019-01-13,La Liga,2018/2019,1027,832,195,0.189873417721519,557,453,104,0.1867145421903052
16190,calibration,d4e99c954b14cb5b593487cbc0a27627bb5c2ac95d1fe58278f51c7900cf5416,male|T4,male,4,2019,2019-02-23,La Liga,2018/2019,907,732,175,0.1929437706725468,422,350,72,0.1706161137440758
16196,calibration,d5ef569565b4c97f6e8afd65965b7443dbf507c0b42a4ac486148436203d5dd2,male|T4,male,4,2019,2019-03-02,La Liga,2018/2019,967,819,148,0.1530506721820062,556,475,81,0.14568345323741
16205,calibration,d52eb11e1381695a615ea9ca82011c51e3a7856d78bfcf35268006827f12cf43,male|T4,male,4,2019,2019-03-09,La Liga,2018/2019,988,860,128,0.1295546558704453,553,496,57,0.1030741410488245
19799,calibration,d2d40f89cc8015f24aa6f4efd0dac3aec6f0911f2e102b7b611a495c55632c83,female|T4,female,4,2019,2019-03-13,FA Women's Super League,2018/2019,1076,824,252,0.2342007434944238,532,441,91,0.1710526315789473
19816,calibration,dac20fc5204ab7451f9bc621a7372d3993f1c2c48a621b2aa57a7b1f64d9198e,female|T4,female,4,2019,2019-04-28,FA Women's Super League,2018/2019,794,595,199,0.2506297229219144,386,322,64,0.1658031088082901
22912,calibration,db5790e2b74487ce2dce9a648c6eeac87e3d431d46bf874bb8fdfe70588f7dfa,male|T4,male,4,2019,2019-06-01,Champions League,2018/2019,782,573,209,0.2672634271099744,294,235,59,0.2006802721088435
22921,calibration,d7ec952b9699133596680f6fd8317cb2474fce712a1e1bd2112a85c250502559,female|T4,female,4,2019,2019-06-07,Women's World Cup,2019,864,730,134,0.1550925925925926,405,348,57,0.1407407407407407
22980,calibration,d778bd289f2c8ac7d323922ddbaa565248a8f77ad2f318ff10b58d701e249c5b,female|T4,female,4,2019,2019-06-17,Women's World Cup,2019,701,534,167,0.2382310984308131,363,287,76,0.209366391184573
22981,calibration,e25ddeaefc028f042d16dbd5700fc228e76e8215b4ff7eba6740ca4e0043db0c,female|T4,female,4,2019,2019-06-17,Women's World Cup,2019,721,557,164,0.2274618585298197,369,297,72,0.1951219512195122
68343,calibration,dcd944d47faaac1c9224051b3f31c709d7da08ff2981e41c973da6cff57a3d5d,female|T4,female,4,2019,2019-06-20,Women's World Cup,2019,765,574,191,0.2496732026143791,472,380,92,0.1949152542372881
69188,calibration,d20794dcd60f34e206a67b1b936f493cd2091acb7a388d7acaf86e7722747ed8,female|T4,female,4,2019,2019-06-25,Women's World Cup,2019,1046,832,214,0.2045889101338432,649,540,109,0.1679506933744222
2275127,calibration,e1c591a208c5ca9e5557bab76bb630aac4faecaedff7444f5006b844b9e5a51d,female|T4,female,4,2019,2019-10-13,FA Women's Super League,2019/2020,555,356,199,0.3585585585585585,294,216,78,0.2653061224489796
2275140,calibration,df6b7fda8b75a2acd53d3c7de1e295edcba82b2bddb304ee3c4c4e75f99a1d16,female|T4,female,4,2019,2019-11-24,FA Women's Super League,2019/2020,852,673,179,0.210093896713615,420,343,77,0.1833333333333333
2275150,calibration,e0e16b3b9a5125fcfb1bec940a7594bbc50a3e80456d1c725d1ee9081c302523,female|T4,female,4,2019,2019-12-01,FA Women's Super League,2019/2020,543,392,151,0.2780847145488029,249,194,55,0.2208835341365461
2275088,calibration,d5056c6fe8d0c821e40038968af00d4b238070ae24c117aa575efd3157b61b08,female|T4,female,4,2019,2019-12-08,FA Women's Super League,2019/2020,663,478,185,0.2790346907993967,366,285,81,0.221311475409836
2275103,calibration,e3167f0d27a010735560c3aa3534cc9a72f1a366213c2c05a3451f6aab963330,female|T4,female,4,2019,2019-12-08,FA Women's Super League,2019/2020,683,453,230,0.3367496339677892,337,251,86,0.2551928783382789
2275077,calibration,daf776c89ad3312b7e6b765ae0d22de8b738d5964588f6c72432f9ce7eb696dd,female|T4,female,4,2020,2020-01-12,FA Women's Super League,2019/2020,628,426,202,0.321656050955414,328,242,86,0.2621951219512195
2275098,calibration,e45a87b9d4ee9265012d3381af7a60a95f490c2def8a4115801a786c981bfa71,female|T4,female,4,2020,2020-01-12,FA Women's Super League,2019/2020,1024,834,190,0.185546875,480,397,83,0.1729166666666666
2275038,calibration,d813a8ad9434a87991f0320b152211ab53564cad2afbd8765c85d22e0c64ab21,female|T4,female,4,2020,2020-02-12,FA Women's Super League,2019/2020,632,420,212,0.3354430379746835,345,245,100,0.2898550724637681
2275133,calibration,d8d458e8be7c42d2e9aea0b6f5e66c3bafe247572294d7697e4a3fd5f5f32d3c,female|T4,female,4,2020,2020-02-23,FA Women's Super League,2019/2020,751,516,235,0.3129161118508655,332,248,84,0.253012048192771
303470,calibration,e035150e1648df6253973925267e2c5e39c4aab990ec0cae67a23566610ef061,male|T4,male,4,2020,2020-03-01,La Liga,2019/2020,1142,1004,138,0.1208406304728546,647,574,73,0.1128284389489953
303421,calibration,e0d731b09a07f1b26b8a255ee3e1d944ed4db64cbca6e5f518043904cb492e75,male|T4,male,4,2020,2020-07-19,La Liga,2019/2020,1085,955,130,0.1198156682027649,524,458,66,0.1259541984732824
3775602,calibration,e4b51d45ebdc74dcca2a88fafb0274df467411ca029d537d66ddd05277edb96c,female|T4,female,4,2020,2020-10-04,FA Women's Super League,2020/2021,749,503,246,0.3284379172229639,449,331,118,0.2628062360801781
3775644,calibration,e28dbc565fbd7269fd3ff6d210091b52268409f18797b7957515c3ef0dc30eed,female|T4,female,4,2020,2020-10-10,FA Women's Super League,2020/2021,635,454,181,0.2850393700787401,309,240,69,0.2233009708737864
3773386,calibration,e7c931c25e5e983e5b7665b6054160d22f34ba2033d44016d549a09dee15d619,male|T4,male,4,2020,2020-10-31,La Liga,2020/2021,1025,859,166,0.1619512195121951,409,355,54,0.1320293398533007
3775592,calibration,e57004b4e2eed65b4e555fb597f1fd06855ddcef5ea828d4e319eef6649a266f,female|T4,female,4,2020,2020-11-07,FA Women's Super League,2020/2021,724,464,260,0.3591160220994475,389,261,128,0.3290488431876606
3775583,calibration,dca4a5c1e2f8c14b7e91ea9878be800f4871c6909e98123cb5509f1a29bbceff,female|T5,female,5,2020,2020-12-13,FA Women's Super League,2020/2021,879,716,163,0.1854379977246871,450,386,64,0.1422222222222222
3775616,calibration,d2869224e042a5229dee4497b07289b91e4402ec46ae671827bae5fcb3335968,female|T5,female,5,2020,2020-12-13,FA Women's Super League,2020/2021,763,555,208,0.272608125819135,355,285,70,0.1971830985915492
3775610,calibration,ddb43164662acca8c989052fbcc1a5862d329e578094d7b930f5e4b049dc5e7b,female|T5,female,5,2020,2020-12-20,FA Women's Super League,2020/2021,856,667,189,0.2207943925233645,438,363,75,0.1712328767123287
3775626,calibration,e67d26fa1bebfc83a675e1a0315acda4b991dc8c8b0b0d8cc4fd9b3ccb13072d,female|T5,female,5,2021,2021-01-17,FA Women's Super League,2020/2021,983,775,208,0.2115971515768057,587,496,91,0.1550255536626916
3773403,calibration,d83be6e686da5427a54692260c66192c05430b3e8f953d2d5c4f9247e2cb9cf6,male|T5,male,5,2021,2021-01-31,La Liga,2020/2021,1001,853,148,0.1478521478521478,536,474,62,0.1156716417910447
3775640,calibration,d7512011c8d91ef662fd698f050de2bc505e7b4e403a7159457942ea99e29e0f,female|T5,female,5,2021,2021-02-07,FA Women's Super League,2020/2021,722,514,208,0.2880886426592798,361,273,88,0.2437673130193905
3775550,calibration,df194b4262d6ece3bc8b58efad783d678b8a441a95da7ad09f50ff04fd9fc8b5,female|T5,female,5,2021,2021-03-17,FA Women's Super League,2020/2021,1042,856,186,0.1785028790786948,592,510,82,0.1385135135135135
3775564,calibration,e86c9b8bf11a9746f373eb811c11429644321b5554f831b4a2837106bae79eb3,female|T5,female,5,2021,2021-03-27,FA Women's Super League,2020/2021,819,641,178,0.2173382173382173,442,364,78,0.1764705882352941
3775649,calibration,dc97fb7ae4f348ffdfbe92436ba99130269381be957ac5d05a0c8e9862680c8e,female|T5,female,5,2021,2021-04-03,FA Women's Super League,2020/2021,647,428,219,0.3384853168469861,328,244,84,0.2560975609756097
3775540,calibration,e6adfae39ec3cc90c9441e5d59355cc4b0839c52c7b5ee38ff241fda153c0d24,female|T5,female,5,2021,2021-04-24,FA Women's Super League,2020/2021,662,414,248,0.3746223564954682,328,225,103,0.3140243902439024
3775577,calibration,e622dc9b5f64fae7f68b5969fef35682d30b877f8adb2d6de36aa66fcb9cf9d4,female|T5,female,5,2021,2021-05-02,FA Women's Super League,2020/2021,952,766,186,0.1953781512605042,480,400,80,0.1666666666666666
3775555,calibration,e7da0dd310fa83ddd7c007b60b2c599cd2386d5d67bc7c8a5484e98376ff3ec2,female|T5,female,5,2021,2021-05-05,FA Women's Super League,2020/2021,899,690,209,0.2324805339265851,426,345,81,0.1901408450704225
3773457,calibration,e987af358a2535b139daddfb9d4b29fe1d3736524506a53c1cae1afbd5f75aa7,male|T5,male,5,2021,2021-05-16,La Liga,2020/2021,1106,965,141,0.1274864376130199,570,508,62,0.1087719298245614
3788754,calibration,e2133f5480438dbd002c771c3bb50b38b1080c8f4ec788309c6947c1663dba19,male|T5,male,5,2021,2021-06-16,UEFA Euro,2020,1035,891,144,0.1391304347826087,570,497,73,0.1280701754385965
3788757,calibration,e8ab8b72ef2648756bbf5a7bfd00b60c091cd73b46b8a1da1181e79e09a8dc91,male|T5,male,5,2021,2021-06-17,UEFA Euro,2020,1033,881,152,0.1471442400774443,556,491,65,0.1169064748201438
3788758,calibration,e91f9104d000b4cfad23a83bbb566a30a31e195044689ba920026f99ecc260f6,male|T5,male,5,2021,2021-06-17,UEFA Euro,2020,833,700,133,0.1596638655462184,385,326,59,0.1532467532467532
3788767,calibration,e7fa0c4a393834e48e7c025fc71f65f757b1229e325aca4f5342f7474abc75de,male|T5,male,5,2021,2021-06-21,UEFA Euro,2020,901,716,185,0.2053274139844617,464,395,69,0.1487068965517241
3794685,calibration,ce75b8308ec4bcee693a30617a00d28125f19e1d0701448625af800b807d3a61,male|T5,male,5,2021,2021-06-26,UEFA Euro,2020,1233,1033,200,0.16220600162206,564,485,79,0.1400709219858156
3813277,calibration,dbc856bfbefc5cfdd64502bd7fc3e68361cd80d06663339990aff1626706f36f,male|T5,male,5,2021,2021-11-27,Indian Super league,2021/2022,631,452,179,0.2836767036450079,300,240,60,0.2
3813290,calibration,d97fa5b3f3776b97945c412b7bce9aa4de57cc695db69ac8c865d67d26b6e997,male|T5,male,5,2021,2021-12-13,Indian Super league,2021/2022,724,507,217,0.2997237569060773,426,321,105,0.2464788732394366
3813306,calibration,e64e5c90a3caddbbfd0e373f5586e540d58926848019eea580b4d43482ff4661,male|T5,male,5,2021,2021-12-21,Indian Super league,2021/2022,767,567,200,0.2607561929595828,413,330,83,0.2009685230024213
3813293,calibration,cd9587e1da9a9b046a142d09c7d0762540e01f9a700aaf083c91d4c61f5cf93b,male|T5,male,5,2022,2022-01-04,Indian Super league,2021/2022,742,552,190,0.2560646900269542,312,234,78,0.25
3817860,calibration,d4423b7b15e0693f5e83251a681e5ca024443130bae8acb8d37d096f1e4e2b80,male|T5,male,5,2022,2022-01-27,Indian Super league,2021/2022,768,528,240,0.3125,387,300,87,0.2248062015503876
3817896,calibration,db3dac3eb6d66516dc0c919d5e9beccab23f7b49f47beae58e79cb3d7f53bf8d,male|T5,male,5,2022,2022-02-07,Indian Super league,2021/2022,865,668,197,0.2277456647398844,445,365,80,0.1797752808988764
3817873,calibration,df5033654efbd33723e66d48d36d108f3fa127e98aaff3e6d2edb33871865327,male|T5,male,5,2022,2022-02-12,Indian Super league,2021/2022,793,645,148,0.1866330390920554,412,355,57,0.1383495145631068
3817855,calibration,dec40a24abc84eaeec6e4e799e2028f08a3c9d208a8706efacd471d34af968eb,male|T5,male,5,2022,2022-02-19,Indian Super league,2021/2022,720,537,183,0.2541666666666666,290,220,70,0.2413793103448276
3817863,calibration,e49490d6049c53893c39aa1f5262325c8e441653787f6cee3c6cb29fd061e256,male|T5,male,5,2022,2022-02-19,Indian Super league,2021/2022,703,527,176,0.2503556187766714,383,307,76,0.1984334203655352
3817899,calibration,e777fcb6e028d54894f2affafcd0bbdb10312a1cab49bf69d758a6bdfc3c38b9,male|T5,male,5,2022,2022-03-04,Indian Super league,2021/2022,599,431,168,0.2804674457429048,302,238,64,0.2119205298013245
3827337,calibration,d2a9c535a22d26991adf973ee0f619bd9d8ad52447f3219b439d39439016ef42,male|T5,male,5,2022,2022-03-11,Indian Super league,2021/2022,569,355,214,0.3760984182776801,197,144,53,0.2690355329949238
3802676,calibration,d7072f09e5e555f51dff426055b12a5616625e63e00be00d24b7f813fd515b53,male|T5,male,5,2022,2022-04-23,Ligue 1,2021/2022,1079,949,130,0.1204819277108433,380,338,42,0.1105263157894736
3835324,calibration,e192d0ead3900d01fdb3abea812098a4d004b29dd7ccce1310f0834630384851,female|T5,female,5,2022,2022-07-09,UEFA Women's Euro,2022,881,695,186,0.2111237230419977,581,474,107,0.1841652323580034
3844384,calibration,e08fce8605d639bbc963fc74d7967d796bae9f57ba585863480405b39a286105,female|T5,female,5,2022,2022-07-20,UEFA Women's Euro,2022,1126,885,241,0.214031971580817,662,550,112,0.1691842900302115
3844385,calibration,d66522ae20bccce60cc3ef5339f030d8dd09b13fe86df7fd892cb33b5c825f21,female|T5,female,5,2022,2022-07-21,UEFA Women's Euro,2022,737,508,229,0.310719131614654,381,290,91,0.2388451443569554
3837650,calibration,e14675b42e66a29db172b43ae14da3fa905df95cb9f1b0dab5076356e2bf463d,male|T5,male,5,2022,2022-08-06,Ligue 1,2022/2023,1087,942,145,0.1333946642134314,518,452,66,0.1274131274131274
3837752,calibration,cc7b584cf6a990b054492ae52a07e645106ce1ccd77def011ff0816b0ac91a22,male|T5,male,5,2022,2022-10-21,Ligue 1,2022/2023,1012,866,146,0.1442687747035573,533,465,68,0.1275797373358349
3837785,calibration,e19716a3682dab0c27ba0b219218c4b0cdf93ee90d243804cdd896f61728ae32,male|T5,male,5,2022,2022-11-13,Ligue 1,2022/2023,1100,951,149,0.1354545454545454,613,539,74,0.1207177814029363
3857284,calibration,e95b67f0c5cb998927a5bb364ef8bd455eb7ea341c59fbf20a5fbd1c5f9d529c,male|T5,male,5,2022,2022-11-23,FIFA World Cup,2022,1013,854,159,0.156959526159921,347,294,53,0.1527377521613832
3857260,calibration,e99297336c40640a99078f111eed1d6f4529f76bd0693ebb56ea031e1d4553d9,male|T5,male,5,2022,2022-11-30,FIFA World Cup,2022,683,470,213,0.3118594436310395,267,200,67,0.250936329588015
3857276,calibration,e9f2bd44f20d3ac2c483c1e438aba4ca7af2802827a414c8f2d0797b041985a3,male|T5,male,5,2022,2022-12-01,FIFA World Cup,2022,853,714,139,0.1629542790152403,346,301,45,0.130057803468208
3857293,calibration,d15c189651dbdcfc7f3096ede8f5163bd0aee1ba287fd9421c135b2c8fa08c36,male|T5,male,5,2022,2022-12-02,FIFA World Cup,2022,850,659,191,0.2247058823529411,365,304,61,0.1671232876712328
3869219,calibration,e0e20791911f5a801e41580cad0cea91d6a60b82fe39e5a2d6aed0d2b54051ba,male|T5,male,5,2022,2022-12-05,FIFA World Cup,2022,1253,1009,244,0.1947326416600159,679,566,113,0.166421207658321
3837818,calibration,d277d9fed7c8253a40328fdde7e823d8d1e5d762ba8bbcd42aa6721b98cab314,male|T5,male,5,2023,2023-01-11,Ligue 1,2022/2023,1243,1131,112,0.0901045856798069,744,686,58,0.0779569892473118
3837876,calibration,e4b1c0233e740e9b7fa4271f0a61e1a562fde82b12fa7ad4eaefbbfa7bffd897,male|T5,male,5,2023,2023-02-19,Ligue 1,2022/2023,941,823,118,0.1253985122210414,551,482,69,0.1252268602540834
3837938,calibration,d1c59b3c686805e861d1ec8b9588d1af5d6cd22a74f2a8c4feeda40847debf94,male|T5,male,5,2023,2023-04-08,Ligue 1,2022/2023,1293,1161,132,0.1020881670533642,536,469,67,0.125
3837947,calibration,cf243ec66c2c91c09539107302355f6e28c076b08e1de3c71f701c84c8444f3a,male|T5,male,5,2023,2023-04-15,Ligue 1,2022/2023,1148,1042,106,0.0923344947735191,495,459,36,0.0727272727272727
3881513,calibration,d8a4101209de3fffd8feba44c6a060197a7fdc0e43a78f4bd242db461eac47c2,female|T5,female,5,2023,2023-05-06,NWSL,2023,676,481,195,0.2884615384615384,364,281,83,0.228021978021978
3881517,calibration,e8b2254850d25249cb39271e7b26837e4abcf4e90cc2c9f60150f80f710550ce,female|T5,female,5,2023,2023-05-08,NWSL,2023,772,537,235,0.3044041450777202,426,325,101,0.2370892018779342
3881521,calibration,d5c2355dcd3d29185ea79d9958d597176606489e2469a5c4e37f0a75cb1f3ff5,female|T5,female,5,2023,2023-05-14,NWSL,2023,901,692,209,0.2319644839067702,455,373,82,0.1802197802197802
3881533,calibration,e002989a245b7672c31f91d8855bde02a42d95c5223dce64006dcb9a676176df,female|T5,female,5,2023,2023-05-27,NWSL,2023,809,593,216,0.2669962917181706,417,319,98,0.2350119904076738
3881542,calibration,cbd1ea77dec300506d6ccb90eca864680aa9f36fa4a1b8259829ee5eac3938c0,female|T6,female,6,2023,2023-06-06,NWSL,2023,754,537,217,0.2877984084880636,396,300,96,0.2424242424242424
3881546,calibration,e26e3f12f72c743241821fae5aafc603829838f8a2934596382af71314566c79,female|T6,female,6,2023,2023-06-11,NWSL,2023,653,436,217,0.332312404287902,336,255,81,0.2410714285714285
3881548,calibration,da609e9784d7c6d49f0827977d8a2ec9fd442d9776a5360fb1c2b8a4c5617ea2,female|T6,female,6,2023,2023-06-12,NWSL,2023,696,486,210,0.3017241379310345,329,244,85,0.2583586626139817
3881554,calibration,c6cc00cbc57a8e678a5ad703c4eb35441bbff907dbdd4615167174eb4dbc27b2,female|T6,female,6,2023,2023-06-19,NWSL,2023,801,633,168,0.2097378277153558,368,299,69,0.1875
3881562,calibration,e343c7fc36791c0376b86f6963e7513fe3cd5b02cc2b298377d8a7de07911e1a,female|T6,female,6,2023,2023-07-03,NWSL,2023,715,486,229,0.3202797202797203,423,301,122,0.2884160756501182
3881567,calibration,e8d2317609ea7ca442ecf14073ffa3d37b9289b986955ccce0b1be87440e2a14,female|T6,female,6,2023,2023-07-08,NWSL,2023,683,495,188,0.2752562225475842,276,218,58,0.2101449275362318
3881570,calibration,d50ff0e40b4d8d0a2ef8d2395b5ecab1c74f4bae0aeaf292d3dacf77c34bd2f2,female|T6,female,6,2023,2023-07-10,NWSL,2023,766,541,225,0.293733681462141,394,305,89,0.2258883248730964
3893790,calibration,cb69f6a885504c7c2dbeec7d22001d68dd0ba47c75f7a2fdc6cc7119e3a056cd,female|T6,female,6,2023,2023-07-21,Women's World Cup,2023,651,476,175,0.2688172043010752,293,228,65,0.2218430034129692
3893792,calibration,db6d2302ebe4cc0a336824cc813dcfeb438a41fef34b9e3a3063c2b24da9f63c,female|T6,female,6,2023,2023-07-22,Women's World Cup,2023,711,483,228,0.3206751054852321,367,271,96,0.2615803814713896
3893807,calibration,c901c905aa7b5693c1991a4e222c3c2f11362a0caafedfe89588dc97c02728fe,female|T6,female,6,2023,2023-07-26,Women's World Cup,2023,822,587,235,0.2858880778588807,313,241,72,0.2300319488817891
3893828,calibration,e8fecd1feb10e689d4af12bec4c9c296b660bd910407056584f88c48db1615cf,female|T6,female,6,2023,2023-08-01,Women's World Cup,2023,1026,842,184,0.1793372319688109,533,459,74,0.1388367729831144
3893831,calibration,d8b7bf2712dbaf064a85b4eaec6d1f75e582a1e4a7d21675725ffdc2ec47060b,female|T6,female,6,2023,2023-08-02,Women's World Cup,2023,688,471,217,0.315406976744186,286,211,75,0.2622377622377622
3901796,calibration,d1b0854ee363d270e9f9bae1f594286fb5031e3c04d38eff79eca465272bb81d,female|T6,female,6,2023,2023-08-06,Women's World Cup,2023,933,718,215,0.2304394426580922,518,418,100,0.193050193050193
3881573,calibration,e7bd84e7424c7b9f7e09c38263808be8e4d55a9f7abaeeac3537b564c07e518c,female|T6,female,6,2023,2023-08-19,NWSL,2023,907,708,199,0.2194046306504961,528,432,96,0.1818181818181818
3881575,calibration,df0b6f2759f67017e0f64f5f246eb8c3301726254ab1ccd2f284dab5d6bfaf09,female|T6,female,6,2023,2023-08-20,NWSL,2023,765,580,185,0.2418300653594771,404,324,80,0.198019801980198
3895060,calibration,d8b9040cb363a6d8269faf51cb023ab440011e1cf0b96a80ab4cfc4497ca2f66,male|T6,male,6,2023,2023-08-26,1. Bundesliga,2023/2024,1157,999,158,0.1365600691443388,656,585,71,0.1082317073170731
3877060,calibration,e33b1c350642552f24791869191e29e927969cebd4f7e15ad17758d27c1c6fe7,male|T6,male,6,2023,2023-08-27,Major League Soccer,2023,887,727,160,0.1803833145434047,491,411,80,0.1629327902240326
3881585,calibration,d2055f4df0e1c8e7c2f4afb7148b68b5f241c5de4f36306c693b13fbf2722b73,female|T6,female,6,2023,2023-09-02,NWSL,2023,742,555,187,0.252021563342318,439,347,92,0.2095671981776765
3910744,calibration,cdcbfd3e1953f7b390760a17ac4b93b7333ea629eff015e089e703fce764803c,female|T6,female,6,2023,2023-09-15,Liga F,2023/2024,888,701,187,0.2105855855855855,571,465,106,0.1856392294220665
3910620,calibration,e0c5b19fe247b1a7961a77aef1331603524aef84665936a4486080578491cd6f,female|T6,female,6,2023,2023-09-17,Serie A Women,2023/2024,652,488,164,0.2515337423312883,357,293,64,0.1792717086834734
3910735,calibration,d3bd1d62a6a1666a68895a9684f97588b524bc2ef0e93ea0db8b881657ff9281,female|T6,female,6,2023,2023-09-17,Frauen Bundesliga,2023/2024,803,601,202,0.2515566625155666,404,316,88,0.2178217821782178
3910932,calibration,cd6da0dc53c29a35ec676d697ac81958cadc96837f907f3feecc931dd58407cb,female|T6,female,6,2023,2023-09-30,Liga F,2023/2024,787,584,203,0.2579415501905972,338,261,77,0.2278106508875739
3911757,calibration,d5fec9e1cfb1d6640a6d4a76b3ab2de483f98fdc249f749de9d56d8f806792c7,female|T6,female,6,2023,2023-09-30,Frauen Bundesliga,2023/2024,641,426,215,0.3354134165366614,299,219,80,0.2675585284280936
3881597,calibration,dc95b0d5e59936d075432ce03da6281e31e8c19cceea1d01d87ee06dcf9e7849,female|T6,female,6,2023,2023-10-03,NWSL,2023,824,594,230,0.279126213592233,393,294,99,0.2519083969465648
3911761,calibration,c7154cb9d3e82d089e13523c05ed99034474ab0ce82592d4f92360bf112f1707,female|T6,female,6,2023,2023-10-06,Frauen Bundesliga,2023/2024,815,601,214,0.2625766871165644,431,342,89,0.2064965197215777
3881604,calibration,d5ff51b0f17a0fca7852c323f7a9e26caffbee006d36bed11bc12e6b5847aacc,female|T6,female,6,2023,2023-10-07,NWSL,2023,721,534,187,0.2593619972260749,403,315,88,0.2183622828784119
3895107,calibration,e206cdfe0939b157d5fbdd84cb69b45a94214fd9194807025957ecf203f4a203,male|T6,male,6,2023,2023-10-08,1. Bundesliga,2023/2024,1131,995,136,0.1202475685234305,613,542,71,0.1158238172920065
3910940,calibration,d8454425a487997bbfe6be1955c67f851f3dfdd2f3c255cffadfd103829adba7,female|T6,female,6,2023,2023-10-08,Liga F,2023/2024,770,489,281,0.3649350649350649,343,235,108,0.314868804664723
3912602,calibration,e47b58c82e9f628df4b1f5487b9b3fb2f42fab0c231719acff97646d248bdc9f,female|T6,female,6,2023,2023-10-08,FA Women's Super League,2023/2024,815,615,200,0.2453987730061349,327,252,75,0.2293577981651376
3912603,calibration,c7fa4bfeb325ceb5e1d908686272a6da6c04fec5f28361ee8a1d6f14aa9b272f,female|T6,female,6,2023,2023-10-08,FA Women's Super League,2023/2024,959,777,182,0.1897810218978102,584,490,94,0.160958904109589
3911766,calibration,dd21581c7053daf052591fa14519311a06c633fa5c14d75e930cdfbe5ddf3636,female|T6,female,6,2023,2023-10-09,Frauen Bundesliga,2023/2024,829,639,190,0.2291917973462002,451,361,90,0.1995565410199556
3911769,calibration,e4964d00ce05597cd775ecce2c5767200c8fe8aa8107b9f9f4494e137e235366,female|T6,female,6,2023,2023-10-14,Frauen Bundesliga,2023/2024,654,435,219,0.3348623853211009,359,269,90,0.2506963788300835
3913069,calibration,d8878c3e3eaef646f4fc523422f1d1f60a6f32d6fa79d11513c1100aadb92766,female|T6,female,6,2023,2023-10-14,FA Women's Super League,2023/2024,1032,864,168,0.1627906976744186,528,440,88,0.1666666666666666
3910950,calibration,dfd3f5b05c5565567e2187e513005beff7e4af547498ce436619188ecff3da66,female|T6,female,6,2023,2023-10-15,Liga F,2023/2024,895,654,241,0.2692737430167597,455,340,115,0.2527472527472527
3910954,calibration,e49954ce63d61ac55217110c448dae4ad6abb613a151a6201454cc86ce3fd1fd,female|T6,female,6,2023,2023-10-15,Liga F,2023/2024,897,726,171,0.1906354515050167,350,300,50,0.1428571428571428
3913072,calibration,e5de7e22886ede535030f600938892daa2affe706ef897a353947ef2c20a00a6,female|T6,female,6,2023,2023-10-15,FA Women's Super League,2023/2024,1008,860,148,0.1468253968253968,540,469,71,0.1314814814814814
3913077,calibration,c852740dd2f38c508c570417b01bc825bcee369fcb92e10ab6e689e546f650fa,female|T6,female,6,2023,2023-10-22,FA Women's Super League,2023/2024,968,780,188,0.1942148760330578,631,532,99,0.1568938193343898
3913079,calibration,df34913977a07735a48a6c829d0bbc77dd4e28d55189f59e64932178080753e3,female|T6,female,6,2023,2023-10-22,FA Women's Super League,2023/2024,888,722,166,0.1869369369369369,450,371,79,0.1755555555555555
3911780,calibration,c9b09d81c0d6840eb0300df28e345bcc5974e512a1a10565498f165dbb18158f,female|T6,female,6,2023,2023-11-06,Frauen Bundesliga,2023/2024,816,623,193,0.2365196078431372,394,322,72,0.182741116751269
3910978,calibration,ce2a7c6f0e8323ae9d0e4dbff0bfea12bcddf1f9e769a97d94d00b134aa2f0b7,female|T6,female,6,2023,2023-11-12,Liga F,2023/2024,869,617,252,0.2899884925201381,479,363,116,0.2421711899791231
3912502,calibration,cf9010368cf22eb1c250d7504c9eba9f2d8086afa39be7b51f0a4988205695a4,female|T6,female,6,2023,2023-11-19,Serie A Women,2023/2024,984,779,205,0.2083333333333333,594,492,102,0.1717171717171717
3913095,calibration,dd903f08b656090f743036e42046987ec5dc46724c603f306ebed1be361a7ce5,female|T6,female,6,2023,2023-11-19,FA Women's Super League,2023/2024,888,683,205,0.2308558558558558,494,390,104,0.2105263157894736
3913096,calibration,def0cbb9f20eff2e86f83cc74cf8f263ffd475145a272638d0eff01c1a24f68b,female|T6,female,6,2023,2023-11-19,FA Women's Super League,2023/2024,787,567,220,0.2795425667090216,365,286,79,0.2164383561643835
3913109,calibration,e738e63aa4fd83b285abb15adb6b988641cfaa94d8c10e534362511c52d0ed94,female|T6,female,6,2023,2023-12-10,FA Women's Super League,2023/2024,980,785,195,0.1989795918367347,471,398,73,0.1549893842887473
3912519,calibration,e95d2d32e58bf35753005181958e09823718ebc232abeab853fec155b98c9678,female|T6,female,6,2023,2023-12-16,Serie A Women,2023/2024,736,518,218,0.296195652173913,382,289,93,0.2434554973821989
3911298,calibration,d19f557158bc9603e78215377b5d815458fdf85deabe6c9fdea6f40b60198103,female|T6,female,6,2024,2024-01-07,Liga F,2023/2024,723,474,249,0.3443983402489626,341,248,93,0.2727272727272727
3920403,calibration,e2e595b53a4ab460d69b71fcb16a4afabd2bd2db568469185ea20a43542ce96c,male|T6,male,6,2024,2024-01-20,African Cup of Nations,2023,658,513,145,0.2203647416413373,258,211,47,0.1821705426356589
3911304,calibration,d64a5c2e28a04cac5c310adbda75e9f44838e3ed421b46193aee21dbd51937a1,female|T6,female,6,2024,2024-01-21,Liga F,2023/2024,804,573,231,0.2873134328358209,418,309,109,0.2607655502392344
3920407,calibration,deeb0d69e484da11dbb3c15d46ae9e0551451d62c35c63d22ddc5c6518972985,male|T6,male,6,2024,2024-01-21,African Cup of Nations,2023,677,474,203,0.2998522895125554,340,255,85,0.25
3912190,calibration,e24480e3a4af410e44d8a21e9ee674fedc13c284cc68485dca95f0bdbb17a90e,female|T7,female,7,2024,2024-01-27,Frauen Bundesliga,2023/2024,793,600,193,0.2433795712484237,422,330,92,0.2180094786729857
3922237,calibration,d1cf61aca566508990d32081f1284d629a0b0aeb3bd89e7b565f0d4915ac6751,male|T7,male,7,2024,2024-01-27,African Cup of Nations,2023,661,515,146,0.2208774583963691,307,251,56,0.1824104234527687
3912535,calibration,d4092af1609937d8849672f3fb27dedbd418f057702ccb8a987603a4dac3f32a,female|T7,female,7,2024,2024-01-28,Serie A Women,2023/2024,724,509,215,0.2969613259668508,333,254,79,0.2372372372372372
3913124,calibration,e45e05d5e219ae4a3c5d75b3f258a28888344c3a2804a2cb6e31411d043a2cb2,female|T7,female,7,2024,2024-01-28,FA Women's Super League,2023/2024,794,574,220,0.2770780856423174,386,304,82,0.2124352331606217
3922241,calibration,da8cad45421a84f1e3df1c0572d9d9fb54e0a4d4ed3f95ab94d50c47a72681e9,male|T7,male,7,2024,2024-01-29,African Cup of Nations,2023,657,502,155,0.2359208523592085,349,279,70,0.2005730659025787
3922243,calibration,d54e0a39b8a3abf3d6cb411c65928101fe62de5ac8d89a3298fc690f42d75ce0,male|T7,male,7,2024,2024-01-30,African Cup of Nations,2023,811,688,123,0.1516646115906288,346,301,45,0.130057803468208
3912198,calibration,dddf1e0c4576926eb7f70403c7788f87c97c0549aa28ff39a71005724d84ab81,female|T7,female,7,2024,2024-02-02,Frauen Bundesliga,2023/2024,866,678,188,0.2170900692840646,505,413,92,0.1821782178217821
3911473,calibration,d2cb0140329e923e225df685be893b09cfd95b7ad3c7884daca8b0e5412a162c,female|T7,female,7,2024,2024-02-03,Liga F,2023/2024,698,520,178,0.2550143266475644,344,269,75,0.2180232558139535
3911477,calibration,e14bb3196d3a7c8191d6ebda12b75bc08abde975817af5c44750366cb916b884,female|T7,female,7,2024,2024-02-03,Liga F,2023/2024,753,541,212,0.2815405046480744,426,319,107,0.2511737089201878
3912199,calibration,db0ef2db743688b415b090d9b85d12e6c08b99b752fac46dbf72f4f5ce27c1f0,female|T7,female,7,2024,2024-02-03,Frauen Bundesliga,2023/2024,602,439,163,0.2707641196013289,308,241,67,0.2175324675324675
3911479,calibration,e69dcf0c8978bebadc6a7572f1072aa0a2ac085fe2e90af0a5acfa549d63762c,female|T7,female,7,2024,2024-02-10,Liga F,2023/2024,745,552,193,0.2590604026845637,423,343,80,0.1891252955082742
3911480,calibration,d7ff89d348c784ed0b959f4025b2eb0f6f55f3231bb0a19467e382f30962e938,female|T7,female,7,2024,2024-02-10,Liga F,2023/2024,711,526,185,0.260196905766526,309,232,77,0.2491909385113268
3912542,calibration,d4d56e39df52073c62e922537ef94b9c7698df1b0f27ce30f9dc77e82f8c5a65,female|T7,female,7,2024,2024-02-11,Serie A Women,2023/2024,927,779,148,0.1596548004314994,545,476,69,0.1266055045871559
3911488,calibration,db3eda9de268a8ee6d4991d655c7c3e1d01ccf45caf40b676fe5da194032ede7,female|T7,female,7,2024,2024-02-17,Liga F,2023/2024,857,674,183,0.2135355892648774,482,398,84,0.1742738589211618
3911490,calibration,dea11fdb56c9617d891e1c1567c09ad6799ff01d92e21670d11909aeb874dff2,female|T7,female,7,2024,2024-02-17,Liga F,2023/2024,641,433,208,0.3244929797191888,339,247,92,0.2713864306784661
3912211,calibration,d49eb92ef7a92dca602444630416787733f7a15399fc82d0ad147c2a8e9f8782,female|T7,female,7,2024,2024-02-18,Frauen Bundesliga,2023/2024,813,586,227,0.2792127921279212,407,316,91,0.2235872235872235
3913140,calibration,dc8706e4a23e22c1839d946f47bbf3801456929187eda5133c736a4ef5b9d810,female|T7,female,7,2024,2024-02-18,FA Women's Super League,2023/2024,888,678,210,0.2364864864864864,392,304,88,0.2244897959183673
3911495,calibration,d783b34360cffa54451f125baf54a1accf37efabac9ca5452f190aecdcd93ac6,female|T7,female,7,2024,2024-03-09,Liga F,2023/2024,834,605,229,0.2745803357314149,418,325,93,0.2224880382775119
3912213,calibration,d897dc376ceddf7475e4af8f1b07a9b74ccc929988f524c12f2bc4015e89fe52,female|T7,female,7,2024,2024-03-10,Frauen Bundesliga,2023/2024,560,398,162,0.2892857142857143,316,253,63,0.1993670886075949
3911503,calibration,d5570a243401230ed2ea430cf59e23f4c006befb0b07ff876cd340e51c92ee59,female|T7,female,7,2024,2024-03-17,Liga F,2023/2024,728,514,214,0.2939560439560439,333,244,89,0.2672672672672673
3911505,calibration,e0b6d3eb183e4b61aba6252e699cd6adcc83b384f8c4a70f7859329b0e37ce2a,female|T7,female,7,2024,2024-03-17,Liga F,2023/2024,794,620,174,0.2191435768261964,421,350,71,0.168646080760095
3911516,calibration,ec46add097c2c2b96342276a97b50e2118c020c1bf4e1a0f2a964e6e96e46ce2,female|T7,female,7,2024,2024-03-23,Liga F,2023/2024,675,438,237,0.3511111111111111,364,255,109,0.2994505494505494
3928988,calibration,dd6e0c63b61bacb5c43a338f67ad0a80ee3d409b86ed1553d161513bfa5569e8,female|T7,female,7,2024,2024-03-23,Serie A Women,2023/2024,797,593,204,0.2559598494353827,426,339,87,0.204225352112676
3912228,calibration,e791f361390eee5ca09048154b8a3f394902dd2fdfd093beef794d214cd00f0c,female|T7,female,7,2024,2024-03-24,Frauen Bundesliga,2023/2024,847,605,242,0.2857142857142857,471,354,117,0.2484076433121019
3928995,calibration,d30e3d391e2a2d4937f22103b11e5b8eeebecb82511118d76c6e3f5784ea6863,female|T7,female,7,2024,2024-03-30,Serie A Women,2023/2024,670,478,192,0.2865671641791045,365,281,84,0.2301369863013698
3911529,calibration,e76f70f8642df61a28c02fa582b4d890e019bb546c3ae7db5a74e419572a4592,female|T7,female,7,2024,2024-04-13,Liga F,2023/2024,732,539,193,0.2636612021857923,370,297,73,0.1972972972972973
3928998,calibration,e1330c1e71f9093159cf2431b8c8f4611a170a38ec6dd5ede30618252b611e63,female|T7,female,7,2024,2024-04-13,Serie A Women,2023/2024,809,610,199,0.245982694684796,461,358,103,0.2234273318872017
3911527,calibration,d35b74ad196737f0432e3f3dec5d18375b6e78c0e76a07c77a280b37949748dd,female|T7,female,7,2024,2024-04-14,Liga F,2023/2024,822,681,141,0.1715328467153284,396,348,48,0.1212121212121212
3929000,calibration,e968b37bb1f11cbcc2742adf689c7bcec6df008ba0cc1f85c4776706c1795d72,female|T7,female,7,2024,2024-04-20,Serie A Women,2023/2024,904,746,158,0.1747787610619469,530,453,77,0.1452830188679245
3913169,calibration,e0070bbfc52f00591398dc7fc4f87050bdab742ffee7cb787f4d0f39fbf872bf,female|T7,female,7,2024,2024-04-21,FA Women's Super League,2023/2024,915,759,156,0.1704918032786885,486,409,77,0.1584362139917695
3911544,calibration,d7a64ac39d5276c1bda30fef5c2450ae5ef0ff0efa239247a37295f988c0a4aa,female|T7,female,7,2024,2024-04-27,Liga F,2023/2024,761,575,186,0.2444152431011826,395,305,90,0.2278481012658227
3911558,calibration,dac175c2825fcaa73f24ef6fd11a14cc01751968371539eacbafa7d860303deb,female|T7,female,7,2024,2024-05-04,Liga F,2023/2024,697,505,192,0.2754662840746054,385,299,86,0.2233766233766233
3912246,calibration,df2b3a8f22f0eeb30fb398e75826ece613cede7fcee120ebc8b83f26c4e6103f,female|T7,female,7,2024,2024-05-05,Frauen Bundesliga,2023/2024,747,539,208,0.2784471218206158,428,340,88,0.205607476635514
3911566,calibration,ed0583fc452918a024c8c1df4c44933b4a985a053840637e8c5dba737b2468ce,female|T7,female,7,2024,2024-05-10,Liga F,2023/2024,597,347,250,0.4187604690117253,249,162,87,0.3493975903614458
3913185,calibration,d1f201120b0e33347a9f103c50c611d8e23042a37eb136341e4907ce4e06a4d3,female|T7,female,7,2024,2024-05-18,FA Women's Super League,2023/2024,1021,846,175,0.1714005876591577,572,485,87,0.1520979020979021
3913187,calibration,ea5cf2d853af0bdb9a97f80ad8213019c0b5d103b048f260d2046a6f4706ec00,female|T7,female,7,2024,2024-05-18,FA Women's Super League,2023/2024,844,668,176,0.2085308056872037,388,311,77,0.1984536082474226
3911632,calibration,e475e01e9751df079824fe1075dc1bd800487633e0b903656cbd0d998b6931ad,female|T7,female,7,2024,2024-05-26,Liga F,2023/2024,750,572,178,0.2373333333333333,344,278,66,0.191860465116279
3930158,calibration,d805616ae30879f1a7be369ec6563d080def80889b54ab2c161a1f72a2cce714,male|T7,male,7,2024,2024-06-14,UEFA Euro,2024,921,814,107,0.1161780673181324,461,415,46,0.0997830802603036
3938639,calibration,d5b69aecbda396f9245fe0ed22a0f394d8162c6321aeebb0a13de647ac4442e4,male|T7,male,7,2024,2024-06-18,UEFA Euro,2024,1021,893,128,0.1253672869735553,630,567,63,0.1
3930177,calibration,cdb469a4d72775c50cf8b62ca57c12e83c226e5862a1bbddcd70bf309fe0e937,male|T7,male,7,2024,2024-06-23,UEFA Euro,2024,844,656,188,0.2227488151658767,318,262,56,0.1761006289308176
3939974,calibration,de3af878a84e4312f24724dd63be0b38c60e8e2096a694da31217799760361b0,male|T7,male,7,2024,2024-06-23,Copa America,2024,873,703,170,0.1947308132875143,410,342,68,0.1658536585365853
3939978,calibration,dc1bd47782d4190646ece6c1de73d10dd64fb9de694943cc0ab03b88d9008254,male|T7,male,7,2024,2024-06-25,Copa America,2024,711,522,189,0.2658227848101265,332,261,71,0.2138554216867469
3939989,calibration,cb8ba15f396bdbc0b8c19884c5021b3feef6fd44b91fcd5c0ff5fa4857522730,male|T7,male,7,2024,2024-07-02,Copa America,2024,848,692,156,0.1839622641509433,388,334,54,0.1391752577319587
3939990,calibration,d6f59de522eec4fe1e9af3b63a0c07cf667c8db8684b9172ecac962809d837c9,male|T7,male,7,2024,2024-07-02,Copa America,2024,617,446,171,0.2771474878444084,305,231,74,0.2426229508196721
3941021,calibration,c755ee3f1c5bd9bbf3df396bb0ac859033f2276b6705d95b65eab10c1092a562,male|T7,male,7,2024,2024-07-02,UEFA Euro,2024,777,627,150,0.193050193050193,256,212,44,0.171875
3942416,calibration,deb1a7ddbbdeddb8d8d84740c7cc22b151e748f0c01a229500835e69eff27e53,male|T7,male,7,2024,2024-07-06,Copa America,2024,695,565,130,0.1870503597122302,359,306,53,0.1476323119777158
3942852,calibration,cfe5ec4857555834789985edd2dceababa4b48e6ee1f9ed3956439571b00793d,male|T7,male,7,2024,2024-07-11,Copa America,2024,650,515,135,0.2076923076923077,284,232,52,0.1830985915492957
3998839,calibration,eb05c06a03ba4d8ab0d807e0c0b5af116c9455c3aaa803cfb24d9ca86e41d2f9,female|T7,female,7,2025,2025-07-03,UEFA Women's Euro,2025,822,674,148,0.1800486618004866,393,333,60,0.1526717557251908
3998851,calibration,de25cb3603e8ee8d3ff8eadeb7d8ea74ccd02c71cf8eec9113569efca152ccef,female|T7,female,7,2025,2025-07-09,UEFA Women's Euro,2025,764,583,181,0.2369109947643979,396,323,73,0.1843434343434343
3998852,calibration,e22e3d6d2d2d11f81960fe9e17605932008da6a86b1affc4d80423efe1102596,female|T7,female,7,2025,2025-07-10,UEFA Women's Euro,2025,852,680,172,0.2018779342723004,540,458,82,0.1518518518518518
3749153,test,fecf7a54e9b9307d9b7984d320334fba1bb7896e1c449b2b3b35bc216268ee4c,male|T0,male,0,2004,2004-01-10,Premier League,2003/2004,839,656,183,0.2181168057210965,447,363,84,0.1879194630872483
3749642,test,f1453ac4bdac3a4ba157b7fc8a81af615d80e2bde7606a54a006560464fd1474,male|T0,male,0,2004,2004-02-28,Premier League,2003/2004,923,697,226,0.2448537378114842,422,343,79,0.1872037914691943
3749274,test,f0753f8ce0e7526184214d7a941196d2d35a064641397fd444452809ccbdbf8b,male|T0,male,0,2004,2004-05-04,Premier League,2003/2004,874,708,166,0.1899313501144164,450,371,79,0.1755555555555555
68327,test,eca0701860a93fc3118b6a43277f1988676d4368d8ef8c7b7b5bfcba1421bf3d,male|T0,male,0,2006,2006-09-09,La Liga,2006/2007,980,795,185,0.1887755102040816,496,421,75,0.1512096774193548
69175,test,e3a2d40a82ad387d124dd90c7e6050a7bb2c2e1fa84169e17fba70733181d037,male|T0,male,0,2007,2007-03-31,La Liga,2006/2007,801,655,146,0.1822721598002497,355,304,51,0.1436619718309859
69159,test,e75b03ba5ae30b498a54170e19dba3d385127fec06abbc1f7d23879edc692207,male|T0,male,0,2007,2007-04-15,La Liga,2006/2007,877,703,174,0.1984036488027366,427,350,77,0.180327868852459
68358,test,e17fa7af4a68dd8b624b186dfbcfe3435bb6ad6effba7b595528de7d952a1507,male|T0,male,0,2008,2008-04-12,La Liga,2007/2008,797,602,195,0.2446675031367628,301,234,67,0.2225913621262458
68366,test,ecea9ca02c407a1b61a9745423637c1199fc843a15294d45d0173745d28bd91d,male|T0,male,0,2008,2008-05-11,La Liga,2007/2008,870,716,154,0.1770114942528735,464,395,69,0.1487068965517241
69207,test,f3d5c48aa1b0a6c545add664d8909d0ffb8e1b124a3c2f7cc9c8c39eebfc5a78,male|T0,male,0,2008,2008-09-24,La Liga,2008/2009,837,674,163,0.1947431302270011,375,309,66,0.176
69285,test,f25a41f1784a148481cbc2411df8260183b3d54c5efa0b60e0e3c51d7f4cd1d5,male|T0,male,0,2008,2008-11-16,La Liga,2008/2009,791,619,172,0.2174462705436156,398,309,89,0.2236180904522613
69185,test,e4bd29443ce1bfb7bce43a8d1100393a03b2a7cbbd798be3ee7ff8a82caccb80,male|T0,male,0,2009,2009-03-01,La Liga,2008/2009,781,606,175,0.2240717029449423,416,342,74,0.1778846153846154
69222,test,e432f8fb8625562f87d767211d1dd1bf5442d1e96e9d35dfaa6ab1a286601e58,male|T0,male,0,2009,2009-04-11,La Liga,2008/2009,850,678,172,0.2023529411764706,487,420,67,0.1375770020533881
69223,test,e7ecff05eba11937644ec721c6ca547fe1094e8ab33e3cdae3285cdff905fae5,male|T0,male,0,2009,2009-04-18,La Liga,2008/2009,940,771,169,0.1797872340425532,567,471,96,0.1693121693121693
69255,test,f6a1357638b50d4178b8434a0553c646c8759631b9cc3b9ac311df6ceef572b1,male|T0,male,0,2009,2009-09-26,La Liga,2009/2010,808,655,153,0.1893564356435643,430,359,71,0.1651162790697674
69257,test,f3f2c958eb631594043270b4558d8a5f9d89a57fe7151568fe23b2feb2be9799,male|T0,male,0,2010,2010-03-24,La Liga,2009/2010,881,672,209,0.2372304199772985,350,271,79,0.2257142857142857
69259,test,ebfb12d485f2103ad7cd06ff14f8a92e8616f35b5f51e1de50f538382bd65485,male|T0,male,0,2010,2010-04-10,La Liga,2009/2010,872,692,180,0.2064220183486238,461,369,92,0.1995661605206073
69239,test,eecc7fd04450d0294e7afb16ce4b103e6b137d74b68918cc0dd1e307d05fa4dd,male|T0,male,0,2010,2010-05-08,La Liga,2009/2010,899,747,152,0.1690767519466073,415,355,60,0.144578313253012
69234,test,f1c930c74c421f841035fda7a4778b10bb8bcf61626d240d11a4955c66902404,male|T0,male,0,2011,2011-05-08,La Liga,2010/2011,1091,907,184,0.1686526122823098,581,498,83,0.1428571428571428
69293,test,ed72e64fa8c59ba72ea712289dd3540dc2096c55b765b281a709ccba05e205f9,male|T0,male,0,2011,2011-10-15,La Liga,2011/2012,1171,1027,144,0.1229718189581554,547,472,75,0.1371115173674588
69318,test,f9449db655c9561c68d6e861dd65bc386e9e519bd90cbac04e487ba499641754,male|T0,male,0,2011,2011-10-25,La Liga,2011/2012,1077,913,164,0.1522748375116063,418,354,64,0.1531100478468899
69333,test,f7b3d2e3af12a874e46fd10f0c6ac35ad59451dd5f517263312653c07df9c63f,male|T0,male,0,2011,2011-12-03,La Liga,2011/2012,982,820,162,0.164969450101833,544,465,79,0.1452205882352941
69327,test,fc0ce40eebd33caee64b2c6ea5b149fd068a1be8a2631eeff59dd6106f74cc64,male|T0,male,0,2012,2012-01-15,La Liga,2011/2012,1046,884,162,0.1548757170172084,503,428,75,0.1491053677932405
69335,test,ee83adcf5345eda801e4855b00660e85d14b88fd178889ab11e85dcad5b9020a,male|T0,male,0,2012,2012-01-22,La Liga,2011/2012,1162,1000,162,0.1394148020654044,597,527,70,0.117252931323283
69336,test,e0bf2223a9751b9b863ec16fdbdcbcf902f0538189e1398786a8ba5b9b119c91,male|T0,male,0,2012,2012-02-11,La Liga,2011/2012,849,593,256,0.3015312131919905,429,324,105,0.2447552447552447
70304,test,e49b11c723ad447add88da09d818056c70d6143b1f55668f68548996d67a0aa6,male|T0,male,0,2012,2012-10-20,La Liga,2012/2013,1114,979,135,0.1211849192100538,615,544,71,0.1154471544715447
266420,test,f02b49d93eb505bde43c1184ccb6801a2a8e6d7a7ddac6d700fd5b34b4d9f811,male|T0,male,0,2013,2013-09-28,La Liga,2013/2014,1028,867,161,0.1566147859922179,417,359,58,0.1390887290167865
266491,test,f0107d2136f697fe38438646a0ccf93446a8dbef8bc7e355370a37aa349654c2,male|T0,male,0,2014,2014-05-03,La Liga,2013/2014,951,788,163,0.1713985278654048,466,400,66,0.1416309012875536
267561,test,eb1a0c522c76aef091d211d1513bbc3fc515f525a0f48735a55b3476dadf20fc,male|T0,male,0,2014,2014-10-04,La Liga,2014/2015,781,625,156,0.1997439180537772,418,346,72,0.1722488038277512
266741,test,f5a23c5c520cc158283d2471d266df0862ea79cc1546095c258172d0c46f14ba,male|T0,male,0,2015,2015-02-15,La Liga,2014/2015,985,825,160,0.1624365482233502,522,448,74,0.1417624521072797
266967,test,eb17737bc1d63641a9af28de536116cb7f9a2652bb78a3d647da505bcd94c6c5,male|T0,male,0,2015,2015-03-14,La Liga,2014/2015,1018,825,193,0.1895874263261296,611,496,115,0.188216039279869
265963,test,f341eb6d1612790cc0ae1305ad16915d2ab8b536da3597a27354856d66f74721,male|T0,male,0,2015,2015-04-28,La Liga,2014/2015,1029,895,134,0.13022351797862,636,556,80,0.1257861635220125
3754078,test,ede4dfb9c49bed001863682c77dee7c6bfcd8fd23978b4d97d0aeefbc78a41ac,male|T0,male,0,2015,2015-08-08,Premier League,2015/2016,825,641,184,0.223030303030303,448,366,82,0.1830357142857142
3754300,test,f15e958c35f40e5c845ecac51d6741031cf7ed93964a305d74e8038150958a69,male|T0,male,0,2015,2015-08-08,Premier League,2015/2016,894,677,217,0.2427293064876957,521,409,112,0.2149712092130518
3829415,test,eec4c645aa3f1138e74be660b4ee0743f904bdce6658b70e1cb0e01a07c64030,male|T0,male,0,2015,2015-08-08,Ligue 1,2015/2016,741,543,198,0.2672064777327935,364,291,73,0.2005494505494505
3753985,test,f63aea0b8c49483c8d6d355552491024e9cbab230861bc6e11db55db205c4671,male|T0,male,0,2015,2015-08-09,Premier League,2015/2016,901,685,216,0.2397336293007769,500,407,93,0.186
3753993,test,fb40e7b49fecf9092873031e6c0fad9ee4bfbebb1426197118411e2914e85467,male|T0,male,0,2015,2015-08-15,Premier League,2015/2016,913,673,240,0.2628696604600219,425,316,109,0.2564705882352941
3754267,test,e536a3c7ce22552c2bbd1be3a3b6ca348ad0e49f87e5e61ec1086730cf055ba5,male|T0,male,0,2015,2015-08-15,Premier League,2015/2016,831,619,212,0.2551143200962695,437,358,79,0.1807780320366132
3829428,test,e7bd193dc8b81e7ea86b063e4d6ff46655d81d88562ca9e634a6d78d1676015e,male|T0,male,0,2015,2015-08-15,Ligue 1,2015/2016,988,749,239,0.2419028340080971,602,477,125,0.207641196013289
3825562,test,e170f3aedb4e000f97ce020e6d17576337b8e295bf7de4d9100386e7702e515c,male|T0,male,0,2015,2015-08-21,La Liga,2015/2016,657,496,161,0.2450532724505327,309,252,57,0.1844660194174757
3754131,test,f48d32a73ed2a6e6d2e4b4a6b59cfc3c69905603c82efe782d3086fd95a3f795,male|T0,male,0,2015,2015-08-22,Premier League,2015/2016,808,584,224,0.2772277227722772,427,322,105,0.2459016393442623
3829435,test,f7278e07d2c72279951533260dded9ca9218576f169a7442d1d4d1a4a40508e8,male|T0,male,0,2015,2015-08-22,Ligue 1,2015/2016,879,735,144,0.1638225255972696,412,362,50,0.1213592233009708
3825567,test,fdd48e388695a9f1a738f24a35abaa7cdf31da53667bb36976c4e55530d5f433,male|T0,male,0,2015,2015-08-23,La Liga,2015/2016,958,743,215,0.2244258872651357,494,390,104,0.2105263157894736
3829440,test,f120ba8f62f768e4fda5e6cc9d427acef591145d38e6cdc934a871a1f544148a,male|T0,male,0,2015,2015-08-23,Ligue 1,2015/2016,881,683,198,0.2247446083995459,572,464,108,0.1888111888111888
3754129,test,fe26c30f0551ef81ecc92fbde0f1dc238d2f40069915e64db6f537a350d67e06,male|T0,male,0,2015,2015-08-24,Premier League,2015/2016,1015,801,214,0.2108374384236453,540,432,108,0.2
267422,test,e6eb08e0d3f031a3d8f40c3c65c5eb58c09363d8583d34fa233152d22fb223a3,male|T0,male,0,2015,2015-08-29,La Liga,2015/2016,851,684,167,0.1962397179788484,404,329,75,0.1856435643564356
3754007,test,f531a6811106b129bdb23d18b30f134842c615a80dc9641b14104fea282d42dc,male|T0,male,0,2015,2015-08-29,Premier League,2015/2016,911,756,155,0.1701427003293084,451,390,61,0.1352549889135255
3825578,test,fea0ecf1d70e211be881ec59703858c3be1881661b4ab1e2eab80c303400b307,male|T0,male,0,2015,2015-08-30,La Liga,2015/2016,853,611,242,0.283704572098476,482,352,130,0.2697095435684647
3825579,test,e8d236d570c096c4ef0a992eb5084696d30789e8e6a927b1a845816a16cb4bce,male|T0,male,0,2015,2015-08-30,La Liga,2015/2016,783,613,170,0.2171136653895274,454,372,82,0.1806167400881057
3878555,test,e711207d149f60b1cb5684f6e2821b9be535c9280ab5ade9be67c8a6b496fa14,male|T0,male,0,2015,2015-08-30,Serie A,2015/2016,889,735,154,0.1732283464566929,459,401,58,0.1263616557734204
3754148,test,e1dc92445a44c44d2cbc4bac68d4e451a58a0140b78cbd52e474c8ad9a430874,male|T1,male,1,2015,2015-09-13,Premier League,2015/2016,718,526,192,0.2674094707520891,309,237,72,0.233009708737864
3829460,test,f652fa825b59accee018841a7f4d401488fcb47668a97b8f5e8ba76f407c9a69,male|T1,male,1,2015,2015-09-13,Ligue 1,2015/2016,843,662,181,0.2147093712930012,504,417,87,0.1726190476190476
3878597,test,ef60c806180954283d075fd95b6cc78258039e909c80ac9d339bb1913824f16c,male|T1,male,1,2015,2015-09-13,Serie A,2015/2016,1010,816,194,0.192079207920792,490,417,73,0.1489795918367347
3878600,test,e950e13cf9375c50f9b60fb2c94344ed84785946a88958c123f297ccf13425c7,male|T1,male,1,2015,2015-09-13,Serie A,2015/2016,684,529,155,0.2266081871345029,400,334,66,0.165
3825589,test,eb2f8369a305f21359d9871482b29e13d133893d70b75b6baaa4407178d0996b,male|T1,male,1,2015,2015-09-18,La Liga,2015/2016,749,547,202,0.2696929238985314,409,323,86,0.2102689486552567
3825595,test,ed7115f7d699b664c6ffc0d088f11d7d77462eddee8b6213a94cc5f886043ca9,male|T1,male,1,2015,2015-09-20,La Liga,2015/2016,766,528,238,0.3107049608355091,337,250,87,0.258160237388724
3878609,test,e2ebec03c4390c974b13b7e27a59d4e713e4639601b57f0a4a6d86d64b402cab,male|T1,male,1,2015,2015-09-20,Serie A,2015/2016,883,716,167,0.189127972819932,310,263,47,0.1516129032258064
3879546,test,ff3d695e938c185aee64e2e3d9e3a7746a827fb0794ceadd9ddae00cb9def282,male|T1,male,1,2015,2015-09-24,Serie A,2015/2016,963,763,200,0.2076843198338525,500,411,89,0.178
3754212,test,e1d04d7b330a572ea2b4cc959aaf92e7da78ecb6b98d5137bcc0867c38cf38ba,male|T1,male,1,2015,2015-09-26,Premier League,2015/2016,915,756,159,0.1737704918032787,441,369,72,0.1632653061224489
3754323,test,ef97d8d2eb446232c1bc4da1e4e2baa5a1a329ab204c4a9383d1a173de949561,male|T1,male,1,2015,2015-09-26,Premier League,2015/2016,808,640,168,0.2079207920792079,430,350,80,0.1860465116279069
3829490,test,e5f9bb91d1905fa6b50e197c625d19c2258d3fd2a054004d5a1e207a224dcc4a,male|T1,male,1,2015,2015-09-27,Ligue 1,2015/2016,893,695,198,0.2217245240761478,510,411,99,0.1941176470588235
3879550,test,edcf1dc9d7ee78415c52f9ac5ce66360a207c481a59486594cbdc2f7f94a0015,male|T1,male,1,2015,2015-09-27,Serie A,2015/2016,1128,989,139,0.1232269503546099,589,520,69,0.1171477079796264
3879557,test,f909fd87e92143a15f4618d3ba462a6dc6fcc55b273901cf3483783eb4c4b088,male|T1,male,1,2015,2015-10-03,Serie A,2015/2016,822,610,212,0.2579075425790754,449,358,91,0.2026726057906459
3829501,test,e864b16b770c0f54bc43e207ae93366280293a903ed40fdbb7dbfef957790fdf,male|T1,male,1,2015,2015-10-04,Ligue 1,2015/2016,886,698,188,0.2121896162528216,407,343,64,0.1572481572481572
3879563,test,e951295df3e2d2c2c1b614918afd3a21ccf6c45ce5877d0c2b1a60656238a8a3,male|T1,male,1,2015,2015-10-04,Serie A,2015/2016,773,595,178,0.2302716688227684,389,320,69,0.1773778920308483
3890330,test,e3ce425eeb8ea259dd97298ceedd439cd57cadc52779957b9ec0d1ebddb00067,male|T1,male,1,2015,2015-10-04,1. Bundesliga,2015/2016,869,632,237,0.2727272727272727,492,375,117,0.2378048780487804
3753999,test,f83801f1ba8b090c8899df8a387bc9f63eef3e65a460bf6dbd5963e164f279d5,male|T1,male,1,2015,2015-10-17,Premier League,2015/2016,933,758,175,0.187566988210075,535,450,85,0.1588785046728972
3754245,test,f2e132e7b901dedfff4a2a8e33456de1aaa4d136dffe90a38b519082f5274103,male|T1,male,1,2015,2015-10-17,Premier League,2015/2016,790,586,204,0.2582278481012658,320,242,78,0.24375
3825625,test,eff8fb2cc7c3bbc38ca6e7b558b6656b463fe8ecf2c0f6c57dfe7413fb2800cc,male|T1,male,1,2015,2015-10-17,La Liga,2015/2016,956,798,158,0.1652719665271966,442,375,67,0.1515837104072398
3829503,test,f8a663df9851da238cc7bea6f6936c8f316dbf721e919e939aaf79bd4aedcafe,male|T1,male,1,2015,2015-10-17,Ligue 1,2015/2016,920,742,178,0.1934782608695652,498,420,78,0.1566265060240964
3825633,test,ed876efe15c8e74e45e207f809b5ea5923ee42ca2782f83f3eeeb8f26c29577c,male|T1,male,1,2015,2015-10-23,La Liga,2015/2016,817,633,184,0.2252141982864137,360,280,80,0.2222222222222222
3829515,test,e876a739facad86048f50145a499481e0fe19f603627a88c163c9a2ba20ac753,male|T1,male,1,2015,2015-10-24,Ligue 1,2015/2016,976,757,219,0.2243852459016393,617,514,103,0.1669367909238249
3825640,test,e5343dbc01a80aba418dbc1fc2fa47d9dd74b0f7653816a0a7947e952337f8eb,male|T1,male,1,2015,2015-10-25,La Liga,2015/2016,690,461,229,0.3318840579710145,292,210,82,0.2808219178082192
3879583,test,f91968a33e571e79a8d1a8d5efd3aed74b714cd93d323f7c2a7d2ab7dcca7c90,male|T1,male,1,2015,2015-10-25,Serie A,2015/2016,935,734,201,0.2149732620320855,435,342,93,0.2137931034482758
3879585,test,ecd63af6cf38b66a88c548e04dd8ad2f87e07e38c85ca0bcefcb7802fb53d7e4,male|T1,male,1,2015,2015-10-25,Serie A,2015/2016,809,615,194,0.2398022249690976,342,283,59,0.1725146198830409
3879587,test,eb8c8afaa7b4617af5131b03379e67921597c7a71082141cf402684e5c2435d2,male|T1,male,1,2015,2015-10-27,Serie A,2015/2016,992,819,173,0.1743951612903226,472,394,78,0.1652542372881356
3879589,test,f5f7662df23dbfdb0fe5446cd999e3803a895799b0b680cccd15ea5bb3290de5,male|T1,male,1,2015,2015-10-28,Serie A,2015/2016,596,419,177,0.296979865771812,286,219,67,0.2342657342657342
3825645,test,fe72e29fd5fa8c999376109cc17e544e6586595811e8a9bb7c88969842e60a60,male|T1,male,1,2015,2015-10-31,La Liga,2015/2016,1036,845,191,0.1843629343629343,684,571,113,0.1652046783625731
3900494,test,f92f924cd926cacda71d156d7b36fd3000ea5b1cebd12002824a12c05d04c2ef,male|T1,male,1,2015,2015-10-31,Ligue 1,2015/2016,798,554,244,0.3057644110275689,466,348,118,0.2532188841201717
3900500,test,fb5aaded2d716d4477b1d959afc842147a2b528ce836124ce14a3494792edfca,male|T1,male,1,2015,2015-11-06,Ligue 1,2015/2016,1052,836,216,0.2053231939163498,655,547,108,0.1648854961832061
3900502,test,fcfd99c9e474a7255a711bb87346d6c0af33a966110da9e8f43fb9a3a266bc42,male|T1,male,1,2015,2015-11-07,Ligue 1,2015/2016,1007,844,163,0.1618669314796425,613,530,83,0.1353996737357259
3900505,test,ebb2bf95e2f35da6a5af13244046e2feb706fcc3d5eff75f86c343ababa0ed4a,male|T1,male,1,2015,2015-11-07,Ligue 1,2015/2016,763,538,225,0.2948885976408912,383,298,85,0.2219321148825065
3825659,test,fece2c28ce9eaeddc0635dc074b4f494bacfe71ebf019f2838527bb5c12f371d,male|T1,male,1,2015,2015-11-08,La Liga,2015/2016,634,434,200,0.3154574132492113,237,173,64,0.270042194092827
3879609,test,f5de2c6b274231f88acd1a98879d0754b06b183c05d4c53f2f71eecb68bc1ee2,male|T1,male,1,2015,2015-11-08,Serie A,2015/2016,857,648,209,0.2438739789964994,465,375,90,0.1935483870967742
3879615,test,fdd30c0abc16a0a1bb86e07d4cd7b9e268ed68a9dcd95e3de41095f6aaded588,male|T1,male,1,2015,2015-11-08,Serie A,2015/2016,849,625,224,0.2638398115429917,467,365,102,0.2184154175588865
3879616,test,e4f881e76d0c8c040bf7425ad57ea7f4d8edbc99e572fe42fbea53bbc53ed4c7,male|T1,male,1,2015,2015-11-08,Serie A,2015/2016,1035,854,181,0.1748792270531401,433,361,72,0.1662817551963048
3754185,test,ea742e6a1d2baa1c18acf81dbfe01651210252ddd9d23eca25a3e959276082d4,male|T1,male,1,2015,2015-11-21,Premier League,2015/2016,895,608,287,0.3206703910614525,444,331,113,0.2545045045045045
3754247,test,f92ac9ea68dbcc492528ffd00c9f8d775a1f87eadc468dc93ac5d56b7939dbbe,male|T1,male,1,2015,2015-11-21,Premier League,2015/2016,903,679,224,0.2480620155038759,477,374,103,0.2159329140461215
3825662,test,fddc0d1e7cdaca918c873e8eeffc4badc9b86c29c3871b34ee00113aa95355e8,male|T1,male,1,2015,2015-11-21,La Liga,2015/2016,787,575,212,0.2693773824650571,448,352,96,0.2142857142857142
3754028,test,f4049ea91562127168e9b7ab1bb4fc7f831579fd907a547f0575b196ed3fbfb9,male|T1,male,1,2015,2015-11-28,Premier League,2015/2016,848,673,175,0.2063679245283018,309,250,59,0.1909385113268608
3879628,test,f0d5f9d3e44682fae86f680cf5921de42238eb71744af0acd5d543c14800f940,male|T1,male,1,2015,2015-11-28,Serie A,2015/2016,864,666,198,0.2291666666666666,467,394,73,0.1563169164882226
3900521,test,f7dfcf7ef8688cbbf0e18cecadc5428d651be3a31400f41f3fe8c802ceb61c53,male|T1,male,1,2015,2015-11-28,Ligue 1,2015/2016,1098,919,179,0.163023679417122,620,532,88,0.1419354838709677
3900524,test,eb56269ec0a1bf4190047802906ef58dde6d01ef496880e43362182c643f0ff0,male|T1,male,1,2015,2015-11-28,Ligue 1,2015/2016,1043,822,221,0.211888782358581,633,523,110,0.1737756714060031
3754038,test,e6cb99f440f43b040c7f9f7a332ee61aa4a1358b11f28bff2154816b0f018cf7,male|T1,male,1,2015,2015-11-29,Premier League,2015/2016,1015,819,196,0.193103448275862,542,456,86,0.1586715867158671
3879633,test,fa3e05f7719d42c6d7ad3cd2da0603651e8edd473583ef8c3eb8b7680077524c,male|T1,male,1,2015,2015-11-29,Serie A,2015/2016,814,617,197,0.242014742014742,440,346,94,0.2136363636363636
3900540,test,ec9b376bbbdef2547134ddadb2fab9122d988ec82c7673a6fb357954b62ab09f,male|T1,male,1,2015,2015-12-04,Ligue 1,2015/2016,1149,987,162,0.1409921671018277,735,651,84,0.1142857142857142
3900541,test,fd6287a6967e3ffe914cc6372bb97769004efc42bc386d53fef4efaed2dc9a63,male|T1,male,1,2015,2015-12-05,Ligue 1,2015/2016,789,580,209,0.26489226869455,437,353,84,0.1922196796338672
3900545,test,f2cfe30601b46d994b4f5f4a77a2a434d4f962e5ddb6797400d7aa80e3cbd8d1,male|T1,male,1,2015,2015-12-05,Ligue 1,2015/2016,987,816,171,0.1732522796352583,568,488,80,0.1408450704225352
3754143,test,ebbe9e31231b3f8d0cceed09bc211dc8290ce5fc538ba6fc22455baed5125151,male|T1,male,1,2015,2015-12-06,Premier League,2015/2016,919,685,234,0.2546245919477693,497,386,111,0.2233400402414486
3879647,test,ebf814078d55e09ddbe92559dde3518a4d800ee526b630a398645d1849dda66b,male|T2,male,2,2015,2015-12-12,Serie A,2015/2016,756,563,193,0.2552910052910053,361,279,82,0.2271468144044321
3879651,test,f53fa4032776ac964c0275f76abd2da6bb094f26d82537a2627d0f5239d2ca12,male|T2,male,2,2015,2015-12-13,Serie A,2015/2016,1049,804,245,0.2335557673975214,503,417,86,0.1709741550695825
3879654,test,f5632a56547ce075fe07b41bfb19cbb7b62be063f8879ecabb30c6702d513427,male|T2,male,2,2015,2015-12-13,Serie A,2015/2016,820,585,235,0.2865853658536585,418,332,86,0.2057416267942583
3754219,test,ec66d3ad3b347a6832a405198512f318543f056585c17c43d78732f82f3d9c51,male|T2,male,2,2015,2015-12-19,Premier League,2015/2016,817,657,160,0.1958384332925336,453,390,63,0.1390728476821192
3825697,test,dfdd8b1317662c2d5f0b0cd5a36eb0c8a8f053f8aba0c4db76d75b036dcc511a,male|T2,male,2,2015,2015-12-19,La Liga,2015/2016,826,635,191,0.2312348668280871,421,334,87,0.2066508313539192
3754051,test,fac25ffaac166d3dd5b944319275623e0bd2784049965eb7a90c19f04f1c86dc,male|T2,male,2,2015,2015-12-20,Premier League,2015/2016,772,506,266,0.344559585492228,381,262,119,0.3123359580052493
3879661,test,f4af24faf67edbc34aabc9a3ef68d2d7458e256b853ea5903295182f6f7cb63d,male|T2,male,2,2015,2015-12-20,Serie A,2015/2016,969,766,203,0.2094943240454076,575,483,92,0.16
3754296,test,df1d6df415e3a6bf9cc43946e6f3b62629244a26aabe0d9ea6011f9920fd0ecb,male|T2,male,2,2015,2015-12-21,Premier League,2015/2016,1036,840,196,0.1891891891891892,544,453,91,0.1672794117647058
3754057,test,e7ac85e3d852daa9bfe6fcac1c32001b39e8eb79fd11807a38fa6428ca011a7f,male|T2,male,2,2015,2015-12-26,Premier League,2015/2016,862,656,206,0.2389791183294663,414,332,82,0.1980676328502415
3754279,test,eb8649ff9f34d5b6f80c779b5220fcd42fd0df8cdc0fbb203275ee7f1ee1de04,male|T2,male,2,2015,2015-12-26,Premier League,2015/2016,890,668,222,0.249438202247191,479,375,104,0.2171189979123173
3754309,test,e44a2adc8552f081dccf70a87a839427a0b3fc3bb4166c52f06ad3fc9ff1e733,male|T2,male,2,2015,2015-12-26,Premier League,2015/2016,847,681,166,0.1959858323494687,470,390,80,0.1702127659574468
3753998,test,f121c4ff4fd7858bd9272cc3669a55586de99833460b520cb8459ca56582fabc,male|T2,male,2,2015,2015-12-28,Premier League,2015/2016,772,572,200,0.2590673575129533,395,309,86,0.2177215189873417
3754195,test,e200739c03e6e40a91473d3848aadf42eb1eb86ab80fc2f6567ccc81045b1f2d,male|T2,male,2,2015,2015-12-28,Premier League,2015/2016,673,505,168,0.2496285289747399,376,293,83,0.2207446808510638
3825706,test,fcca5e6b976945ccc18ffc3be839289a22e5b79b40b0fbdbc636913815e4a326,male|T2,male,2,2015,2015-12-30,La Liga,2015/2016,901,669,232,0.2574916759156492,516,401,115,0.2228682170542635
3825709,test,ffda30a4f8167e4d27c25c18cb391e50c84ec4b9029fbe68492da8fdb8e0328c,male|T2,male,2,2015,2015-12-30,La Liga,2015/2016,955,773,182,0.1905759162303665,485,420,65,0.134020618556701
3825710,test,fb7fd2ea5a872b342813180f93f8d4e1f46fed58907d6e343372f67b82d18f4d,male|T2,male,2,2015,2015-12-30,La Liga,2015/2016,989,826,163,0.1648129423660262,492,417,75,0.1524390243902439
3825711,test,f6ac280cfbed92e674483bbd436df9c27d6a83ada7afc18eae93d647c01d4030,male|T2,male,2,2015,2015-12-30,La Liga,2015/2016,727,510,217,0.2984869325997249,355,269,86,0.2422535211267605
3825713,test,fcdcbc5936cd7bb93ab53bf9fec5a5d32eaee119a90525c0d7302a4a535d2743,male|T2,male,2,2015,2015-12-31,La Liga,2015/2016,788,618,170,0.215736040609137,391,316,75,0.1918158567774936
3825718,test,f79e9f86d9f3c29eb9cfd7f8175b6e3983368e6fbe28831897b105754ffa0911,male|T2,male,2,2016,2016-01-03,La Liga,2015/2016,939,793,146,0.1554845580404686,486,421,65,0.1337448559670782
3900570,test,f8dd362a25b885d2a23517884514dc1d64f8c651b0c4038e49addff25c9c5146,male|T2,male,2,2016,2016-01-08,Ligue 1,2015/2016,1148,981,167,0.1454703832752613,574,502,72,0.1254355400696864
3900577,test,ede9248f7da52631e84b079fb8b10e27989fe8c04f83e50fccea81d84003102d,male|T2,male,2,2016,2016-01-10,Ligue 1,2015/2016,865,691,174,0.2011560693641618,431,348,83,0.1925754060324826
3754004,test,f7505c8ce39848e6d8bf7baf53b1a49c81dff2ec452f9ca610f86a03923d3522,male|T2,male,2,2016,2016-01-16,Premier League,2015/2016,789,599,190,0.2408111533586818,408,339,69,0.1691176470588235
3825732,test,f05818b269e6d76c65490c3a27ad69495b78d8ed60b2b656dd11b3ce08dcce4b,male|T2,male,2,2016,2016-01-16,La Liga,2015/2016,869,630,239,0.2750287686996547,545,431,114,0.2091743119266055
3825737,test,e76874835040523ff50a5480dc9d8381a6ae00dc36fca8e55cc529c45dc94a2e,male|T2,male,2,2016,2016-01-17,La Liga,2015/2016,851,687,164,0.1927144535840188,464,392,72,0.1551724137931034
3879694,test,fa94cf0d7a1952ed3ca4a1ce860a6367ad5497f726dbca9645f4c742d00254fc,male|T2,male,2,2016,2016-01-17,Serie A,2015/2016,848,598,250,0.294811320754717,382,285,97,0.2539267015706806
3754179,test,fbf471620e094eb00dfb942d97fe1671bb4d5c9b4a0a85b8ffaa9572fd4f7c1f,male|T2,male,2,2016,2016-01-23,Premier League,2015/2016,821,615,206,0.2509135200974421,364,293,71,0.195054945054945
3900592,test,f9a5df67b0ccd8026d6a65feeb6bfef99921588537047c6ab06aeae5f188177b,male|T2,male,2,2016,2016-01-23,Ligue 1,2015/2016,969,722,247,0.2549019607843137,511,404,107,0.2093933463796477
3825748,test,fee6a6d6e4162b292a68b89b311a21b6edeebd53fcffe46b6bb212b1e172d0c9,male|T2,male,2,2016,2016-01-24,La Liga,2015/2016,773,561,212,0.2742561448900388,398,302,96,0.2412060301507537
3900605,test,f49d44d228b6649707f05be4465b261d7b9871aad39bc1328a10aa7d6303d052,male|T2,male,2,2016,2016-01-30,Ligue 1,2015/2016,841,631,210,0.2497027348394768,390,298,92,0.2358974358974359
3900614,test,faafaa73277a84404899ffb5e40f6a8d6e33fdcff94256b81b91674f776dba3d,male|T2,male,2,2016,2016-02-03,Ligue 1,2015/2016,851,640,211,0.2479435957696827,488,377,111,0.2274590163934426
3754316,test,e009b41fc3d94a9e294d198a7d035b289aec5d7c3887536c83b496fca4ecce27,male|T2,male,2,2016,2016-02-06,Premier League,2015/2016,954,731,223,0.2337526205450733,408,332,76,0.1862745098039215
3754281,test,f3df671bed49c6e199622c46300dc20cb91403853ace38449279f56848e507c0,male|T2,male,2,2016,2016-02-07,Premier League,2015/2016,817,640,177,0.2166462668298653,358,301,57,0.159217877094972
3825767,test,ecefd740b6ef7aad493864bcf5626cce49cd15edbe1f45c477731b547b0cdaee,male|T2,male,2,2016,2016-02-08,La Liga,2015/2016,860,618,242,0.2813953488372093,462,359,103,0.2229437229437229
3900630,test,e8f6432abdfb04b6eae259ddac3a80c639c2594d156037b70f98331f48ff58ef,male|T2,male,2,2016,2016-02-12,Ligue 1,2015/2016,890,701,189,0.2123595505617977,385,312,73,0.1896103896103896
3825771,test,e19d5f7ac3d184a6597e7d653e7cc4e7e8a23794217d2c5f388aa9f2a1c396a7,male|T2,male,2,2016,2016-02-13,La Liga,2015/2016,733,503,230,0.3137789904502046,373,268,105,0.2815013404825737
3825772,test,f1d15d0a4feaf5d46eaf7c774c55750089ad5e2b00ddae02dd0507132569fa30,male|T2,male,2,2016,2016-02-13,La Liga,2015/2016,669,492,177,0.2645739910313901,328,258,70,0.2134146341463414
3879739,test,eb19098f24d921a556da04fb026060edbb3d8e6e97d6f35dea5fb3aeb40d22d8,male|T2,male,2,2016,2016-02-13,Serie A,2015/2016,1117,937,180,0.1611459265890779,674,586,88,0.1305637982195845
3900633,test,f1e8af31fbc689a93eaa3c742e6df802692b9e0e9dcdc4c156111c67d8ec9008,male|T2,male,2,2016,2016-02-13,Ligue 1,2015/2016,748,506,242,0.3235294117647059,394,294,100,0.2538071065989847
3754214,test,f17df510826f469de2d33a436fd3a2fdd75d0fb814cdbda4ccdac06ee40736c2,male|T2,male,2,2016,2016-02-14,Premier League,2015/2016,1019,852,167,0.1638861629048086,629,540,89,0.1414944356120826
3754261,test,ffdca3cf37c7e6c86583877fe984be86fae0c2ce88e35fb5b405e42f94bff8d9,male|T2,male,2,2016,2016-02-14,Premier League,2015/2016,939,728,211,0.2247071352502662,484,398,86,0.1776859504132231
3879742,test,f35f87dbbb24e8e1063f4abbac49c5fbae2070bdf8a0a1ec429a725ab5e88da6,male|T2,male,2,2016,2016-02-14,Serie A,2015/2016,836,609,227,0.2715311004784689,479,380,99,0.2066805845511482
266815,test,f04a5e1acba9199c62bdd532f619971be7cc60eab1a1308d1856528fa059aacb,male|T2,male,2,2016,2016-02-17,La Liga,2015/2016,957,816,141,0.1473354231974921,480,410,70,0.1458333333333333
3879751,test,eb865d5714909c7eb41dcf6a3ddb93bd53ea4c92cf07fa097dd56eb80ba05234,male|T2,male,2,2016,2016-02-21,Serie A,2015/2016,1036,853,183,0.1766409266409266,627,538,89,0.1419457735247209
3901152,test,ee3f64c8993c29fa1fe1845fb27b8dc438ed9a959de78e7f1000a208353e9edf,male|T2,male,2,2016,2016-02-21,Ligue 1,2015/2016,920,711,209,0.2271739130434782,486,395,91,0.1872427983539094
3825786,test,e4808f8ff8f06a2216fe1f143eccb13cf379df380660b069d6da8df53c9bd821,male|T2,male,2,2016,2016-02-26,La Liga,2015/2016,861,599,262,0.3042973286875726,505,375,130,0.2574257425742574
3825788,test,f6f7afb897953eec346f320e1c3e5585cc72ed2379113cbf7da8cc558995f5af,male|T2,male,2,2016,2016-02-27,La Liga,2015/2016,749,549,200,0.2670226969292389,381,303,78,0.2047244094488189
3825791,test,f0f49b276d572da4d3eecf92e0b3a555dda78cd946012911289d51f19eca5485,male|T2,male,2,2016,2016-02-27,La Liga,2015/2016,714,515,199,0.2787114845938375,314,243,71,0.2261146496815286
3754324,test,f80a6495e4e6b21b4b40c3ca55521ac36c6069d58d5111061583fcdbcdafc840,male|T2,male,2,2016,2016-02-28,Premier League,2015/2016,755,555,200,0.2649006622516556,376,284,92,0.2446808510638297
3754231,test,edb9f8b601dad0b0df98c77200e325cfe7ac5050d224567380c7c9ef621540f9,male|T2,male,2,2016,2016-03-01,Premier League,2015/2016,756,526,230,0.3042328042328042,335,261,74,0.2208955223880597
3753991,test,f4245866c527e1634787747d17e6317d2393cedba42e29d6c2df7aa57fc60745,male|T3,male,3,2016,2016-03-02,Premier League,2015/2016,909,691,218,0.2398239823982398,483,392,91,0.1884057971014492
3754081,test,e65ec8449876d1e3e08ffeb19b87aa8515441f278bd166d7c375eff3352fc91f,male|T3,male,3,2016,2016-03-06,Premier League,2015/2016,910,658,252,0.2769230769230769,520,410,110,0.2115384615384615
3825811,test,e7ecff3dc8c246d2c63f43e8d6761681be5243035797dd2ea045fb5344009ab7,male|T3,male,3,2016,2016-03-07,La Liga,2015/2016,773,579,194,0.2509702457956015,380,303,77,0.2026315789473684
3901176,test,f71dfd5176de39060968bf27c78e5cdec60fb327278f8ec79cc009085b82e00a,male|T3,male,3,2016,2016-03-12,Ligue 1,2015/2016,767,551,216,0.2816166883963494,382,292,90,0.2356020942408377
3901178,test,edacfba2c2cc8781b336d0e2e6f1e6de7594d514c6bb6b41783e67e9159b6d6e,male|T3,male,3,2016,2016-03-12,Ligue 1,2015/2016,943,758,185,0.1961823966065747,464,383,81,0.1745689655172413
3879781,test,f063e9d46d8b155b03f52afd179415a1f1018214e9da655cc4a98b0708637f0c,male|T3,male,3,2016,2016-03-13,Serie A,2015/2016,892,693,199,0.2230941704035874,492,412,80,0.1626016260162601
3825881,test,f4dc083bf05f1e5d6b943af0617348caf1a870f6f90b1584a2ddf11997b6acb5,male|T3,male,3,2016,2016-03-14,La Liga,2015/2016,702,508,194,0.2763532763532763,295,222,73,0.247457627118644
3825819,test,f3f07e618de6fd5e04ea24e41557177e1e508133b8e00506be643bdeaa32a920,male|T3,male,3,2016,2016-03-20,La Liga,2015/2016,867,657,210,0.2422145328719723,435,350,85,0.1954022988505747
3825821,test,edcca1da950cf7aed70394bbda61ff24a486c9e8089a33fde8a9e9057118c671,male|T3,male,3,2016,2016-03-20,La Liga,2015/2016,857,631,226,0.2637106184364061,412,320,92,0.2233009708737864
3754272,test,e70fa6f3b79b717dd5b8dd5f248706595f2273e70c0b7540e0d8dd03f142ad22,male|T3,male,3,2016,2016-04-02,Premier League,2015/2016,951,757,194,0.2039957939011566,556,447,109,0.1960431654676259
3901195,test,e7088005aceb3691fe8b74c3d9d35bc4c00813a069b01451a2544622a51f8515,male|T3,male,3,2016,2016-04-02,Ligue 1,2015/2016,822,586,236,0.2871046228710462,513,384,129,0.2514619883040935
3901198,test,ee25b6de4a10a72fb2de5987bda9ea2f54b6be1dc4556f71fbe9e9ca5e32a319,male|T3,male,3,2016,2016-04-02,Ligue 1,2015/2016,930,730,200,0.2150537634408602,516,416,100,0.1937984496124031
3825905,test,ef5e8d9084955a0eab891a2131e111ee4bb08865caed479a249854bb441d35f4,male|T3,male,3,2016,2016-04-03,La Liga,2015/2016,814,583,231,0.2837837837837837,409,325,84,0.2053789731051344
3879802,test,e4b786e9849f33d8e675868ea83e890fb04a30226fc1fbb5ce8e42436534802b,male|T3,male,3,2016,2016-04-03,Serie A,2015/2016,915,720,195,0.2131147540983606,505,422,83,0.1643564356435643
3901202,test,f8f7843bf5cf401587d056bb74a295493b07871320d2b425229cbe11f968832c,male|T3,male,3,2016,2016-04-03,Ligue 1,2015/2016,1019,802,217,0.2129538763493621,532,430,102,0.1917293233082706
3879806,test,fbbde220d3dd2d3a1d14827bde73ff80f6eff255dc5e3db68945e1cf89a8f0b4,male|T3,male,3,2016,2016-04-04,Serie A,2015/2016,822,619,203,0.2469586374695863,391,305,86,0.2199488491048593
3825826,test,fb80ac4b70734c3fd86fd7d752859972e2d05d400c5dfc01afde77051f131595,male|T3,male,3,2016,2016-04-08,La Liga,2015/2016,784,591,193,0.2461734693877551,410,329,81,0.1975609756097561
3754030,test,ff993205df1dbe3f30a04c887b9186425075d6cbd1f7260c8694e2545ebf1d0d,male|T3,male,3,2016,2016-04-09,Premier League,2015/2016,798,569,229,0.2869674185463659,458,344,114,0.2489082969432314
3825827,test,eff75f4ddeedb565880d172e4c2092c567b9c5dacc1aff49fe0ee1aa66e6b5ea,male|T3,male,3,2016,2016-04-09,La Liga,2015/2016,867,654,213,0.245674740484429,425,340,85,0.2
3825831,test,ea6c5ca6b12e2a53c4c5ea4c8f9b82d31429b4baeb11561a0222b292a307f28d,male|T3,male,3,2016,2016-04-10,La Liga,2015/2016,738,569,169,0.2289972899728997,392,332,60,0.1530612244897959
3879815,test,fe41662096182ef713eb6d59a1e2f72b72c0da589a383692af5019bbd74ec1fe,male|T3,male,3,2016,2016-04-10,Serie A,2015/2016,842,697,145,0.172209026128266,390,327,63,0.1615384615384615
3825857,test,fc00bdf40e9741fba81ad011f2071c62df74ddc1f39f9380e821b96166c071b2,male|T3,male,3,2016,2016-04-15,La Liga,2015/2016,738,535,203,0.2750677506775068,377,286,91,0.2413793103448276
3754137,test,fb7bc5f39a688800136c3bc9876f6c7545c0eb282f4c30b959eaaa2ad0a8bcf6,male|T3,male,3,2016,2016-04-16,Premier League,2015/2016,756,585,171,0.2261904761904762,317,245,72,0.2271293375394321
3901216,test,f2ee3ed75761343d1350935dcfc7b6f3918c568d2be634ca70178e16897f95b1,male|T3,male,3,2016,2016-04-16,Ligue 1,2015/2016,1051,883,168,0.1598477640342531,591,521,70,0.1184433164128595
3879820,test,fd2f13d47a28a678ab955037849824f9d50d827bc28b8a69ff26acc330b2e6c9,male|T3,male,3,2016,2016-04-17,Serie A,2015/2016,856,702,154,0.1799065420560747,319,281,38,0.1191222570532915
3901223,test,e28694aa4b219423c4851b048ef6d43bee9cac878770ae45491351e9c6ef631e,male|T3,male,3,2016,2016-04-17,Ligue 1,2015/2016,865,640,225,0.2601156069364161,263,214,49,0.1863117870722433
3754206,test,ef7c54690cc2c96437fc28483b4ef190a10de0c8eae198599007bccbd5008029,male|T3,male,3,2016,2016-04-19,Premier League,2015/2016,898,642,256,0.2850779510022271,456,359,97,0.212719298245614
3879828,test,f8b345bbc0736518227a0c50b85c9c44f805e1ae82847285de45ba2622640692,male|T3,male,3,2016,2016-04-20,Serie A,2015/2016,849,692,157,0.1849234393404004,393,328,65,0.1653944020356234
3879832,test,e5a5030408782c543e51f1d2a2f36644cb9b8b31d28a774472c60cfa784ecfad,male|T3,male,3,2016,2016-04-20,Serie A,2015/2016,812,618,194,0.2389162561576354,441,357,84,0.1904761904761904
3879834,test,e4a7c9591dc82a8a5df4e8ccc066cd9dd359a10236390da0b5c1a763f5cf0812,male|T3,male,3,2016,2016-04-20,Serie A,2015/2016,808,613,195,0.2413366336633663,323,242,81,0.2507739938080495
3879837,test,eb1782291636848c3e74664cf2e3547e66c74ba6dff7efcb6ca5829b7444f45f,male|T3,male,3,2016,2016-04-23,Serie A,2015/2016,841,669,172,0.2045184304399524,405,335,70,0.1728395061728395
3754228,test,e9bce2191b5000e24efe68d12c7f6c4a1f286412a8614886338369a1eb7406f8,male|T3,male,3,2016,2016-04-24,Premier League,2015/2016,987,787,200,0.2026342451874366,460,380,80,0.1739130434782608
3825854,test,f0c5ff1548573cfc2f8638cc9df895a75a608bc183e3b109e02cdeb8646e9565,male|T3,male,3,2016,2016-04-29,La Liga,2015/2016,800,602,198,0.2475,439,367,72,0.164009111617312
3825859,test,e38a88ca00a7b3337a92ecfedc63f748cc272f58d7f4e308e9893615eacb1e9b,male|T3,male,3,2016,2016-04-30,La Liga,2015/2016,936,740,196,0.2094017094017094,545,453,92,0.1688073394495413
3825894,test,f245f36ea9048b479c0118fbc5baa491b9ec90f22065ed167ef2a84fe1dbefbd,male|T3,male,3,2016,2016-05-01,La Liga,2015/2016,741,554,187,0.252361673414305,338,275,63,0.1863905325443787
3825855,test,e4fa33913607eec7ebeb0626f682534b9cf97b512b3699abe1aa11cdc6765348,male|T3,male,3,2016,2016-05-02,La Liga,2015/2016,763,546,217,0.2844036697247706,354,272,82,0.231638418079096
3901248,test,e483a55c82ddd6edd5572a8c1ecef6867c8bbdc84d03ed0c4254567d4bbe322d,male|T3,male,3,2016,2016-05-07,Ligue 1,2015/2016,887,689,198,0.2232243517474633,449,367,82,0.1826280623608017
3825865,test,e87539345f5f9860754e1a70a10575edd2574ef560dc97f1a315c3749ebfbf9a,male|T3,male,3,2016,2016-05-08,La Liga,2015/2016,684,494,190,0.2777777777777778,342,260,82,0.239766081871345
3754055,test,f4ac487ddd695736e5728aadb15011891babeaa2d8c3a9ee905afcb74f843011,male|T3,male,3,2016,2016-05-11,Premier League,2015/2016,971,814,157,0.1616889804325437,578,498,80,0.1384083044982699
3825882,test,e7f6246493b2acb82d726700ee841e55a7772aa5b68287d6ae62ce6fbb7275cb,male|T3,male,3,2016,2016-05-14,La Liga,2015/2016,984,790,194,0.1971544715447154,568,488,80,0.1408450704225352
3901260,test,f25ee0a908a6eda8e8c4e305b8567eb25088760432b9c2e5cc0ef41c26406187,male|T3,male,3,2016,2016-05-14,Ligue 1,2015/2016,954,718,236,0.2473794549266247,563,458,105,0.1865008880994671
267212,test,ebc98463fedd07642cd8cdb9375ad4d18a8bd1b3c41049ca4d8cd8eb590bb323,male|T3,male,3,2016,2016-09-17,La Liga,2016/2017,785,629,156,0.1987261146496815,383,313,70,0.1827676240208877
267492,test,e7876ed001292fc55d3af45bbafd71b6ee4ae15397c30f5393f1d9406486cc3b,male|T3,male,3,2016,2016-10-15,La Liga,2016/2017,909,768,141,0.1551155115511551,498,438,60,0.1204819277108433
266033,test,edf3f9967bf713571aaf1748ee070b22f06322626f8eaf5740a353d7c26c9926,male|T3,male,3,2016,2016-10-22,La Liga,2016/2017,891,731,160,0.1795735129068462,350,288,62,0.1771428571428571
265952,test,f509c77bb5dd575d117d7033afbea60be24160568b117f4091a9db3df4c2e893,male|T3,male,3,2017,2017-03-01,La Liga,2016/2017,906,766,140,0.1545253863134658,382,327,55,0.143979057591623
267569,test,fdff6474b6af5f8ddc3a2045671b6d0de8bdf3e1961c74ccf49ed92a7ee4357e,male|T3,male,3,2017,2017-04-23,La Liga,2016/2017,929,788,141,0.1517761033369214,461,393,68,0.1475054229934924
9575,test,fd49cdb7c7411d8c12bf6bd9dc4efab9bab396fd868b0adf96fa15b9a39f0d8d,male|T3,male,3,2017,2017-08-20,La Liga,2017/2018,1050,904,146,0.139047619047619,510,445,65,0.1274509803921568
9620,test,fea0cffd6e0d1e8b51a7c97a380aab810a0893c199fa909d72a5a83f6e952a85,male|T3,male,3,2017,2017-09-23,La Liga,2017/2018,879,704,175,0.1990898748577929,424,353,71,0.1674528301886792
9682,test,e88a198c98e1426e485fe435cc070562a83fe9cf8d09556e72af254a3dc67ea0,male|T3,male,3,2017,2017-11-18,La Liga,2017/2018,872,692,180,0.2064220183486238,382,313,69,0.1806282722513089
9880,test,eed2946b773354f4e9137cb5aa54f29038f332beea07ffc7cfd8e1b34dec3395,male|T4,male,4,2018,2018-04-14,La Liga,2017/2018,1070,924,146,0.1364485981308411,549,484,65,0.1183970856102003
7445,test,e9c8b1032c93b0523161744e3c7ad32610eb9091e5531b23582c16776abe064c,female|T4,female,4,2018,2018-05-06,NWSL,2018,861,609,252,0.2926829268292683,442,310,132,0.2986425339366516
9928,test,f741ea3ca624cff2ceeb9fe2a3c11e3033410386944c93c6ee7df60245b507bb,male|T4,male,4,2018,2018-05-09,La Liga,2017/2018,1103,961,142,0.128739800543971,724,640,84,0.1160220994475138
7529,test,ee5839bcbd25e10cef5c672a9439306bb93b66d1d890e144e6a35f4d70b01e39,male|T4,male,4,2018,2018-06-16,FIFA World Cup,2018,856,665,191,0.2231308411214953,568,447,121,0.2130281690140845
7533,test,ff1284a67310f98a030627e1d8ab634ee66edfcb1d3403d1488f3ce9c918fba0,male|T4,male,4,2018,2018-06-17,FIFA World Cup,2018,952,795,157,0.1649159663865546,674,570,104,0.1543026706231454
7538,test,f1a8da6dc3d439c82c7e7f7c834429b64dddc137f77782368b2950927ac6a6e7,male|T4,male,4,2018,2018-06-18,FIFA World Cup,2018,782,605,177,0.2263427109974424,452,366,86,0.1902654867256637
7540,test,f07b355d1fb77cab1cd42d900035d707d62e1c406fb320efaa3285167f979e03,male|T4,male,4,2018,2018-06-19,FIFA World Cup,2018,867,631,236,0.2722029988465975,629,484,145,0.2305246422893481
7543,test,fd5a37d08e669a54b44045835934441b8848d4efadca1566af9e90bd182c5316,male|T4,male,4,2018,2018-06-20,FIFA World Cup,2018,1004,830,174,0.1733067729083665,611,527,84,0.1374795417348608
7547,test,f5ef93282c3dfbef3b3952c66bf8272d3a3786ed422553f020832064603e95b9,male|T4,male,4,2018,2018-06-21,FIFA World Cup,2018,948,793,155,0.1635021097046413,607,515,92,0.1515650741350906
7548,test,f5ed0dc343f45c114f9a4bfb922a262880a00512f0600eab839a4546a6d27b48,male|T4,male,4,2018,2018-06-22,FIFA World Cup,2018,974,817,157,0.1611909650924024,577,502,75,0.1299826689774696
7557,test,ed610482a50ef9e3d8de1f3c0f6dd902c23ba969319f015660abe5cabb617dc2,male|T4,male,4,2018,2018-06-25,FIFA World Cup,2018,806,647,159,0.1972704714640198,485,389,96,0.1979381443298969
8650,test,f2634829d338ad97abd57ec2ec7915a41515bc916ecf926ddda25b5e0cb8ac17,male|T4,male,4,2018,2018-07-06,FIFA World Cup,2018,855,721,134,0.1567251461988304,582,500,82,0.140893470790378
7483,test,e9c1807053b8730060974f6d0fcf68d7f503a96779f5a5faf7867c46be9380be,female|T4,female,4,2018,2018-07-15,NWSL,2018,683,452,231,0.3382137628111273,472,340,132,0.2796610169491525
19724,test,fbef0f9f4366e72ab291fd174628a3d45f8d1b15b7a4e7f3fafb9694c3885e0a,female|T4,female,4,2018,2018-09-23,FA Women's Super League,2018/2019,837,599,238,0.2843488649940263,415,324,91,0.2192771084337349
19727,test,f82af749fdb20d3a8d510227b90880f72960c717517a88c3a61a4b44e4d79b24,female|T4,female,4,2018,2018-09-23,FA Women's Super League,2018/2019,663,398,265,0.3996983408748115,324,212,112,0.345679012345679
19728,test,f5c56d0791590432c756fa0d6c29f433cb8eddd28f02d1565f726581cbd79498,female|T4,female,4,2018,2018-09-23,FA Women's Super League,2018/2019,828,619,209,0.2524154589371981,521,405,116,0.2226487523992322
19732,test,fbbdffc9305b51af5dbebca7977372c3bef084af993efff20bb0f18814e77d7d,female|T4,female,4,2018,2018-09-30,FA Women's Super League,2018/2019,846,595,251,0.2966903073286052,457,351,106,0.2319474835886214
19736,test,fecddb169a5a521cf5ddeea2646f8b6d6d33086d91e3c6fce193453784bab740,female|T4,female,4,2018,2018-10-14,FA Women's Super League,2018/2019,823,583,240,0.2916160388821385,415,319,96,0.2313253012048192
19742,test,f3020d8e041a3f3827fd90363fb70147e67fc60574bfecf4ae1543984d51d228,female|T4,female,4,2018,2018-10-21,FA Women's Super League,2018/2019,570,339,231,0.4052631578947368,294,184,110,0.3741496598639456
19743,test,ff41848396010196c03ad82099e6d84aae0a67b7d7c2f37c5fc8f45ab994c48d,female|T4,female,4,2018,2018-10-21,FA Women's Super League,2018/2019,864,656,208,0.2407407407407407,431,338,93,0.2157772621809744
19771,test,f11dc50eeecff85a50fe68cb8316eb03bf01ab18a7f870e49a25f2aa2982c4e1,female|T4,female,4,2018,2018-12-02,FA Women's Super League,2018/2019,854,681,173,0.202576112412178,583,479,104,0.1783876500857633
19783,test,f5a6a603d829e1b6b304fc5c0f6394c1168100ec2ce91e569385e9fb45ab9068,female|T4,female,4,2019,2019-01-06,FA Women's Super League,2018/2019,912,706,206,0.2258771929824561,415,335,80,0.1927710843373494
19807,test,f7d78c5be8b23492f738433b4d936e9bddbbca6c2d573025b7d804e7254d74b0,female|T4,female,4,2019,2019-03-31,FA Women's Super League,2018/2019,955,754,201,0.2104712041884816,464,383,81,0.1745689655172413
19820,test,fbeb5b7fc58ce2908107debcc5da2325cf87d04a572e85dd952c314c9fc75b00,female|T4,female,4,2019,2019-05-11,FA Women's Super League,2018/2019,780,553,227,0.291025641025641,491,373,118,0.240325865580448
22940,test,f4ed387df3c8febff3061266b1add5dded49c69162b59e8ab427755bc2781fa4,female|T4,female,4,2019,2019-06-10,Women's World Cup,2019,907,724,183,0.2017640573318632,560,471,89,0.1589285714285714
68362,test,f768cb9690430ba51fb5f8d36b27b779abd3b3734fc2f37a512e89c69a528a3a,female|T4,female,4,2019,2019-06-23,Women's World Cup,2019,816,590,226,0.2769607843137255,439,335,104,0.2369020501138952
69205,test,fafaebc9b5789352e99379ada15faf7019d36ea682e8163571517f8ad86f31c1,female|T4,female,4,2019,2019-06-29,Women's World Cup,2019,704,541,163,0.2315340909090909,369,290,79,0.2140921409214092
2275052,test,fbf4e311f97b2a58e3f63b703e8133b0b120399a94d288cccb1ea5ea9e10d4c2,female|T4,female,4,2019,2019-09-15,FA Women's Super League,2019/2020,739,565,174,0.2354533152909337,308,240,68,0.2207792207792207
2275131,test,f055337c5a14e59f6f3a63ba9ff2973a445293bcb291e776e3943929cab3715a,female|T4,female,4,2019,2019-09-29,FA Women's Super League,2019/2020,931,696,235,0.2524167561761546,489,378,111,0.2269938650306748
2275139,test,f76a9faba03e4822a96298e3b5811cadf6b67045ae0723e1bf39518b81e8b2e0,female|T4,female,4,2019,2019-10-13,FA Women's Super League,2019/2020,543,378,165,0.3038674033149171,280,206,74,0.2642857142857143
303715,test,eb0fd13f56343c79c73a0ca87b385bca808a6fa898648686ffefb4435c54a695,male|T4,male,4,2019,2019-11-23,La Liga,2019/2020,926,756,170,0.183585313174946,326,262,64,0.1963190184049079
2275072,test,f5b82b745ddac6fab5575429cbe9345f1c265b13a1362153c9bbab396e6fd6f5,female|T4,female,4,2020,2020-01-05,FA Women's Super League,2019/2020,755,514,241,0.319205298013245,368,268,100,0.2717391304347826
2275089,test,fbbfdacb9c2372552da00e8413849f8229d108d6a6d58794b06c38684f0dd1ed,female|T4,female,4,2020,2020-01-05,FA Women's Super League,2019/2020,1002,802,200,0.1996007984031936,548,449,99,0.1806569343065693
303682,test,f79cb58fc27f6a8387563c897d6b24a1703fa92ec257cb31015a40a6317b4e2d,male|T4,male,4,2020,2020-02-02,La Liga,2019/2020,1088,951,137,0.1259191176470588,561,490,71,0.1265597147950089
2275074,test,f81afc044e8b7a39dbbf82ba5f6cf0534692f27efe41aab364f65b89e923f473,female|T4,female,4,2020,2020-02-12,FA Women's Super League,2019/2020,954,760,194,0.2033542976939203,483,411,72,0.1490683229813664
2275106,test,fe06daf07824971675ee5c55d2c6c04db75132eceedb76c201665afc5ea23ac0,female|T4,female,4,2020,2020-02-12,FA Women's Super League,2019/2020,984,833,151,0.1534552845528455,584,511,73,0.125
303548,test,fd0d83147e7f45e68a6fcf0d55b3c6c5c401152cd50a8f6324fb086798639fdf,male|T4,male,4,2020,2020-06-13,La Liga,2019/2020,1072,916,156,0.1455223880597015,604,526,78,0.1291390728476821
303532,test,fbc763c25347252da4b85ba65689a441420f17e25e3e162f3ba55d4a9f36764e,male|T4,male,4,2020,2020-06-16,La Liga,2019/2020,1120,985,135,0.1205357142857142,539,480,59,0.1094619666048237
3764234,test,f56f88236969bcd00e08a6ec2baabea5c47606dce98a7a0f6448a685b4607d3b,female|T4,female,4,2020,2020-09-05,FA Women's Super League,2020/2021,920,747,173,0.1880434782608695,461,387,74,0.1605206073752711
3764232,test,fe23f15e8bbb97e8afe140cd2aaf3e5b8e47dfff08b13db95967436195cf3fd9,female|T4,female,4,2020,2020-09-06,FA Women's Super League,2020/2021,967,764,203,0.2099276111685625,524,436,88,0.1679389312977099
3764238,test,f928fb0f7fb888c32da19413b77ec6d3934a130b96e5719130017699c4e96c80,female|T4,female,4,2020,2020-09-12,FA Women's Super League,2020/2021,821,660,161,0.1961023142509135,467,397,70,0.1498929336188436
3764237,test,f1ab29aa857094f1afa23346aa87d3499fdfcc0f978bcaed6b932caebec84336,female|T4,female,4,2020,2020-09-13,FA Women's Super League,2020/2021,812,630,182,0.2241379310344827,433,350,83,0.1916859122401847
3775575,test,fcec41dabe8e4c173abf448bc6d3d7f59a24cf692745c0988b5da32abcfee17f,female|T4,female,4,2020,2020-10-03,FA Women's Super League,2020/2021,955,757,198,0.2073298429319371,521,432,89,0.1708253358925144
3775586,test,f1d56fc6b50c6aea781b56c9a992e531573225a5d752d12bf0e6c4079c272578,female|T4,female,4,2020,2020-10-18,FA Women's Super League,2020/2021,929,754,175,0.1883745963401507,406,344,62,0.1527093596059113
3775636,test,f09f573f20d898eef75c2e640b55209e2f43042e211fc36225ed28ad448b16c5,female|T4,female,4,2020,2020-10-18,FA Women's Super League,2020/2021,793,614,179,0.2257250945775536,408,328,80,0.196078431372549
3773585,test,fd98354fea99951ebdc02bcc0ca1ee55a22d3ac9bf88224e0e9f623a904bc4e9,male|T4,male,4,2020,2020-10-24,La Liga,2020/2021,1122,984,138,0.1229946524064171,647,571,76,0.1174652241112828
3775625,test,ff1d37adbb3937185b4909450a3734521e214f418ed1bddc2cc2ef2d80dcd03f,female|T4,female,4,2020,2020-11-07,FA Women's Super League,2020/2021,899,752,147,0.1635150166852058,201,168,33,0.1641791044776119
3775554,test,fdb5972db1de6e28a2683fd541391faf555b5f6548213e58261b20a242e3554e,female|T4,female,4,2020,2020-11-14,FA Women's Super League,2020/2021,739,486,253,0.3423545331529093,385,267,118,0.3064935064935065
3773660,test,f9a06b3cb0f954df75dac8411854d12a7184ccf8442dc7c82125797392baa165,male|T5,male,5,2020,2020-12-13,La Liga,2020/2021,1038,887,151,0.1454720616570327,494,428,66,0.1336032388663967
3775559,test,f54681f3fe4522afebe543747ce03eac1ca4edca97fac8c06eac4f081f7677eb,female|T5,female,5,2020,2020-12-20,FA Women's Super League,2020/2021,996,820,176,0.1767068273092369,574,489,85,0.1480836236933798
3775594,test,ea6e75138ba1f77ed0b6cb655d5e613dcbd231e832d577fcac227e1180fb72a5,female|T5,female,5,2021,2021-01-24,FA Women's Super League,2020/2021,792,608,184,0.2323232323232323,399,320,79,0.1979949874686716
3775646,test,f28c072ee306a52c821fbabd45a98d37f80eacbbaca6f008bacfc9ce0ede92bf,female|T5,female,5,2021,2021-01-27,FA Women's Super League,2020/2021,964,768,196,0.2033195020746888,441,363,78,0.1768707482993197
3775605,test,f24be88995690cb37b4f807318df95afb3c22d7fadc6930f4d0f1bb326507b84,female|T5,female,5,2021,2021-01-31,FA Women's Super League,2020/2021,1011,812,199,0.1968348170128585,596,504,92,0.1543624161073825
3773631,test,f0240d9ffe4d926aaf2d3a3683cf46d796cc7b250edd6c65ddeb3b99895df8bf,male|T5,male,5,2021,2021-02-07,La Liga,2020/2021,1100,961,139,0.1263636363636363,588,528,60,0.1020408163265306
3775591,test,fd63598b5f600e84884b844ac903c818ccd8483413979f0416a91fc5ea50ddd3,female|T5,female,5,2021,2021-03-07,FA Women's Super League,2020/2021,803,550,253,0.3150684931506849,391,283,108,0.2762148337595907
3775596,test,f7db47f1f2e60908e6968d29d9ce9008ca2e7ba83a1d9069501cc2b87f7d4c82,female|T5,female,5,2021,2021-03-17,FA Women's Super League,2020/2021,817,627,190,0.2325581395348837,376,305,71,0.1888297872340425
3775613,test,ea2e0c0db93d39be8e189e676262332a1b4acd1aac661837e4246830c38eb289,female|T5,female,5,2021,2021-03-27,FA Women's Super League,2020/2021,996,847,149,0.1495983935742972,593,518,75,0.1264755480607082
3775601,test,f89550b3f97528c70014e5ff8fa79d3ef02363f6a53ec177a87c3a49f4c55753,female|T5,female,5,2021,2021-05-02,FA Women's Super League,2020/2021,608,398,210,0.3453947368421052,350,240,110,0.3142857142857143
3788756,test,ed2b823bc4dd4b2d8713860f62a8e7a3ab9f93ca39a20a33e9be636d050030a0,male|T5,male,5,2021,2021-06-17,UEFA Euro,2020,958,783,175,0.1826722338204593,603,513,90,0.1492537313432835
3788760,test,eb931b1001657f601280408bc8fc81db18e262239e39261f16112e025c8df0f4,male|T5,male,5,2021,2021-06-18,UEFA Euro,2020,843,677,166,0.1969157769869513,507,419,88,0.1735700197238658
3788761,test,fdf8be0cad169c8ec1dd743dfd61a15556ef797e3dbd6f2fec5ccd508cc8bf5b,male|T5,male,5,2021,2021-06-18,UEFA Euro,2020,1011,876,135,0.1335311572700296,465,421,44,0.0946236559139784
3788776,test,f6f3bff29a14068b8635eb75d593bc54f1fdeed2a6658a5a336ea506cbe9ef45,male|T5,male,5,2021,2021-06-23,UEFA Euro,2020,722,514,208,0.2880886426592798,294,231,63,0.2142857142857142
3794691,test,ee1021ac4af365213d21ac248c46e3c347c3b5725ae59881c367d67c2a90da2c,male|T5,male,5,2021,2021-06-28,UEFA Euro,2020,1129,965,164,0.1452612931798051,522,457,65,0.1245210727969348
3795506,test,f9cc4395d56475e5f16b5d2a5c8fd33396a6c639de582ecd83341a1c5e1dc787,male|T5,male,5,2021,2021-07-11,UEFA Euro,2020,1214,1025,189,0.1556836902800659,552,487,65,0.1177536231884057
3802696,test,ec3f50764671893578ffe6b6cb10377aee6fee29775443b9d19df034665831b8,male|T5,male,5,2021,2021-08-29,Ligue 1,2021/2022,1071,914,157,0.1465919701213819,557,478,79,0.1418312387791741
3813285,test,fff2a0b21eb4fad6a415ee96df3a51fb181da330a3f5628745628f1a76e289fb,male|T5,male,5,2021,2021-12-11,Indian Super league,2021/2022,527,349,178,0.3377609108159393,247,176,71,0.2874493927125506
3813286,test,edcb56408f36534df1183baca25f63aa02e1ca0db2d4de56836133fe32ad1085,male|T5,male,5,2021,2021-12-15,Indian Super league,2021/2022,853,671,182,0.2133645955451348,388,316,72,0.1855670103092783
3813318,test,fb897b058da8de4f8dc56fe62f881c30553ab626c709cf9b6add5f157eb89355,male|T5,male,5,2021,2021-12-27,Indian Super league,2021/2022,706,544,162,0.2294617563739376,436,350,86,0.1972477064220183
3813295,test,fc5e59ffa198108da1f8eda24417adfeba25060762bb053b13188ceb8cf21c1c,male|T5,male,5,2021,2021-12-28,Indian Super league,2021/2022,721,546,175,0.2427184466019417,379,293,86,0.2269129287598944
3813302,test,f2a32a4bfd423962ff7df97f03003634e5e951137d8bfc2a5ec06119cb4a280c,male|T5,male,5,2022,2022-01-06,Indian Super league,2021/2022,794,573,221,0.2783375314861461,456,356,100,0.219298245614035
3817877,test,f15cca61bdd9c2f885474ca2d9a09cd06128cda3875df6b63fd3a5f542fa3b7f,male|T5,male,5,2022,2022-02-18,Indian Super league,2021/2022,749,580,169,0.2256341789052069,388,317,71,0.1829896907216494
3817900,test,ee53655276e586e52b07e6e7c7ee645fdaa92997a8f56e06ae37e9581141e9e2,male|T5,male,5,2022,2022-02-20,Indian Super league,2021/2022,759,566,193,0.2542819499341238,418,327,91,0.2177033492822966
3802709,test,f9f42f8eca8feabdb7687b38494d7c4a6b7c9bd44f2c7a49cbae86fe60ee1c21,male|T5,male,5,2022,2022-02-26,Ligue 1,2021/2022,972,843,129,0.132716049382716,519,464,55,0.1059730250481695
3817870,test,eb5bdfa4813f6fe67b2131bc64ecfb2da815d8309d26781f6fbe4d61fbb1174a,male|T5,male,5,2022,2022-03-06,Indian Super league,2021/2022,753,556,197,0.2616201859229747,390,322,68,0.1743589743589743
3827338,test,faa09bbe55822165dca52448e2a84d8314f114b7a470ec5cb42f1fa19c5da718,male|T5,male,5,2022,2022-03-12,Indian Super league,2021/2022,863,677,186,0.2155272305909617,429,361,68,0.1585081585081585
3835333,test,f144ed24742b2c5d9bcc183db4837448e1e3afd70e6821410344b68361d234a7,female|T5,female,5,2022,2022-07-14,UEFA Women's Euro,2022,948,775,173,0.1824894514767932,526,443,83,0.1577946768060836
3835342,test,f6c1ca6943a118432c7a97c66c9e6427cf122178cb03a5c90008a6722e25ac2e,female|T5,female,5,2022,2022-07-18,UEFA Women's Euro,2022,744,563,181,0.2432795698924731,422,346,76,0.1800947867298578
3844386,test,f740a18d7d1d386b7c24a78f34b1a0cab32f1837062645d7947ffb67499c0b2c,female|T5,female,5,2022,2022-07-22,UEFA Women's Euro,2022,810,589,221,0.2728395061728395,492,378,114,0.2317073170731707
3845506,test,ffbc42bbcc8acf994ac2732842879222259a96afffaa6b2392bc283683c550a6,female|T5,female,5,2022,2022-07-26,UEFA Women's Euro,2022,763,577,186,0.2437745740498034,420,332,88,0.2095238095238095
3845507,test,f5e9e6d9d9ed2130f1401c21d964bcdab533f7f35c9138b54f7575033e34cc02,female|T5,female,5,2022,2022-07-27,UEFA Women's Euro,2022,807,611,196,0.2428748451053283,458,374,84,0.1834061135371179
3837662,test,f1189ee04f7d076b6100ca1786d765ba87eb4cbb7717a8dbde1275a9befe29ec,male|T5,male,5,2022,2022-08-21,Ligue 1,2022/2023,1125,1010,115,0.1022222222222222,599,540,59,0.0984974958263772
3857282,test,f102cfa1d77bc509241e2587c95deb99781035461325a67fc2e78c28ef7c6ba7,male|T5,male,5,2022,2022-11-21,FIFA World Cup,2022,953,784,169,0.1773347324239244,446,377,69,0.1547085201793722
3857291,test,ec3ea7dacc0450c87b19db7b109cb118683393940cb036509d5f49df13a1c3cb,male|T5,male,5,2022,2022-11-23,FIFA World Cup,2022,1251,1107,144,0.1151079136690647,465,418,47,0.1010752688172043
3857298,test,fcdc29299b45c41eafc3406ce171d3375b06c0887f6ff1848fc3c474a3be9532,male|T5,male,5,2022,2022-11-24,FIFA World Cup,2022,995,843,152,0.1527638190954774,606,532,74,0.1221122112211221
3857273,test,fae6e53e55c5c03723a2480c6fa89082dec4b1a2e2cd771a9735369754d2ad5f,male|T5,male,5,2022,2022-11-25,FIFA World Cup,2022,822,596,226,0.2749391727493917,399,310,89,0.2230576441102756
3857288,test,fc954ab2570735006fde1551185623f841c8cadcb8329e9faced42d3892cd201,male|T5,male,5,2022,2022-11-26,FIFA World Cup,2022,836,590,246,0.2942583732057416,348,267,81,0.2327586206896551
3857278,test,f6223945920a8afa01c6b16ec0303370ddc64c14d2285dafcc1235fa6cfec4e9,male|T5,male,5,2022,2022-11-29,FIFA World Cup,2022,939,759,180,0.1916932907348242,530,448,82,0.1547169811320754
3857257,test,f43547fe5a6fe877a3e8f82732a880082551d9463a044f12b2860928a353e787,male|T5,male,5,2022,2022-11-30,FIFA World Cup,2022,956,729,227,0.2374476987447698,401,323,78,0.1945137157107231
3857292,test,f861003740d788aefddbf095d347a499b07c76d330b9d2ee5ff9e716285a4a8a,male|T5,male,5,2022,2022-12-01,FIFA World Cup,2022,1049,885,164,0.1563393708293613,629,548,81,0.1287758346581876
3857280,test,ebb5bb123a25182baeea7df94d6a4aaedbda7a42715ee1692f1650e3fb09b48f,male|T5,male,5,2022,2022-12-02,FIFA World Cup,2022,834,696,138,0.1654676258992805,367,315,52,0.1416893732970027
3869254,test,f37eb894f864ebf95b889128ed26dece5620a81db334700963e605be99035039,male|T5,male,5,2022,2022-12-06,FIFA World Cup,2022,913,754,159,0.1741511500547645,346,296,50,0.1445086705202312
3837827,test,fcee957709e2ae5afaa8e7857d7a1f22b26bc31e24101dff601f1e409ebe7298,male|T5,male,5,2023,2023-01-15,Ligue 1,2022/2023,1010,886,124,0.1227722772277227,458,411,47,0.1026200873362445
3881483,test,f64f27afc94840c0327586fea84a6a68bde89abc8acea66ed92671305b500cbd,female|T5,female,5,2023,2023-03-25,NWSL,2023,756,573,183,0.242063492063492,375,305,70,0.1866666666666666
3881501,test,f289060940777ed3e36ae59c5696aeb88213630a2fdb767cbd7e070f58952702,female|T5,female,5,2023,2023-04-23,NWSL,2023,877,685,192,0.2189281641961231,569,468,101,0.1775043936731107
3881504,test,f3b01951a9d848c383ffc937db5216d22838fc8c08e3f5d3e893470c44baeec8,female|T5,female,5,2023,2023-04-23,NWSL,2023,866,655,211,0.24364896073903,528,419,109,0.2064393939393939
3881535,test,f4b06e80a1021cae927c9407dd2aa63d26f505ff43127b0b6546231566c705f1,female|T5,female,5,2023,2023-05-28,NWSL,2023,855,677,178,0.2081871345029239,500,408,92,0.184
3881539,test,f558068271b98432738e79c20768901a4a12751c4314de64fe38795375b549db,female|T5,female,5,2023,2023-06-05,NWSL,2023,793,562,231,0.2912988650693568,422,324,98,0.2322274881516587
3881566,test,fe3b6569a018db626a1a8db960c4fb2de774ce7435c8adbe642d54e9775e3a52,female|T6,female,6,2023,2023-07-02,NWSL,2023,633,460,173,0.273301737756714,305,238,67,0.2196721311475409
3881569,test,eebdbf0e06f7f595396105bd34ab841ae944b15da6fd9b73aec6262306cc8d6f,female|T6,female,6,2023,2023-07-08,NWSL,2023,695,494,201,0.2892086330935252,392,300,92,0.2346938775510204
3893794,test,f5003bfcb664606b47e7212e18d514909e9762ddfe844a22e4d94c66d713263e,female|T6,female,6,2023,2023-07-22,Women's World Cup,2023,864,679,185,0.2141203703703703,541,444,97,0.1792975970425138
3902968,test,fd0f2bf837be670161b77548372adfc3d41f5c9f4819948f089f21144fbc94c6,female|T6,female,6,2023,2023-08-12,Women's World Cup,2023,844,587,257,0.3045023696682464,412,316,96,0.233009708737864
3906389,test,f2890341306cef6b0bf023a21843fbf23dc278be8b4d1c0e7d795e1e587ad8eb,female|T6,female,6,2023,2023-08-19,Women's World Cup,2023,775,561,214,0.2761290322580645,316,248,68,0.2151898734177215
3881580,test,edc55b6d9ed4c7644cf9b3aa76a887f5552b953aa1729be529a5b07bbedbd50c,female|T6,female,6,2023,2023-08-28,NWSL,2023,823,645,178,0.2162818955042527,427,359,68,0.1592505854800937
3895067,test,f68b5c8d7c763ed88a42c54a810ce5aa8e61b6912d415e4d3cebbe5186c9788e,male|T6,male,6,2023,2023-09-02,1. Bundesliga,2023/2024,1060,902,158,0.1490566037735849,532,458,74,0.1390977443609022
3881586,test,f2209de24391e0a2fe917d41f7290e0e2327b374d41b9f270fc13057b02e8104,female|T6,female,6,2023,2023-09-03,NWSL,2023,822,643,179,0.2177615571776155,464,380,84,0.1810344827586207
3910730,test,f41ad150ade9f2d62c1f32b4ac36d83497423798455c65b712d1c7baae566136,female|T6,female,6,2023,2023-09-15,Frauen Bundesliga,2023/2024,950,735,215,0.2263157894736842,418,337,81,0.1937799043062201
3881594,test,f0a560fd3d376c27ffa28e65c18124ebc3475cc8ab9891cfbbeb6d4937c4bc22,female|T6,female,6,2023,2023-09-17,NWSL,2023,762,560,202,0.2650918635170604,409,313,96,0.2347188264058679
3910751,test,fa1d1fe43be9abe0795939176f73aee2ecbd62ba8fbee5babfa62b75581ce8af,female|T6,female,6,2023,2023-09-17,Liga F,2023/2024,758,556,202,0.2664907651715039,423,336,87,0.2056737588652482
3910935,test,fec07355212f7af1e563ede2f25c6e7b8fa408fca4b721bbdfcde4e3feab8ffa,female|T6,female,6,2023,2023-10-01,Liga F,2023/2024,907,738,169,0.1863285556780595,471,396,75,0.1592356687898089
3911871,test,fb7bb66d85f65741da7a393829a5b1f5211f0501df6cc5cebbd3cb8efe6e7959,female|T6,female,6,2023,2023-10-01,Serie A Women,2023/2024,655,454,201,0.3068702290076336,334,250,84,0.2514970059880239
3910738,test,efdf31d48ac47d9e1a75ae9d7333fd72a09d1e927d0d46ec03b67c8ecc58cb5d,female|T6,female,6,2023,2023-10-04,Liga F,2023/2024,811,614,197,0.2429099876695437,362,290,72,0.1988950276243093
3910942,test,fc8681b3c249d4766900daf76960a34faf57ef73ce17183639d3e1b148875549,female|T6,female,6,2023,2023-10-07,Liga F,2023/2024,750,584,166,0.2213333333333333,405,343,62,0.1530864197530864
3912479,test,eeb78166884476d985040573ce2032f9d04247b29e2da0ca85b8f15781955c29,female|T6,female,6,2023,2023-10-07,Serie A Women,2023/2024,719,514,205,0.2851182197496523,304,232,72,0.2368421052631578
3910946,test,f3e9a70e93487c986bd4c8143674d3e3f845e182c817502403acc0d879dabfc2,female|T6,female,6,2023,2023-10-09,Liga F,2023/2024,798,612,186,0.2330827067669172,418,344,74,0.1770334928229665
3912486,test,fa0e05f8ef7577fa5e1f2a29e9287204f51735f314054a2ba55fcadf2184972a,female|T6,female,6,2023,2023-10-15,Serie A Women,2023/2024,700,530,170,0.2428571428571428,319,262,57,0.1786833855799373
3913070,test,ec54608c1690ad4a9e8a469ed28f8898236245a8ff3b3637740b849ad8c4b62d,female|T6,female,6,2023,2023-10-15,FA Women's Super League,2023/2024,971,761,210,0.2162718846549948,588,472,116,0.1972789115646258
3910955,test,f737fa09318a3c8856a27ee9a063ad584c26682a9e47112ba355c33d315ea036,female|T6,female,6,2023,2023-10-21,Liga F,2023/2024,935,745,190,0.2032085561497326,547,453,94,0.1718464351005484
3910958,test,fa35fb63120477801ebac9f626fa78b6779263581dd9fd3f72b34a64935a48ca,female|T6,female,6,2023,2023-10-21,Liga F,2023/2024,791,637,154,0.1946902654867256,405,351,54,0.1333333333333333
3877194,test,f89dd219fa8c7040db8278fccb586133526c9c5fa287c39a9828175eb32d8f52,male|T6,male,6,2023,2023-10-22,Major League Soccer,2023,959,763,196,0.2043795620437956,550,431,119,0.2163636363636363
3910961,test,ed35a1a62e51cb74602bae6a25e5d09ee68457af1abde0d69a4878338b8dfed9,female|T6,female,6,2023,2023-10-22,Liga F,2023/2024,855,654,201,0.2350877192982456,353,282,71,0.2011331444759206
3910966,test,f34a9de2308b8a90981ec7a1c4ba95907659fef638857dd0bacd8dfd98f6f46f,female|T6,female,6,2023,2023-11-04,Liga F,2023/2024,843,632,211,0.2502965599051008,323,259,64,0.1981424148606811
3915110,test,fe6882e29a2754f36d7d52242849c5873fb57e6f62fd03e68294e70751a1fd38,female|T6,female,6,2023,2023-11-06,NWSL,2023,899,715,184,0.2046718576195773,541,450,91,0.1682070240295748
3911790,test,f6b4554773cb46ef09e572021b039780d11ce0750d7621211b8605c0fe00d57b,female|T6,female,6,2023,2023-11-11,Frauen Bundesliga,2023/2024,745,510,235,0.3154362416107382,428,320,108,0.2523364485981308
3910972,test,f894c25175ee3695420f4ece848e2855117a2ecd3b07691581c31fe276e9d4e0,female|T6,female,6,2023,2023-11-12,Liga F,2023/2024,727,508,219,0.3012379642365887,354,269,85,0.2401129943502825
3913087,test,f0ddcb27edb85f8a01a919e17fa32a0dd68c6e4cc51762c3765e33ac2e6a429f,female|T6,female,6,2023,2023-11-12,FA Women's Super League,2023/2024,958,761,197,0.2056367432150313,568,459,109,0.1919014084507042
3913091,test,f4e8fabb05689ae57b629644845e23504b85b170fc861cf2d9204a2d6652000a,female|T6,female,6,2023,2023-11-12,FA Women's Super League,2023/2024,772,620,152,0.1968911917098445,442,381,61,0.1380090497737556
3910984,test,eec30ac6f3930b49ccde9fc0e34aac1cd55dc4ee1901c0267b1811dd0d7bd55f,female|T6,female,6,2023,2023-11-19,Liga F,2023/2024,797,615,182,0.2283563362609786,413,333,80,0.1937046004842615
3910986,test,f3c67d0b47c5c564d57b5a8a7ae228f31c48963ff7471c24f654e0f09e0aa881,female|T6,female,6,2023,2023-11-19,Liga F,2023/2024,1056,926,130,0.1231060606060606,595,534,61,0.1025210084033613
3913097,test,fb5fad8c428ce1d9b5219771d0ba5cd8ccac655cea70e29bc500af4a64532e7f,female|T6,female,6,2023,2023-11-19,FA Women's Super League,2023/2024,892,672,220,0.2466367713004484,463,376,87,0.1879049676025918
3912508,test,f277cefa24a480b3e5135e604a4f61a90c320203bd1f5e3d80d3832035142574,female|T6,female,6,2023,2023-11-25,Serie A Women,2023/2024,635,458,177,0.2787401574803149,337,266,71,0.2106824925816023
3910987,test,f71748e7399b35853ed0f1e10afe58005f3453f16171db29cadcd946ab3b9efe,female|T6,female,6,2023,2023-11-26,Liga F,2023/2024,907,735,172,0.1896361631753031,518,442,76,0.1467181467181467
3911801,test,ff0c2b613c7911795edeb74b72b9566ba497b83f26f94a1f3415b106a34be443,female|T6,female,6,2023,2023-12-08,Frauen Bundesliga,2023/2024,573,350,223,0.3891797556719022,321,223,98,0.3052959501557632
3911002,test,f18975522a77a89c389cecea1c5cd47f0c7b3f8556a977d677e75e8ea38d535c,female|T6,female,6,2023,2023-12-10,Liga F,2023/2024,794,578,216,0.2720403022670025,430,329,101,0.2348837209302325
3912184,test,ea55596292467f049e755ac4493d4d02e1c66d322838f10cd2b72033a4e1d491,female|T6,female,6,2023,2023-12-16,Frauen Bundesliga,2023/2024,952,750,202,0.2121848739495798,566,469,97,0.1713780918727915
3912185,test,feb9a2fca9fb37632a5fb30f68d4880762d27f9a288bc20723a56187d36bfcd5,female|T6,female,6,2023,2023-12-16,Frauen Bundesliga,2023/2024,838,602,236,0.2816229116945107,445,348,97,0.2179775280898876
3911007,test,ef78e2d85b3723a6726ddf5bed9c8c1ce73e82d9c4f0acc8a711e72073660570,female|T6,female,6,2023,2023-12-17,Liga F,2023/2024,847,697,150,0.1770956316410862,518,434,84,0.1621621621621621
3913115,test,f66e7716d38227d761655db29f168397e881c0e750bf6b7815769760b0a9027d,female|T6,female,6,2023,2023-12-17,FA Women's Super League,2023/2024,790,617,173,0.2189873417721519,391,327,64,0.1636828644501279
3911293,test,fbe98911f9a53248f190587b2f52ead721b2e7da375868f885e0aaa9525dff7a,female|T6,female,6,2024,2024-01-06,Liga F,2023/2024,992,797,195,0.1965725806451612,562,466,96,0.1708185053380783
3911292,test,ecf9de77dab4c454f8056cfca3dc4b816525551d08639e0f5a1dfa6576c7f283,female|T6,female,6,2024,2024-01-07,Liga F,2023/2024,922,743,179,0.1941431670281995,499,420,79,0.158316633266533
3911296,test,ff6b0ea2e24930cea8457699783d1f61e0a606cd188ac46630de154e59bed394,female|T6,female,6,2024,2024-01-07,Liga F,2023/2024,906,739,167,0.184326710816777,460,379,81,0.1760869565217391
3920389,test,fd2fdeec2042978e7401e092047a073773e2a7d03249584bcee034f440d5be99,male|T6,male,6,2024,2024-01-15,African Cup of Nations,2023,640,490,150,0.234375,245,193,52,0.2122448979591836
3920390,test,f8019a4160e483bbd6e2754fd05067984651a5eb5f0a6f0b54e648fb80f80e48,male|T6,male,6,2024,2024-01-15,African Cup of Nations,2023,774,617,157,0.2028423772609819,239,197,42,0.1757322175732217
3911300,test,f12c41d176e32bfe562142fa918ad437535740d7ef7accbbc84f34a014a2167d,female|T6,female,6,2024,2024-01-20,Liga F,2023/2024,848,625,223,0.2629716981132075,492,393,99,0.2012195121951219
3911301,test,f359e441132380fa73ad50a73a37ce3a5f0cfbdae051095ba2733b68d2298ba6,female|T6,female,6,2024,2024-01-20,Liga F,2023/2024,1054,864,190,0.1802656546489563,563,479,84,0.1492007104795737
3913121,test,fed40a7a69d2ca353ddf6dc72f22c2b2f778c6eabfd491f46c6fbeea7c75c2fe,female|T6,female,6,2024,2024-01-21,FA Women's Super League,2023/2024,940,729,211,0.2244680851063829,586,474,112,0.1911262798634812
3920408,test,fe9f2c72afb84b1a49d213fb33d8073fb717df67bf789827598f322df7e2470f,male|T6,male,6,2024,2024-01-22,African Cup of Nations,2023,559,428,131,0.2343470483005366,231,179,52,0.2251082251082251
3920409,test,e33d04c5a2d94d38051197604c1f7d304a8714259fb74dba9892783a48afb158,male|T7,male,7,2024,2024-01-22,African Cup of Nations,2023,806,688,118,0.1464019851116625,336,296,40,0.119047619047619
3911315,test,f61de690f8e991ff99c6486fa4a36e533d748d3a5cc368d62e1c9277487eac24,female|T7,female,7,2024,2024-01-28,Liga F,2023/2024,1021,857,164,0.1606268364348677,606,526,80,0.132013201320132
3912188,test,ffd4a1de1dc766fc3757a679e6dfb056db52a7b3b3bec219d97378f27b3b9d48,female|T7,female,7,2024,2024-01-28,Frauen Bundesliga,2023/2024,701,509,192,0.2738944365192582,288,226,62,0.2152777777777778
3912532,test,f3a3a04d789da647ade686ad909fe53f23b1a00f6cbd7670dc7a6f9d7ddf8ea6,female|T7,female,7,2024,2024-01-28,Serie A Women,2023/2024,802,592,210,0.2618453865336658,433,348,85,0.1963048498845265
3922242,test,fe4d1259b5d02b1448a9c8f52c8878f20218915f5b10bd857c608c6155357a6e,male|T7,male,7,2024,2024-01-29,African Cup of Nations,2023,975,791,184,0.1887179487179487,460,382,78,0.1695652173913043
3922321,test,fedf47e8e285e9c440b0171a2720efa9792d6c3b8b29ae612c9029e93a212164,male|T7,male,7,2024,2024-02-02,African Cup of Nations,2023,711,566,145,0.2039381153305204,280,228,52,0.1857142857142857
3912555,test,ed184c17974450f2c31d0a2fb42ef5b14f66832f8e7f0e48b04470c8fd320a91,female|T7,female,7,2024,2024-02-03,Serie A Women,2023/2024,701,514,187,0.2667617689015691,312,244,68,0.2179487179487179
3922658,test,e1bf77e12c53ab55b7c7e6c769695f36db2bb2a08538ec6d4fb0ae63ef0b88e1,male|T7,male,7,2024,2024-02-03,African Cup of Nations,2023,947,736,211,0.2228088701161562,484,400,84,0.1735537190082644
3922838,test,ede2d1e989c3da275d86246ee5d95aca978697153e95af7b9152bf95bddc8205,male|T7,male,7,2024,2024-02-07,African Cup of Nations,2023,625,484,141,0.2256,309,258,51,0.1650485436893204
3912203,test,f3931d48fa44606ec42d6979a9de469e6f37ace09e8290c22c5a11eb418df22e,female|T7,female,7,2024,2024-02-10,Frauen Bundesliga,2023/2024,929,741,188,0.2023681377825619,415,342,73,0.1759036144578313
3912541,test,f5631766db97d3a4fbac6cf6bb73ad4a1f18b920db277420d9220d677670930c,female|T7,female,7,2024,2024-02-10,Serie A Women,2023/2024,736,468,268,0.3641304347826087,378,277,101,0.2671957671957672
3912544,test,ee4e6966e4e5bf7275e5dffd754b1e7bc3f09c085114f766103a0077ba1ebca9,female|T7,female,7,2024,2024-02-11,Serie A Women,2023/2024,826,632,194,0.234866828087167,449,368,81,0.1804008908685968
3911307,test,f9b3e54556cf92e7de39074aecd088289285faeb6de1a3358e7980fb3df6ee84,female|T7,female,7,2024,2024-02-14,Liga F,2023/2024,894,740,154,0.1722595078299776,510,439,71,0.1392156862745098
3912210,test,ede045bf5fb459649bd017ef79ec005f3b13c22dd674ba15f8076a688b77b0e4,female|T7,female,7,2024,2024-02-16,Frauen Bundesliga,2023/2024,850,611,239,0.2811764705882353,396,302,94,0.2373737373737373
3912208,test,f6d55cd8275a0a4475bcd2713ace63990464d81e740d2576f63fd5005b67a949,female|T7,female,7,2024,2024-02-18,Frauen Bundesliga,2023/2024,891,678,213,0.239057239057239,472,391,81,0.1716101694915254
3913143,test,f0bba8e3ee5703159f8d96412933ecdbb799fb75ec93e4a997e9478bd9724929,female|T7,female,7,2024,2024-03-02,FA Women's Super League,2023/2024,981,824,157,0.1600407747196738,475,409,66,0.1389473684210526
3911496,test,eded401f79eacc89c7c83fed53e4395abc3c23704680a0a3f8cfbaeb0dce8363,female|T7,female,7,2024,2024-03-10,Liga F,2023/2024,811,631,180,0.2219482120838471,361,283,78,0.2160664819944598
3911497,test,f670ce4f0b2a41d916b75af4b50017eee4f082cb2906e5dcd9913fe7f1dbccca,female|T7,female,7,2024,2024-03-10,Liga F,2023/2024,790,564,226,0.2860759493670886,415,316,99,0.2385542168674699
3913151,test,f32842cb5533e01eadace2667524b2e6b9b5edde9d4743a482e66a08e2326c69,female|T7,female,7,2024,2024-03-17,FA Women's Super League,2023/2024,886,710,176,0.1986455981941309,492,407,85,0.1727642276422764
3913156,test,f66b66a5b4a9e2283371d32faaa189786ae98693b7063e7f8b2bc8640809568f,female|T7,female,7,2024,2024-03-24,FA Women's Super League,2023/2024,1091,921,170,0.1558203483043079,646,559,87,0.1346749226006192
3928990,test,f40a45df4eabe94c2801072183c7726b131c04c827d23b3d3cceea441ddf2c00,female|T7,female,7,2024,2024-03-24,Serie A Women,2023/2024,825,632,193,0.2339393939393939,443,349,94,0.2121896162528216
3911523,test,f8606f58191e6f7862b15fecdadc57036717000fba2309a2ff40356cae16feef,female|T7,female,7,2024,2024-03-31,Liga F,2023/2024,645,432,213,0.3302325581395349,323,237,86,0.2662538699690402
3911530,test,f7aa5a92b2e11e9a9d5dd4ac4f67123e97d3559b1a397bb5c208a1f610944f7d,female|T7,female,7,2024,2024-04-13,Liga F,2023/2024,674,483,191,0.2833827893175074,340,264,76,0.2235294117647059
3911534,test,f60de04859050ed80c87b95849e92042a41660c896cdde7174e8a225b2b59414,female|T7,female,7,2024,2024-04-13,Liga F,2023/2024,660,414,246,0.3727272727272727,293,201,92,0.3139931740614334
3912233,test,fcc8740f78aabfe3133f2e77bf16ab1226475c3eb586c02aaa0e466a9065e3f8,female|T7,female,7,2024,2024-04-14,Frauen Bundesliga,2023/2024,894,672,222,0.2483221476510067,577,461,116,0.2010398613518197
3928999,test,ff4c6226504e20a36d93035ad0f266a68dabcd2303dea5ffa36098b98e637585,female|T7,female,7,2024,2024-04-14,Serie A Women,2023/2024,792,583,209,0.2638888888888889,419,322,97,0.2315035799522673
3911550,test,ef46a839c174fde5676b5af40d2424dbb89794a739c5965262b09877c5929379,female|T7,female,7,2024,2024-04-27,Liga F,2023/2024,774,631,143,0.1847545219638243,397,348,49,0.1234256926952141
3913174,test,f72a9e2b484cd2a7d12124ec99a6ea0fdb719c73404157626fd3c0f23024a83e,female|T7,female,7,2024,2024-04-28,FA Women's Super League,2023/2024,953,805,148,0.155299055613851,465,399,66,0.1419354838709677
3913176,test,ef033e59c453b00bad3fabe348e354e6c90cfa33a978a007d9378f76557d81cc,female|T7,female,7,2024,2024-04-28,FA Women's Super League,2023/2024,894,746,148,0.1655480984340044,459,396,63,0.1372549019607843
3929011,test,f363396b2790c658888cfd30c671ff0d957831605955d27b6416eca2bb33a990,female|T7,female,7,2024,2024-05-01,Serie A Women,2023/2024,749,564,185,0.246995994659546,376,303,73,0.1941489361702127
3913182,test,fba8a160e1a333c438e8e58860e9be64755c2266e2a905dce7392d4a405cc6e9,female|T7,female,7,2024,2024-05-04,FA Women's Super League,2023/2024,953,747,206,0.2161594963273872,584,486,98,0.1678082191780822
3911565,test,f5d69ce995163fb0d3a4bbcaef001371ce95012e44442000f4f20e3959c05a3b,female|T7,female,7,2024,2024-05-12,Liga F,2023/2024,790,555,235,0.2974683544303797,507,398,109,0.2149901380670611
3911633,test,f2884099220893543f92be0b264c3d31d9e10350dd4757d357aa8add79bb97f9,female|T7,female,7,2024,2024-06-09,Liga F,2023/2024,620,382,238,0.3838709677419354,287,195,92,0.3205574912891986
3911635,test,f9ba18963691db75aae828c327c1208c891b2d0e04a75a01a9f7fa4fbc17da2a,female|T7,female,7,2024,2024-06-09,Liga F,2023/2024,761,551,210,0.2759526938239159,447,337,110,0.2460850111856823
3911641,test,ff3351b81a3b04eb57f3a3bccf7d22ae1a9efe9f50c0684ccb0aba9757d61209,female|T7,female,7,2024,2024-06-14,Liga F,2023/2024,832,683,149,0.1790865384615384,462,384,78,0.1688311688311688
3911644,test,fcaca5377af19d5444e7f3e0f5e522076eb0e385a4c08e960f7ed34f6fdb0660,female|T7,female,7,2024,2024-06-15,Liga F,2023/2024,671,436,235,0.3502235469448584,345,255,90,0.2608695652173913
3930168,test,ffa5dcd798cb4887f79add922b533a811ee2b36e664b7859ad64139c43e1f7f3,male|T7,male,7,2024,2024-06-19,UEFA Euro,2024,1015,896,119,0.1172413793103448,561,511,50,0.089126559714795
3930175,test,efb20583e622e67d0992221668ae493417e7fed6d978d72351efb81d4d4bba7d,male|T7,male,7,2024,2024-06-22,UEFA Euro,2024,760,627,133,0.175,306,258,48,0.1568627450980392
3938642,test,ecb7f2b47f086e4c04dd35d1eed1ae70bb57802330fad4d2d4ba2cf1856b4b6c,male|T7,male,7,2024,2024-06-22,UEFA Euro,2024,825,665,160,0.1939393939393939,392,332,60,0.1530612244897959
3939973,test,f0456a2d3783c2ad21a24a11b5583e9ad00566879426c029b5f6ffffa435132d,male|T7,male,7,2024,2024-06-24,Copa America,2024,721,566,155,0.2149791955617198,293,246,47,0.1604095563139931
3930180,test,f8b8babf46428165d5901873674af78f1691b40daaa38efce7b624781dfc654e,male|T7,male,7,2024,2024-06-25,UEFA Euro,2024,817,650,167,0.204406364749082,338,287,51,0.150887573964497
3930181,test,fa53cdedf0a15462c1f82bfbcfa6619a5cbb03ba2657d87c257b32eb1ef76f2c,male|T7,male,7,2024,2024-06-25,UEFA Euro,2024,1011,874,137,0.135509396636993,581,517,64,0.1101549053356282
3942785,test,e4fbc7984e3c5fa10707097788e0ca0e54b34090194e1ca90006bc912b1c394e,male|T7,male,7,2024,2024-07-10,Copa America,2024,916,789,127,0.1386462882096069,603,531,72,0.1194029850746268
3998850,test,fcf8326e5d633054139a077c120dab6868f42e90c41928d790067c0ca5757fcd,female|T7,female,7,2025,2025-07-09,UEFA Women's Euro,2025,806,653,153,0.1898263027295285,398,338,60,0.1507537688442211
3998858,test,f1997a6a5df6410ab731105982479e834d294703be4c4a14962d37183f43cfed,female|T7,female,7,2025,2025-07-13,UEFA Women's Euro,2025,946,784,162,0.1712473572938689,470,409,61,0.1297872340425531
3998859,test,f39b96ea97012a39e52511f6273c5dfe153c28383c79241cf87a0fac683e09c9,female|T7,female,7,2025,2025-07-13,UEFA Women's Euro,2025,652,498,154,0.2361963190184049,311,262,49,0.157556270096463
4018355,test,fef11a56b67a58ec7abf107720341555dfad2b96395e18b9b5c6f08e51aa408d,female|T7,female,7,2025,2025-07-17,UEFA Women's Euro,2025,918,613,305,0.332244008714597,460,336,124,0.2695652173913043
4018357,test,efe508b06ee1a6228979abd615a524362e9988e10f2f9b2cbc68f0be8bccc765,female|T7,female,7,2025,2025-07-19,UEFA Women's Euro,2025,897,664,233,0.2597547380156075,367,270,97,0.2643051771117166
3749493,training,8618826dbafc2a4f401a24445902b1a765249ecb4fb683e0c6b1a7c9efe168be,male|T0,male,0,2003,2003-08-16,Premier League,2003/2004,687,497,190,0.2765647743813683,355,277,78,0.2197183098591549
3749358,training,544b728cc35ae50617a47130d33d7bd6e9453e9c0bc57eae0bf943f90fc3b13a,male|T0,male,0,2003,2003-08-24,Premier League,2003/2004,1047,862,185,0.1766953199617956,644,539,105,0.1630434782608695
3749108,training,90a3b58884458c8767bbd95a468c1281afd98270a038fe4f994803d18e3491a2,male|T0,male,0,2003,2003-08-27,Premier League,2003/2004,796,600,196,0.2462311557788944,476,373,103,0.2163865546218487
3749454,training,9c1d97c4986cf6b221c11ec6e9abce842dd624f0984c2072b10f54838120a36f,male|T0,male,0,2003,2003-08-31,Premier League,2003/2004,887,608,279,0.314543404735062,516,385,131,0.253875968992248
3749552,training,73fd77937f941efef4a7e1089698488a5e5a1943dd2c952407ac6f54d88abb9e,male|T0,male,0,2003,2003-09-21,Premier League,2003/2004,906,697,209,0.2306843267108168,532,437,95,0.1785714285714285
3749528,training,8a30c56ceda277dc33316319280ab6b0354979817af5127f405c1f354765bd15,male|T0,male,0,2003,2003-09-26,Premier League,2003/2004,802,568,234,0.2917705735660847,373,279,94,0.2520107238605898
3749253,training,6f49cbd1770c9674e7549a214b3f65dbb1a9c11532c227303d65f9705c680654,male|T0,male,0,2003,2003-10-04,Premier League,2003/2004,828,626,202,0.2439613526570048,360,289,71,0.1972222222222222
3749079,training,58aaad55b67c622dbe404337313ae3f6bfcb28aabfe28a5f01510b8b50766a2c,male|T0,male,0,2003,2003-10-18,Premier League,2003/2004,884,702,182,0.2058823529411764,483,403,80,0.165631469979296
3749526,training,56d597d388a0df830442c19da50352b10bf25a3a4df37c852b3d9fddbfd994d8,male|T0,male,0,2003,2003-10-26,Premier League,2003/2004,840,617,223,0.2654761904761905,439,352,87,0.1981776765375854
3749346,training,165fe842eb78a58fa6adebf7cf1d9a3f8184bcb004f48bbebfc7e7deda82d86d,male|T0,male,0,2003,2003-11-01,Premier League,2003/2004,837,606,231,0.2759856630824372,417,327,90,0.2158273381294964
3749196,training,145e872700542e36086d5689197b73579a21536ddbe8d6330fc0d9e86706bb55,male|T0,male,0,2003,2003-11-08,Premier League,2003/2004,629,414,215,0.34181240063593,261,182,79,0.3026819923371647
3749192,training,29af2f8145cee4a0bc08f0eef48635290d070b310a4bbfc346920e5d7b4a989c,male|T0,male,0,2003,2003-11-30,Premier League,2003/2004,917,711,206,0.2246455834242093,393,326,67,0.1704834605597964
3749590,training,216a13bfd931ca894fd897258a9220dcb2922cc113a6f8b1ab298f35b12c811b,male|T0,male,0,2003,2003-12-06,Premier League,2003/2004,809,592,217,0.2682323856613102,433,331,102,0.2355658198614318
3749360,training,7becb8bce952a640d0c92d1892804ccf47e54e961cf726c494ee9a7c67bcc3bd,male|T0,male,0,2003,2003-12-14,Premier League,2003/2004,949,710,239,0.2518440463645943,553,443,110,0.1989150090415913
3749278,training,1ce43c380fafb37c6b476613f320b8db5fd5a85b501c660264edda56c032fee7,male|T0,male,0,2003,2003-12-20,Premier League,2003/2004,712,506,206,0.2893258426966292,340,262,78,0.2294117647058823
3749522,training,1eff1cd1f69650eba97c67befa596da064145923a85891a114ea2bace1b36e62,male|T0,male,0,2003,2003-12-26,Premier League,2003/2004,897,711,186,0.2073578595317725,355,291,64,0.180281690140845
3749117,training,18957e25476a6c742ecf827f5c720773f676823f008ff4f8f4f54ec63dd1d6f0,male|T0,male,0,2004,2004-01-07,Premier League,2003/2004,764,535,229,0.299738219895288,396,305,91,0.2297979797979798
3749233,training,2cd2894b13184d903465360a2e91cb85c8c8f24882b5ebf9a028930ad875988b,male|T0,male,0,2004,2004-02-01,Premier League,2003/2004,863,650,213,0.2468134414831981,422,331,91,0.2156398104265403
3749052,training,0d54deb99486809a6ccde457495b085813ce2406ee64ef4db3ab4f86fa765d05,male|T0,male,0,2004,2004-02-07,Premier League,2003/2004,830,599,231,0.2783132530120482,417,318,99,0.237410071942446
3749631,training,6c8e0ec21366b4ec55599051803dfa65e56d377d83e4bc7af8501c2bfc673d6d,male|T0,male,0,2004,2004-02-10,Premier League,2003/2004,774,511,263,0.3397932816537468,308,230,78,0.2532467532467532
3749276,training,94d58b6a3908e9b7941c4efd60fabe8a479b92d706ba80e1e37e22bb941c6dc9,male|T0,male,0,2004,2004-02-21,Premier League,2003/2004,766,580,186,0.2428198433420365,331,264,67,0.202416918429003
3749465,training,27acb640435591f7b3a1e323ff6511055384d29091ba368d013e5e3b98de7ff0,male|T0,male,0,2004,2004-03-13,Premier League,2003/2004,977,753,224,0.2292732855680655,595,492,103,0.173109243697479
3749403,training,06ec4988a1e78dbfc8a53daf336c8917a8e45fc341600c5de05922d2bfb0856a,male|T0,male,0,2004,2004-03-20,Premier League,2003/2004,801,598,203,0.2534332084893883,384,303,81,0.2109375
3749246,training,3b61c41924635e48b46ec1585ead3162a6bb9b42b53e2f97a2af99e151831325,male|T0,male,0,2004,2004-03-28,Premier League,2003/2004,707,525,182,0.2574257425742574,371,292,79,0.2129380053908355
3749448,training,096152204af9511f49e78d3714d3c5a2a30673be24db3538635c7cfee72c3a4b,male|T0,male,0,2004,2004-04-09,Premier League,2003/2004,777,594,183,0.2355212355212355,375,315,60,0.16
3749431,training,63b7568cdfb2203ad7e85e630a0412787b20110dd4f0a0f536fa8d7e0d483936,male|T0,male,0,2004,2004-04-11,Premier League,2003/2004,806,557,249,0.3089330024813895,471,348,123,0.2611464968152866
3749453,training,30174065b354ef16bd59221cfd6a9f8be954da4e1535153156786e08c7e89560,male|T0,male,0,2004,2004-04-16,Premier League,2003/2004,875,668,207,0.2365714285714285,458,356,102,0.222707423580786
3749068,training,8c2092054b4647a34f45a9355427683a430dd90b1e76e423e61de34ce7425aff,male|T0,male,0,2004,2004-04-25,Premier League,2003/2004,759,611,148,0.1949934123847167,320,272,48,0.15
3749462,training,2e71a0f333affda684ba2592f14c2cf52d24213f6cdc77c2ee1dbbb3a1fe4470,male|T0,male,0,2004,2004-05-01,Premier League,2003/2004,1001,803,198,0.1978021978021978,645,530,115,0.1782945736434108
3749603,training,22978370c94cc30b519b70f99ef717f00a8f5ca695ca42c9d412aea1d374c0bd,male|T0,male,0,2004,2004-05-09,Premier League,2003/2004,859,614,245,0.2852153667054715,399,301,98,0.2456140350877192
3749257,training,7a2cce91b4c405cb60470233c699708ac0f1f2c69701e92b6cd243bc19e32107,male|T0,male,0,2004,2004-05-15,Premier League,2003/2004,892,738,154,0.1726457399103139,408,343,65,0.159313725490196
3752619,training,a3cc6eeb964a5db78a2093b24fb729954378a3f1d062366d33272ab43d921103,male|T0,male,0,2004,2004-05-26,Champions League,2003/2004,801,544,257,0.3208489388264669,408,294,114,0.2794117647058823
68313,training,7826a7e2fab83e3f24eca83ef433e034fa24d93129ad3e6353a88e2b920d1280,male|T0,male,0,2004,2004-10-24,La Liga,2004/2005,728,539,189,0.2596153846153846,422,325,97,0.2298578199052132
68314,training,042e170a7c0b7c13269c4e865252312ea35eac02dbac38d059d464b18fb1ab24,male|T0,male,0,2004,2004-12-04,La Liga,2004/2005,805,641,164,0.2037267080745341,368,298,70,0.1902173913043478
69153,training,aa5f9ad6b8a96b04194abbc1e62517f70b47c170d2241f9903d39cb409527f32,male|T0,male,0,2004,2004-12-11,La Liga,2004/2005,739,507,232,0.3139377537212449,346,262,84,0.2427745664739884
68315,training,2a65bac10e633692f73548bc417471ace83a069dacefbfb9d69ac069f35a7835,male|T0,male,0,2004,2004-12-21,La Liga,2004/2005,749,569,180,0.240320427236315,426,340,86,0.2018779342723004
68316,training,9bba8523a5b864d0e05547f5b4466c8f491359435c98e441487a1c8e1007f974,male|T0,male,0,2005,2005-05-01,La Liga,2004/2005,861,706,155,0.1800232288037166,487,418,69,0.1416837782340862
2302764,training,422d84ba6bf42ebad8d63a64891779e9d102849bb786fd689ef0b58968f348c8,male|T0,male,0,2005,2005-05-25,Champions League,2004/2005,1129,884,245,0.2170062001771479,651,534,117,0.1797235023041474
68317,training,5b9d59db329da8f6653ba4a13dc237807e7a39b05702f9129c1c6c2a0dcbd797,male|T0,male,0,2005,2005-10-01,La Liga,2005/2006,763,563,200,0.2621231979030144,333,266,67,0.2012012012012012
68318,training,a6e83b10506ea4fd2716f114d9c918a7ceacc06a0b6083bae40f275def55bffa,male|T0,male,0,2005,2005-10-22,La Liga,2005/2006,839,692,147,0.1752085816448152,380,323,57,0.15
69164,training,658ee82fc4bb2efd4f523a87641317192cd751afac152de59e1cb9cedbcc53ff,male|T0,male,0,2005,2005-10-26,La Liga,2005/2006,745,562,183,0.2456375838926174,373,298,75,0.2010723860589812
68319,training,7bd3ca353398598089a7e2033e52173908983790db6451c1ba668f57e6e0246e,male|T0,male,0,2005,2005-11-19,La Liga,2005/2006,813,632,181,0.2226322263222632,337,276,61,0.1810089020771513
68354,training,65f03bc5471196d20166956621814aee738e91dc9e482b348d04ed8e2d062bda,male|T0,male,0,2005,2005-11-27,La Liga,2005/2006,823,674,149,0.181044957472661,402,330,72,0.1791044776119403
68320,training,a8e3321c8fdce8a3a9e19ac2a082319318fd1675279288d4d0f13baae1a9b2ee,male|T0,male,0,2005,2005-12-04,La Liga,2005/2006,754,561,193,0.2559681697612732,401,318,83,0.2069825436408977
68323,training,5494348530f71cceb2819509b09eeb1e55ac784db8f57f67d78535ee50010e7e,male|T0,male,0,2005,2005-12-20,La Liga,2005/2006,880,662,218,0.2477272727272727,417,337,80,0.1918465227817745
68348,training,8e47000044bdda6f96da665c818090b80cc7e22a363fe2c14f34da7abc82b0e3,male|T0,male,0,2006,2006-01-07,La Liga,2005/2006,648,461,187,0.2885802469135802,296,226,70,0.2364864864864864
68324,training,85bbec4df222944ed3721fabca4ab34051993f328f9d0e8a3bd511e4cb3f5111,male|T0,male,0,2006,2006-01-22,La Liga,2005/2006,795,616,179,0.2251572327044025,446,363,83,0.1860986547085202
68325,training,56c5dfa05662fd1b49723c8a9b5949c51c265172bc0c461f8c64b0084e35abef,male|T0,male,0,2006,2006-01-29,La Liga,2005/2006,842,657,185,0.2197149643705463,553,447,106,0.1916817359855334
68350,training,711f0a91d08e5b9a6af78b24fab2e84a5ba5dffc09c2ef929938de5f0cfc995b,male|T0,male,0,2006,2006-02-05,La Liga,2005/2006,718,520,198,0.2757660167130919,352,271,81,0.2301136363636363
69172,training,002656771ad7e8d0283b41384d7b89763ec211a9a26dc24f35166e446b55e8ab,male|T0,male,0,2006,2006-02-18,La Liga,2005/2006,726,551,175,0.2410468319559228,354,290,64,0.1807909604519774
68351,training,02122467a6cf597bc1dabad846fc335336cc36c828c72e45b639d0246c699bc0,male|T0,male,0,2006,2006-02-25,La Liga,2005/2006,864,674,190,0.2199074074074074,410,333,77,0.1878048780487805
68326,training,56aad9e22ff965c45f0c9b7493ea0be48fc8110578cc213300fce7aa154a7a82,male|T0,male,0,2006,2006-08-28,La Liga,2006/2007,923,754,169,0.1830985915492957,442,369,73,0.1651583710407239
68340,training,17780efb86b0053a45d7efb8254d2a7c414dfaddbc42c4825b4156ba16ff94e7,male|T0,male,0,2006,2006-09-17,La Liga,2006/2007,818,680,138,0.1687041564792176,371,327,44,0.1185983827493261
68328,training,828eabb819e024df910f6e58f89a57e129ed4877a22e49eebaeb386686e7062d,male|T0,male,0,2006,2006-09-24,La Liga,2006/2007,963,784,179,0.185877466251298,592,497,95,0.1604729729729729
68347,training,790521045583e91b14acbb5e1a4e51738746378d1168ae1ba0b75f882858f87f,male|T0,male,0,2006,2006-09-30,La Liga,2006/2007,866,716,150,0.1732101616628175,492,424,68,0.1382113821138211
68329,training,722003c57641484bdde8c5d5b3106ec3f87509c25ba9fd496ced6789a6a30d7e,male|T0,male,0,2006,2006-10-15,La Liga,2006/2007,935,774,161,0.1721925133689839,462,397,65,0.1406926406926407
68330,training,89fc22795150a3dfba415114f8db251ff4c2697831129377b277e21ece6837db,male|T0,male,0,2006,2006-10-22,La Liga,2006/2007,765,636,129,0.1686274509803921,400,343,57,0.1425
69174,training,a244374bddc59a3817e9e6303a60217e8bbc8caf408f7cce7247a9f4d9dd562b,male|T0,male,0,2006,2006-11-04,La Liga,2006/2007,782,617,165,0.2109974424552429,429,362,67,0.1561771561771562
68331,training,9457b6afc4ab651cf8349ae64e4df1bd9f4bff0802c381e5f331eb0ecd64f5c5,male|T0,male,0,2006,2006-11-12,La Liga,2006/2007,774,639,135,0.1744186046511628,346,292,54,0.1560693641618497
69154,training,3f0d01689d9dc6858604043e8137d595b3018988fa12ee0ee0820a47652bd420,male|T0,male,0,2007,2007-02-11,La Liga,2006/2007,796,642,154,0.1934673366834171,447,373,74,0.1655480984340044
68332,training,817e49d7a52c7687b40c227a80cef1cfc71da6f0678248c923f64bb14d99fa63,male|T0,male,0,2007,2007-02-18,La Liga,2006/2007,957,785,172,0.1797283176593521,409,349,60,0.1466992665036675
68333,training,8dff5c1355f57df051072f104bd92824ddf9dfae5fef32e11d78db62628b6962,male|T0,male,0,2007,2007-02-25,La Liga,2006/2007,956,783,173,0.1809623430962343,594,504,90,0.1515151515151515
68334,training,73a8a8c06172c4b31ccc134847bdd1436a1d2a83e516b4e0dc5c969bf7fa5002,male|T0,male,0,2007,2007-03-03,La Liga,2006/2007,868,719,149,0.1716589861751152,387,329,58,0.1498708010335917
68335,training,852b307e3ff86ca2d3cc727216decd034c42b9324498e58ce9cc3871ae7eecb3,male|T0,male,0,2007,2007-03-10,La Liga,2006/2007,892,735,157,0.1760089686098654,491,424,67,0.1364562118126273
68341,training,869030d9a763876241d8cd3548c51667458928d23474593c5e194458535a7ed4,male|T0,male,0,2007,2007-03-17,La Liga,2006/2007,1153,998,155,0.1344319167389419,612,533,79,0.1290849673202614
69179,training,6a94eba660e20303c0d619ed015f8960e162550db1e6d86f7175ab8c77625469,male|T0,male,0,2007,2007-04-07,La Liga,2006/2007,939,745,194,0.2066027689030884,513,422,91,0.1773879142300194
69155,training,7f788878b97a3ab459a052c3918f66d531f502a3db2b130bb4f1b8c9bdd09160,male|T0,male,0,2007,2007-04-22,La Liga,2006/2007,874,713,161,0.1842105263157894,521,440,81,0.1554702495201535
69156,training,58bfcdaa44aad2fa9d3c0c494d4b50f4960cde1a8b38b0fd7b7265d04b24c00f,male|T0,male,0,2007,2007-04-29,La Liga,2006/2007,765,596,169,0.2209150326797385,310,245,65,0.2096774193548387
69160,training,86e4378fd3d74f053404d12ad96bee855570740226d926bd6f213bcb31eac6f7,male|T0,male,0,2007,2007-05-05,La Liga,2006/2007,783,620,163,0.2081736909323116,350,287,63,0.18
69162,training,a242135ab9db785993d7e554745d3c31ca5a7fe76eab3a4e795ae0d137ab5c29,male|T0,male,0,2007,2007-05-13,La Liga,2006/2007,782,636,146,0.1867007672634271,418,353,65,0.1555023923444976
69176,training,14d1a05a1c8728b05e85adf20d5d25b52b4738768795ef97e8d0764cf79767a2,male|T0,male,0,2007,2007-05-20,La Liga,2006/2007,851,721,130,0.1527614571092831,493,436,57,0.1156186612576064
69157,training,144acf83005855c22f6bd141572cad9caaefcd9e30b9858344b2153302f99fd2,male|T0,male,0,2007,2007-05-26,La Liga,2006/2007,671,527,144,0.2146050670640834,416,352,64,0.1538461538461538
69165,training,674b04569982ecddc80cb1aefa35a956d439632678a1ad0c96c257eb91a8f519,male|T0,male,0,2007,2007-06-09,La Liga,2006/2007,769,617,152,0.1976592977893368,406,342,64,0.1576354679802955
68336,training,8685e1d418846ba72e99890ceb8bccd7b4f437ed07b5a72173414a99f05f904f,male|T0,male,0,2007,2007-06-17,La Liga,2006/2007,879,757,122,0.1387940841865756,372,324,48,0.1290322580645161
69180,training,a8a51f5459837c0be72cb9cd71a2caed7d3aefc7d7fb5d9b08735ad6c6f1be34,male|T0,male,0,2007,2007-08-26,La Liga,2007/2008,925,761,164,0.1772972972972973,510,431,79,0.1549019607843137
69151,training,67001cc948a10262a33bc9dc69799be9b4cdb7564ced728abfc921309defde81,male|T0,male,0,2007,2007-09-29,La Liga,2007/2008,864,725,139,0.1608796296296296,491,422,69,0.1405295315682281
69144,training,ac0b43acdc9a76e6ffc0c1c9df07da0eb60abcd61a4ea2f5b458521dfda13421,male|T0,male,0,2007,2007-10-07,La Liga,2007/2008,932,772,160,0.1716738197424892,489,420,69,0.1411042944785276
68364,training,820fbe28b7e3bc0e3cabc41ed9bc29fa51e553f9372c9be412b595b6355b3b26,male|T0,male,0,2007,2007-10-20,La Liga,2007/2008,904,752,152,0.168141592920354,483,415,68,0.1407867494824016
69158,training,6025a5ae64963ea6148203f81a40793566cbd075463e0dfba6678ea295b1bed3,male|T0,male,0,2007,2007-10-28,La Liga,2007/2008,839,676,163,0.1942789034564958,397,324,73,0.1838790931989924
68363,training,8340b62f34048dd6edc4042b1161bf864a68cca9fe364085646a08c686b4d842,male|T0,male,0,2007,2007-11-01,La Liga,2007/2008,880,706,174,0.1977272727272727,433,365,68,0.1570438799076212
69166,training,9cc3ed05c073f3cc83b3bcec5a119c0392b8919fa198950b05feb632152b47ff,male|T0,male,0,2007,2007-11-04,La Liga,2007/2008,888,742,146,0.1644144144144144,482,409,73,0.1514522821576763
69178,training,2af4bd0ca56cc6cec91f7ac36c3746ad8e5af979119955798b3601a2bee8eeaa,male|T0,male,0,2007,2007-11-10,La Liga,2007/2008,769,606,163,0.211963589076723,378,321,57,0.1507936507936507
69184,training,0166e547ba2471f65e84faf362e8960a2e52831d8b6c41e0c167ad55134c9904,male|T0,male,0,2007,2007-11-24,La Liga,2007/2008,843,689,154,0.1826809015421115,474,393,81,0.170886075949367
68356,training,81c65dcad4c2892ed7b425c87b6c9c39a7c88e8c1c4b9ecb834339dfe22b73ca,male|T0,male,0,2007,2007-12-01,La Liga,2007/2008,743,561,182,0.2449528936742934,411,338,73,0.1776155717761557
69170,training,90843dda8f4ad8209daa47a32d57ef053c047baebd380fcba9ba40f8c3ec026b,male|T0,male,0,2007,2007-12-09,La Liga,2007/2008,961,787,174,0.1810613943808532,619,530,89,0.1437802907915993
69145,training,050e8701c573464869ecfcf7032b484f637b59658df4f1f88adeffe67afca71f,male|T0,male,0,2007,2007-12-15,La Liga,2007/2008,984,815,169,0.1717479674796748,523,446,77,0.147227533460803
69187,training,5033256d23ae1feb0c3b088525b82568b39701b651a201222ddf9a9dd46ce37f,male|T0,male,0,2008,2008-02-03,La Liga,2007/2008,715,556,159,0.2223776223776223,351,282,69,0.1965811965811965
69146,training,22a5d8790a9d6d60a949f8c6270e2cac37fe19ff9dc29cf25094799543891583,male|T0,male,0,2008,2008-02-09,La Liga,2007/2008,820,659,161,0.1963414634146341,401,339,62,0.1546134663341646
68360,training,a47c656862ead0f40618165a61836ee650245c49887131a6123e409641bf9b78,male|T0,male,0,2008,2008-02-24,La Liga,2007/2008,1002,851,151,0.1506986027944112,530,453,77,0.1452830188679245
68359,training,5b2a4fe3afe7de33965a3a971cde9e185079f94c3ab3c0969c6e1ca1f3339bbf,male|T0,male,0,2008,2008-04-19,La Liga,2007/2008,836,675,161,0.1925837320574162,488,408,80,0.1639344262295081
69141,training,8162150dc5017b838850eef2cb05b4328e49b4aead24437f23ef3f4a964feebf,male|T0,male,0,2008,2008-05-04,La Liga,2007/2008,1049,901,148,0.1410867492850333,576,497,79,0.1371527777777778
68361,training,0d45d95b7e5f5580e8ae7b3f15df921583376522f3b1e102fe4cbf98d88c2f1e,male|T0,male,0,2008,2008-05-07,La Liga,2007/2008,862,720,142,0.1647331786542923,421,359,62,0.1472684085510688
69186,training,6a5efd2ef819b1e7eed799f4b7183dc6bee59e6a7e11a660d188cf30f3938001,male|T0,male,0,2008,2008-05-17,La Liga,2007/2008,903,755,148,0.1638981173864895,522,436,86,0.1647509578544061
69147,training,229cb6f7aaf4b053df5eb28a671fee7f8c040ce540fdbf19d910230790068ec4,male|T0,male,0,2008,2008-08-31,La Liga,2008/2009,814,643,171,0.21007371007371,377,307,70,0.1856763925729443
69215,training,6f69770f3c265ad44ae120062e8e6adc5238f28cca4db709f7813b9ca70cb05f,male|T0,male,0,2008,2008-09-13,La Liga,2008/2009,881,695,186,0.2111237230419977,380,315,65,0.1710526315789473
69211,training,153c0272b9889ed4ffafd3ea4841fe121519bde2d0490ead6da1ee72fdcd3a35,male|T0,male,0,2008,2008-09-27,La Liga,2008/2009,638,506,132,0.2068965517241379,330,270,60,0.1818181818181818
69235,training,959e581590ef721cc2554bd2ad0653c1be3bd383fdaa3fb9a0fda622c18fbdbf,male|T0,male,0,2008,2008-11-01,La Liga,2008/2009,530,273,257,0.4849056603773585,247,146,101,0.4089068825910931
69279,training,aeb583a9ad38f529b83558dd4c6f73b066b5327838c263aa39f5c1a0568a33a0,male|T0,male,0,2008,2008-11-08,La Liga,2008/2009,851,667,184,0.2162162162162162,567,462,105,0.1851851851851851
69149,training,42a6755eb90ecd61926f1908577538d416a499291684267199f145c079a2be00,male|T0,male,0,2008,2008-12-06,La Liga,2008/2009,892,753,139,0.155829596412556,414,360,54,0.1304347826086956
69225,training,7d2e25d81f3a79627fcdc3695327c06ac8d0a55d9c7f298b5b9937475de1dffe,male|T0,male,0,2008,2008-12-13,La Liga,2008/2009,781,591,190,0.2432778489116517,398,328,70,0.1758793969849246
69228,training,10bb10d5d7a1ce7d8200d535f13a9c4bd32d4475a78dfe4835e3517259a32d9f,male|T0,male,0,2008,2008-12-21,La Liga,2008/2009,898,687,211,0.2349665924276169,404,319,85,0.2103960396039604
69230,training,0592f3b41fed38f0a2c25efa1e45bd78d3dc8bdb1522849bbbe6eaba930ed591,male|T0,male,0,2009,2009-01-11,La Liga,2008/2009,920,705,215,0.233695652173913,540,436,104,0.1925925925925926
69183,training,951fab135ae22c9e5fcad8e3718083d75c4e77c5678c8a6229826737265ed50a,male|T0,male,0,2009,2009-01-17,La Liga,2008/2009,791,628,163,0.2060682680151706,357,303,54,0.1512605042016806
69189,training,30d28defb116532bbb0a7bf400074acb1e4fabf6ed663798bab69cfb90913faf,male|T0,male,0,2009,2009-01-24,La Liga,2008/2009,818,657,161,0.1968215158924205,413,335,78,0.1888619854721549
69209,training,10d1bdf93eaa1cfdb88f06102760b3362f09042142838d972c0dc512a78b37d0,male|T0,male,0,2009,2009-02-01,La Liga,2008/2009,892,728,164,0.1838565022421524,493,417,76,0.1541582150101419
69195,training,61cb7f41874a01f4442e5cb7433851b85b95774c0e521a2d73852e06400522fb,male|T0,male,0,2009,2009-02-14,La Liga,2008/2009,767,572,195,0.2542372881355932,340,272,68,0.2
69139,training,20faebdd1513e9dcd3c2e0db89c51363ee6f04a139ccc1c55f4f8a5a6f840e39,male|T0,male,0,2009,2009-02-21,La Liga,2008/2009,720,547,173,0.2402777777777777,369,293,76,0.2059620596205962
69216,training,71b0ee9336cc950753ec92c7a0ae5a56fe5442896c61bbd98a12ce8120138c6b,male|T0,male,0,2009,2009-03-07,La Liga,2008/2009,828,668,160,0.1932367149758454,461,380,81,0.175704989154013
69142,training,43c6ff330e015a7dd5a525b6148bba1518c1b41213418c12469c4bbaaec2c461,male|T0,male,0,2009,2009-03-22,La Liga,2008/2009,963,800,163,0.1692627206645898,509,434,75,0.1473477406679764
69273,training,6e2269de995c04f0d94840d491a3464261f73192115a5513f1418316304315e1,male|T0,male,0,2009,2009-04-04,La Liga,2008/2009,815,620,195,0.2392638036809816,289,228,61,0.2110726643598615
69251,training,418f917aa0eaea691fde842d147d12476d55e64635f92e06da58a07d061534f8,male|T0,male,0,2009,2009-04-25,La Liga,2008/2009,707,505,202,0.2857142857142857,303,227,76,0.2508250825082508
69249,training,2c8e50dbc5cb7d6c37c90480f0442061e25d66527fc8a52e698dc673999b7bbd,male|T0,male,0,2009,2009-05-02,La Liga,2008/2009,926,752,174,0.1879049676025918,518,437,81,0.1563706563706563
69217,training,57cf145e3cf9d609e8b877287f9af64096b732029ebb0254bbe90d0d7e38695b,male|T0,male,0,2009,2009-05-10,La Liga,2008/2009,895,728,167,0.1865921787709497,501,429,72,0.1437125748502994
69229,training,8a2c3070904f753b33d13acbff2417b5bceab1139f1a6308392ba67f2db408be,male|T0,male,0,2009,2009-09-12,La Liga,2009/2010,901,726,175,0.1942286348501664,447,375,72,0.1610738255033557
69254,training,141b7dd42712e24415336c942ea6b8b64da037ba85179d6bf8e258e895040770,male|T0,male,0,2009,2009-09-22,La Liga,2009/2010,1029,869,160,0.1554907677356657,530,457,73,0.1377358490566037
69256,training,29f497f034391fe5a4de9ed5a6df3874e1c3f8943506a679ab6bffe81a4af4d1,male|T0,male,0,2009,2009-10-03,La Liga,2009/2010,930,747,183,0.1967741935483871,478,390,88,0.1841004184100418
69252,training,392a63b4d438137a41bc443df8fdba2dd33c1abdf50247b3f2aeadf3471fe903,male|T0,male,0,2009,2009-10-17,La Liga,2009/2010,896,698,198,0.2209821428571428,480,398,82,0.1708333333333333
69277,training,83dbe55da7e1a770fd4cd83f26bbfde0eac9150c07c7a99a6086d48f8421f9d7,male|T0,male,0,2009,2009-10-31,La Liga,2009/2010,855,660,195,0.2280701754385964,485,391,94,0.1938144329896907
69250,training,449b1d3a270ef35094164c39d657b604716addd68a2ff3f4014cbbf4d02e5b13,male|T0,male,0,2009,2009-11-07,La Liga,2009/2010,806,619,187,0.2320099255583126,412,326,86,0.2087378640776699
69262,training,24a89dc404629c73dd250553bd381f21a4f07cd42c6bb90996e58f6bf1837a2d,male|T0,male,0,2009,2009-11-29,La Liga,2009/2010,903,722,181,0.2004429678848283,485,404,81,0.1670103092783505
69267,training,73ea00f91f4eb65c4478c25040d623bcb5578e6daf13448df46600a9b11308d8,male|T0,male,0,2009,2009-12-02,La Liga,2009/2010,820,622,198,0.2414634146341463,366,278,88,0.2404371584699453
69218,training,9a7ad55301399a655967fbd6384b91c0aad4b6f4372674e333e7f42514257794,male|T0,male,0,2009,2009-12-05,La Liga,2009/2010,929,746,183,0.1969860064585576,524,436,88,0.1679389312977099
69219,training,29cd2876c398a1de82368e1f1387c98985189815767152bbd4aad108266de30c,male|T0,male,0,2010,2010-01-10,La Liga,2009/2010,824,651,173,0.2099514563106796,439,362,77,0.1753986332574031
69243,training,12c16da136f47cfc749cb29bec789dedffb54c062923203eec153e49e63bb366,male|T0,male,0,2010,2010-01-16,La Liga,2009/2010,913,725,188,0.2059145673603505,502,430,72,0.1434262948207171
69210,training,1fc6ca8a671b22e8e7d7ce801b542644ef606d01b3f102186b933d67824024c9,male|T0,male,0,2010,2010-01-23,La Liga,2009/2010,936,748,188,0.2008547008547008,516,429,87,0.1686046511627907
69240,training,7fc0ab07a56872e8b69487512340bee580e99bd484616fdf06733c653d6f4125,male|T0,male,0,2010,2010-02-06,La Liga,2009/2010,919,776,143,0.1556039173014145,501,435,66,0.1317365269461078
69237,training,ae056a007580fb19d0a8eb805834e37ee50984fd5729f1f112255a475c2f1ff5,male|T0,male,0,2010,2010-02-14,La Liga,2009/2010,880,710,170,0.1931818181818181,494,412,82,0.1659919028340081
69238,training,62a4ce6a89472234aad1ae2c48356c489c56da74e737ce6fe9623d98242e4c49,male|T0,male,0,2010,2010-02-27,La Liga,2009/2010,905,752,153,0.1690607734806629,394,344,50,0.1269035532994923
69226,training,99ab6172370f08efa385a0e23f049622ac4b00d5306442b91058388278eaabaa,male|T0,male,0,2010,2010-03-06,La Liga,2009/2010,905,741,164,0.1812154696132596,355,299,56,0.1577464788732394
69224,training,89a7775fdc9ed9b88b262e4a1600a573f83caaa6261825037ec11d220650d949,male|T0,male,0,2010,2010-03-14,La Liga,2009/2010,864,694,170,0.1967592592592592,455,375,80,0.1758241758241758
69227,training,554c99617b5b2fbc91a9d92178255f520fc968bd9704d68dfb6e47e7c130ec8a,male|T0,male,0,2010,2010-03-21,La Liga,2009/2010,780,613,167,0.2141025641025641,345,280,65,0.1884057971014492
69221,training,5b23ef8dce5739a7e1144de7f6e5bf2a503ad309b2430dfe5c46058de290f3a6,male|T0,male,0,2010,2010-04-14,La Liga,2009/2010,1050,886,164,0.1561904761904761,664,577,87,0.1310240963855421
69213,training,8406a437988eb16ef0a9bdea6e5ce30b0503975e5ef2827a8c8311d137f1bb23,male|T0,male,0,2010,2010-04-17,La Liga,2009/2010,786,596,190,0.2417302798982188,353,277,76,0.2152974504249291
69244,training,53118af53492cf9362cf2e0586f9aeb2552364b7710b8d72a4a545aa6499b9bc,male|T0,male,0,2010,2010-05-01,La Liga,2009/2010,1022,813,209,0.2045009784735812,571,476,95,0.1663747810858143
69241,training,66b7dff4a5fb3d49432ac6e48c151691b4d825f5fc4c65dd8923b9517677ba7e,male|T0,male,0,2010,2010-05-04,La Liga,2009/2010,1013,861,152,0.1500493583415597,429,365,64,0.1491841491841491
69242,training,a819eac1a289f7cdf9ebf5ac5458414e5d820a034270311e8b952ba5054ddd9a,male|T0,male,0,2010,2010-05-16,La Liga,2009/2010,844,717,127,0.1504739336492891,395,335,60,0.1518987341772152
18235,training,31017ad7c6f973f73e2e48d390170ee643c313e758349c230c6233fd838dbea3,male|T0,male,0,2010,2010-05-22,Champions League,2009/2010,843,677,166,0.1969157769869513,453,386,67,0.1479028697571744
69286,training,169d7f446693d5bb67b7deba7ce584362560dac82c9f6b0e0f185a5d314c49ee,male|T0,male,0,2010,2010-08-29,La Liga,2010/2011,982,831,151,0.1537678207739307,468,404,64,0.1367521367521367
69269,training,a4aa28e57c700c2b6253fa210716e23d83d372bb3e83a1d99724b2008d345c5b,male|T0,male,0,2010,2010-09-19,La Liga,2010/2011,879,686,193,0.2195676905574516,390,330,60,0.1538461538461538
69236,training,41af0949eeef7fbf6d21614f3610990ee20ca300fc3b8826d2d60fa4c58e5419,male|T0,male,0,2010,2010-10-03,La Liga,2010/2011,803,662,141,0.1755915317559153,354,302,52,0.1468926553672316
69260,training,968af9db399a87382fa9e3d27d34b52c9525e1abc1bf2574c7d899472716e721,male|T0,male,0,2010,2010-10-16,La Liga,2010/2011,879,696,183,0.2081911262798634,497,407,90,0.1810865191146881
69263,training,5df0140a2c44085f441d2cf1db701dffa6fe24165d33592a0739ca690e3ed006,male|T0,male,0,2010,2010-10-23,La Liga,2010/2011,931,786,145,0.1557465091299677,389,326,63,0.1619537275064267
69289,training,64aed666582abd1551f7d9ed9ac1bc032b0d73bd5a8d015e8dd6230552c5c2a6,male|T0,male,0,2010,2010-10-30,La Liga,2010/2011,900,755,145,0.1611111111111111,487,414,73,0.1498973305954825
69270,training,5db5644874e7b1a4849770e8c3333c48539ff7ae6b201ecaabb4e065be0bbd8b,male|T0,male,0,2010,2010-11-07,La Liga,2010/2011,973,810,163,0.1675231243576567,560,480,80,0.1428571428571428
69308,training,82748abcc8bc93443f85ae2a6acc47740c87ad23b9cc0b8d86e48e9c8426683c,male|T0,male,0,2010,2010-11-13,La Liga,2010/2011,964,808,156,0.1618257261410788,476,404,72,0.1512605042016806
69306,training,1d9ac6350d4ec087fdd90d308cf79af6ba74fe3aa3297dfe16237691a1921245,male|T0,male,0,2010,2010-11-20,La Liga,2010/2011,1083,965,118,0.1089566020313942,508,457,51,0.1003937007874015
69299,training,8ba0fcba00e9b6a3548329e734df0009d65f44ffa0c9a33de9cc73d64548e2bb,male|T0,male,0,2010,2010-11-29,La Liga,2010/2011,999,834,165,0.1651651651651651,483,403,80,0.165631469979296
69302,training,7ffaca67ee93ce844bcdae42d0fb21859e9e5a5bf42910f42c88795a578e5614,male|T0,male,0,2010,2010-12-12,La Liga,2010/2011,1213,1047,166,0.1368507831821929,551,483,68,0.1234119782214156
69280,training,2f72904d418b31663bd3f08559182fcd6e24e724860910e0232d7c96a5ac2d4a,male|T0,male,0,2011,2011-01-08,La Liga,2010/2011,1098,946,152,0.1384335154826958,653,585,68,0.1041347626339969
69278,training,99a098f0c718da2a4aa9622745b411de02313c8ff012cd02e1c3d703b638cc3b,male|T0,male,0,2011,2011-01-16,La Liga,2010/2011,1087,933,154,0.1416743330266789,594,516,78,0.1313131313131313
69296,training,3cbadf1f85acf812f9eb01ae481bc66f71eabc174525c161b65f27651e5aa335,male|T0,male,0,2011,2011-01-29,La Liga,2010/2011,1105,946,159,0.1438914027149321,605,526,79,0.1305785123966942
69276,training,7d7687f580ff20c6344aaffae69610c9799aa66d065b7956f1f18a87177fbfef,male|T0,male,0,2011,2011-02-05,La Liga,2010/2011,1101,953,148,0.1344232515894641,582,521,61,0.1048109965635738
69248,training,aaa90fd421a91c77227ad77bb1365306c2182b7074944ec6ac4f6f6a32169afe,male|T0,male,0,2011,2011-02-12,La Liga,2010/2011,932,765,167,0.1791845493562232,392,322,70,0.1785714285714285
69282,training,82fbcaf0ee80b7f112fbaae147aca7dc21d4847f7f0ac124320ef1e20f8a98a8,male|T0,male,0,2011,2011-02-20,La Liga,2010/2011,1056,869,187,0.1770833333333333,500,430,70,0.14
69283,training,400e10595db864196e33c865891e45c5d248fd3928c77c43c0ad2fc51204765b,male|T0,male,0,2011,2011-02-26,La Liga,2010/2011,1104,938,166,0.1503623188405797,488,410,78,0.1598360655737705
69300,training,77d5aad09df2068fcd8a3cc70e9bcff8d42a5f607d0c5b88146c7a2d5af29d94,male|T0,male,0,2011,2011-03-05,La Liga,2010/2011,1084,909,175,0.1614391143911439,536,458,78,0.1455223880597015
69291,training,0ffef70abc883f840891661e9a5830b008a75d68bc2b4940c961eebc0c3d10c9,male|T0,male,0,2011,2011-03-13,La Liga,2010/2011,1074,923,151,0.1405959031657355,609,531,78,0.1280788177339901
69303,training,377e2f8883ad33f6f73d3d594d371d29cbf7bf9299a229536e246c70d69e5359,male|T0,male,0,2011,2011-03-19,La Liga,2010/2011,1036,850,186,0.1795366795366795,529,448,81,0.1531190926275992
69304,training,234bdebc05d692131022219a23165f4ef71ff7b198af6d4eb50284c3514cae82,male|T0,male,0,2011,2011-04-02,La Liga,2010/2011,1082,937,145,0.1340110905730129,610,532,78,0.1278688524590163
69305,training,095be0c32c064a4d014a517eca568a74ecb0429000da624b2cd027b576cec4cb,male|T0,male,0,2011,2011-04-09,La Liga,2010/2011,960,784,176,0.1833333333333333,455,376,79,0.1736263736263736
69245,training,99517269fffbd9c64a50575ed19faed3adbb5a13d775b50e969f81685273b8b7,male|T0,male,0,2011,2011-04-16,La Liga,2010/2011,975,838,137,0.1405128205128205,441,385,56,0.1269841269841269
69271,training,ae2be75cf08989dc27bcf23549eaf1dd7d5b560087e16684b80e79121d6df442,male|T0,male,0,2011,2011-04-23,La Liga,2010/2011,904,714,190,0.2101769911504424,413,345,68,0.1646489104116222
69246,training,8f1eefeb1b5fc182b208c302fa86c72af6ec6af196abf7c044a6e37d2b33cae0,male|T0,male,0,2011,2011-04-30,La Liga,2010/2011,945,812,133,0.1407407407407407,388,339,49,0.1262886597938144
69272,training,74f8dadce461fbcebbb2e584436188e9968ed92fd97d3aad587502353ce36f7f,male|T0,male,0,2011,2011-05-11,La Liga,2010/2011,1269,1136,133,0.1048069345941686,674,612,62,0.0919881305637982
18236,training,66733d2e922a98f1956992f6e40c96d79809c3add523d4971ec361e385c31bc6,male|T0,male,0,2011,2011-05-28,Champions League,2010/2011,1128,959,169,0.149822695035461,486,422,64,0.1316872427983539
69264,training,4e8c307493a9714c33ec54bea35bfdffcdc86982bc6720f495d4aecb141137a9,male|T0,male,0,2011,2011-09-10,La Liga,2011/2012,1104,928,176,0.1594202898550724,629,549,80,0.1271860095389507
70220,training,106af7fbc2ba779f4c5cb7beaec4cc122657f0ea416d5bfdf20d46a2ccb7fdaf,male|T0,male,0,2011,2011-09-17,La Liga,2011/2012,1006,869,137,0.136182902584493,295,260,35,0.1186440677966101
69265,training,ac8a5c016174f48ebe32acea772410f0962b20038e64ec7991e99ebccdd5bd7b,male|T0,male,0,2011,2011-10-02,La Liga,2011/2012,1099,949,150,0.1364877161055505,612,543,69,0.1127450980392156
69329,training,615f294147debfe06026a4e3a432e86b4b9e56a99e22c10969f0a1f8c3ade2e0,male|T0,male,0,2011,2011-10-22,La Liga,2011/2012,1054,871,183,0.1736242884250474,641,550,91,0.1419656786271451
69314,training,3a710f4fb814f52eb052e27e40f4a3cefa1237809b87c1413c1dca64d73d884f,male|T0,male,0,2011,2011-10-29,La Liga,2011/2012,1007,875,132,0.1310824230387288,462,405,57,0.1233766233766233
69330,training,6426a459a40200baf3d50614b8fa0e0fbeb4222c4e7748605676d1230f3baed1,male|T0,male,0,2011,2011-11-06,La Liga,2011/2012,876,675,201,0.2294520547945205,441,354,87,0.1972789115646258
69331,training,7f69d3518e13aa22b9a3103af241838879d0b6f9de410f31fc58425376f198a2,male|T0,male,0,2011,2011-11-19,La Liga,2011/2012,892,734,158,0.1771300448430493,365,307,58,0.1589041095890411
69315,training,a3c4ddfb50df4853e3f599e1b167337d86b00024137f1bfdcb8a2fb617f7f311,male|T0,male,0,2011,2011-11-26,La Liga,2011/2012,944,777,167,0.1769067796610169,451,377,74,0.164079822616408
69332,training,0103f6cb41187afa93875e64de27d4a3d44320b12dbc968d2e9da5899c8b32f8,male|T0,male,0,2011,2011-11-29,La Liga,2011/2012,820,633,187,0.2280487804878049,447,363,84,0.1879194630872483
69334,training,1444f00008a5c53f5121dc144021d20619b2aa4fdcae88aa7728aba98a846a96,male|T0,male,0,2011,2011-12-10,La Liga,2011/2012,963,778,185,0.1921079958463136,471,395,76,0.1613588110403397
69312,training,618de3fc09e161cf906d7171474f8a26add5144d354f2cdd3b8574ee032af108,male|T0,male,0,2012,2012-01-08,La Liga,2011/2012,993,791,202,0.2034239677744209,536,429,107,0.1996268656716417
69338,training,22bc62ab8c30b0a1a292cc39e96fb3d390858cccc2524dcdbaae5b08041a445c,male|T0,male,0,2012,2012-01-28,La Liga,2011/2012,916,698,218,0.2379912663755458,371,291,80,0.215633423180593
69328,training,acea1950fb3c6dded03ed0a09cbf622029b9659722a2f93d50596082d1e19ad0,male|T0,male,0,2012,2012-02-19,La Liga,2011/2012,977,765,212,0.2169907881269191,477,384,93,0.1949685534591195
69337,training,2b838c2279b1fb5436fc05f5da560f504d0f6cfc13046d63a15cc682c518cf71,male|T0,male,0,2012,2012-02-26,La Liga,2011/2012,952,776,176,0.1848739495798319,311,253,58,0.1864951768488746
69322,training,60d6577675ead021601ea27c1820ec8f4d5b6b8972984919b9eaad357040b466,male|T0,male,0,2012,2012-03-11,La Liga,2011/2012,1049,871,178,0.1696854146806482,522,456,66,0.1264367816091954
69326,training,3ce1c727633358352e5fa26b48a42ae1651d50ba2bd065734a5c72c4a9e2722e,male|T0,male,0,2012,2012-03-17,La Liga,2011/2012,1052,852,200,0.1901140684410646,634,517,117,0.1845425867507886
70225,training,6cacfcc5430de3d90241d3fc141b4e1d2af9f22668f4504192fc2957af99b4db,male|T0,male,0,2012,2012-03-20,La Liga,2011/2012,1036,887,149,0.1438223938223938,591,512,79,0.1336717428087986
69325,training,7f78453e8b0c490bbc73835e448d3eca8a0784fb9f7bdf8fe79129cfcb6017b0,male|T0,male,0,2012,2012-03-24,La Liga,2011/2012,913,733,180,0.1971522453450164,481,388,93,0.1933471933471933
69323,training,565c33f17ab392e3ce5f5bd2620867773f5dbbefc6bc06b302357b89e30f6080,male|T0,male,0,2012,2012-03-31,La Liga,2011/2012,1005,815,190,0.1890547263681592,559,466,93,0.1663685152057245
70219,training,a5be6a20550b8c38d171dfdd528f420743e94e896fe6d4fbb1dcc4491c7734d0,male|T0,male,0,2012,2012-04-07,La Liga,2011/2012,795,656,139,0.1748427672955974,321,267,54,0.1682242990654205
70221,training,7155609d4a0d7e79708328ca8652aadd208d8fd5c75aa07221267b2ddb1f480f,male|T0,male,0,2012,2012-04-14,La Liga,2011/2012,984,820,164,0.1666666666666666,486,417,69,0.1419753086419753
69324,training,8ee0087d23d90442a1ef0cae50f9d7370d78eecd757baf54d2c2c6469137891c,male|T0,male,0,2012,2012-04-21,La Liga,2011/2012,850,694,156,0.1835294117647058,358,302,56,0.1564245810055866
70224,training,7c70bc5b40ae57fffac17e26fb692fd2b4582a10710525efeff530e3c9512b45,male|T0,male,0,2012,2012-04-29,La Liga,2011/2012,824,661,163,0.1978155339805825,340,274,66,0.1941176470588235
69340,training,0f6b185d17d33adb3146208b82e2f2289b2d76299cd1043d6c48be626236f3f4,male|T0,male,0,2012,2012-05-02,La Liga,2011/2012,1054,894,160,0.1518026565464895,515,451,64,0.1242718446601941
69320,training,0b44be0f357c9ec92ab3528af619fc4606321b223002670cbc20e6228e5f202a,male|T0,male,0,2012,2012-05-05,La Liga,2011/2012,962,800,162,0.1683991683991684,443,385,58,0.1309255079006772
70259,training,a057447028ab1669754942e424c13ac4defc362ffa8dbf68455ad675d6a75ce0,male|T0,male,0,2012,2012-08-19,La Liga,2012/2013,1070,930,140,0.1308411214953271,563,489,74,0.1314387211367673
70262,training,6a16f578dd027605aa5f9ebb765165bcdfc8d21a81ad11c0b5d36e0b02acc87f,male|T0,male,0,2012,2012-08-26,La Liga,2012/2013,828,613,215,0.2596618357487922,390,315,75,0.1923076923076923
70292,training,0483ee49e8b372c9a3c5f3396347e75f1b0b597fb96f2f02f0fb46100b7601a0,male|T0,male,0,2012,2012-09-15,La Liga,2012/2013,974,802,172,0.1765913757700205,551,466,85,0.1542649727767695
70270,training,82804330a9e90e2ac8c0d019650a2ff79694c1b555aaba01e42af7b0a6fbbb24,male|T0,male,0,2012,2012-09-22,La Liga,2012/2013,978,810,168,0.1717791411042944,515,431,84,0.1631067961165048
70276,training,0fae33eb01b8deea9c01a1fb40aa3813ae7d9689d07fe5cfe24cfbf23c44a427,male|T0,male,0,2012,2012-10-27,La Liga,2012/2013,837,645,192,0.2293906810035842,314,247,67,0.2133757961783439
70308,training,545f0374f4ba3f3efcd8943c8b8f6d9f4b764f80d34b0617c529cdc02f48601b,male|T0,male,0,2012,2012-11-03,La Liga,2012/2013,1259,1114,145,0.1151707704527402,629,558,71,0.1128775834658187
266724,training,740cb9bbdab38f3097d78589095486002b9cd539774ceedf297ae3720505342a,male|T0,male,0,2012,2012-11-11,La Liga,2012/2013,1123,942,181,0.1611754229741763,535,452,83,0.1551401869158878
70309,training,9a8f603a7cc86907bb133469e97ae7dda181a4c62611cff7f20cf91f3417b8fb,male|T0,male,0,2012,2012-11-17,La Liga,2012/2013,1180,1010,170,0.1440677966101695,638,554,84,0.1316614420062695
70280,training,9c22b487660aedf5d7405e8bcd497f9e6e857c23e65d89520a640651bd5ff1ec,male|T0,male,0,2012,2012-11-25,La Liga,2012/2013,1247,1078,169,0.1355252606255012,578,498,80,0.1384083044982699
70263,training,abc22d48d1d6945b91404a7f57f6bd60a3eb02feb2f55bda3764720078ade5fb,male|T0,male,0,2012,2012-12-01,La Liga,2012/2013,1176,992,184,0.1564625850340136,697,593,104,0.1492109038737446
266827,training,9b65f34c6291979dd7d86af9ca3abcb8e0adac6f78020aad2059adb2fc0d53c6,male|T0,male,0,2013,2013-01-13,La Liga,2012/2013,1202,1055,147,0.1222961730449251,636,567,69,0.1084905660377358
70260,training,8d9e53c913ed9f7fcd71daac6da886c7e0e943f717fe85b63d55b9870413c9f4,male|T0,male,0,2013,2013-01-27,La Liga,2012/2013,1072,896,176,0.1641791044776119,684,591,93,0.1359649122807017
70282,training,4906493d3c1e5ddff1ea03d8653155c18b35b56e2b4188adcdd0b7ca39eaf591,male|T0,male,0,2013,2013-02-03,La Liga,2012/2013,1059,878,181,0.1709159584513692,542,466,76,0.1402214022140221
70294,training,692832184248e09d0ed55889c133df1acf8fe668ebd5415af9dfd2ff85decfd4,male|T0,male,0,2013,2013-02-16,La Liga,2012/2013,996,844,152,0.1526104417670682,469,408,61,0.1300639658848614
70272,training,9239cf5eaab2b80b2a1d451f9970fb7fdf2e5a6bcce3e285f606a47681b6152d,male|T0,male,0,2013,2013-03-02,La Liga,2012/2013,970,831,139,0.1432989690721649,399,353,46,0.1152882205513784
70305,training,9ebda6888adcb318572e93429e61501ea5691dcf11d3bd47734c774197feac6b,male|T0,male,0,2013,2013-03-09,La Liga,2012/2013,1203,1028,175,0.1454696591853699,608,531,77,0.1266447368421052
70307,training,6a64e672fd59e9c2a18c060d1fa6ccef4d95f186a5b850bc4c52f85d405ac141,male|T0,male,0,2013,2013-03-17,La Liga,2012/2013,964,778,186,0.1929460580912863,554,463,91,0.1642599277978339
70256,training,a744a4371612bf2b9ad031bd3aea104e89a646b60743116f2d2ce5383fdcb14a,male|T0,male,0,2013,2013-03-30,La Liga,2012/2013,880,689,191,0.2170454545454545,414,331,83,0.2004830917874396
267502,training,255c577d88f5b5ed181433bfd6cd195e6cd12fae44f7eb8e79742c55c49a66f9,male|T0,male,0,2013,2013-04-27,La Liga,2012/2013,1001,741,260,0.2597402597402597,606,477,129,0.2128712871287128
70284,training,a2130d631b49b362d36d16dce9f340912e9ed50bfbe8309bf818f96e192469e3,male|T0,male,0,2013,2013-05-12,La Liga,2012/2013,1086,933,153,0.1408839779005525,580,505,75,0.1293103448275862
18240,training,9b3f473f6c0a138ecbd591e9fee71f145380c6eb9496fc761fe76b0b604d9400,male|T0,male,0,2013,2013-05-25,Champions League,2012/2013,905,647,258,0.2850828729281768,564,421,143,0.2535460992907801
70298,training,203dd722e1d6428d0d96ab2b37ead9cee9e83ac1ebb297b83441c8a0235d4c5d,male|T0,male,0,2013,2013-09-01,La Liga,2013/2014,976,812,164,0.1680327868852459,519,448,71,0.1368015414258188
70302,training,648a81bc70cf7018d3b9c7d6b07113f11796d40025c7b8b18f676bbf06c1a07c,male|T0,male,0,2013,2013-09-21,La Liga,2013/2014,792,615,177,0.2234848484848484,348,285,63,0.1810344827586207
267520,training,89417a3edd3f6753bb0e91b3b9e6310d1e9a29ac0855a9c68d5ae0ab8e1bc574,male|T0,male,0,2013,2013-09-24,La Liga,2013/2014,1093,954,139,0.1271729185727355,484,420,64,0.1322314049586777
266462,training,21742a94a2f687b644eb3911d6fd98bb24f155c746469602ff48a27dc582f75a,male|T0,male,0,2013,2013-10-19,La Liga,2013/2014,1028,856,172,0.1673151750972762,444,369,75,0.1689189189189189
70283,training,74f3b9155a6c2abf06cfdcdac2aebfae7892e0ba08de0679adb9efd7c56a9e52,male|T0,male,0,2013,2013-11-01,La Liga,2013/2014,936,779,157,0.1677350427350427,386,325,61,0.1580310880829015
266883,training,107954d6caaec7407f6324a7f720f70882cef3f8e0b220b397caff2377ae2934,male|T0,male,0,2013,2013-11-10,La Liga,2013/2014,918,699,219,0.238562091503268,477,375,102,0.2138364779874214
265830,training,7abefd2fbe3a33ba942242f67598b5679519fd8399e9a41f5a729bf8039ca5d2,male|T0,male,0,2014,2014-01-11,La Liga,2013/2014,1009,800,209,0.2071357779980178,424,340,84,0.1981132075471698
70288,training,52f1b8a17fb92615590f9efebe018298a0e11578407919d5c5d843a46b4891a5,male|T0,male,0,2014,2014-01-19,La Liga,2013/2014,921,741,180,0.1954397394136807,452,377,75,0.165929203539823
70291,training,569bdc0328bec2367b548a8adbbdc86a8356b1d5bc39b1d02124da090cf978e2,male|T0,male,0,2014,2014-01-26,La Liga,2013/2014,975,823,152,0.1558974358974359,466,403,63,0.1351931330472103
265918,training,91ece42bc9369446dd4b1f31e37ca34b137dc398a3bf562064e750b629f351e9,male|T0,male,0,2014,2014-02-15,La Liga,2013/2014,1029,859,170,0.1652089407191448,581,502,79,0.1359724612736661
265837,training,93343ba2a699ba296e554e256277b9a9f0c30eafd050e18dc60296ea3a98a170,male|T0,male,0,2014,2014-02-22,La Liga,2013/2014,871,713,158,0.1814006888633754,450,389,61,0.1355555555555555
266066,training,6efd1361d5436591ba8e6011e27195cb5ab89f1ee1bb9632ff4c7a196958a11e,male|T0,male,0,2014,2014-03-02,La Liga,2013/2014,991,840,151,0.1523713420787083,509,438,71,0.1394891944990176
266603,training,9e63b0471ad646f469a1f0b98e1e4d753a87852118ab2137284f8406a2a240ab,male|T0,male,0,2014,2014-03-08,La Liga,2013/2014,932,741,191,0.2049356223175965,404,332,72,0.1782178217821782
266074,training,38341d7f0f5b3f18f578f873e3f886889a55acefe48dc10c47e9bf00634ba676,male|T0,male,0,2014,2014-03-16,La Liga,2013/2014,1036,894,142,0.137065637065637,515,445,70,0.1359223300970873
265857,training,81cd94e4e04a8a4d30ef9f255ef09cd0ec61b8409a47334976ba07df014ecad8,male|T0,male,0,2014,2014-03-23,La Liga,2013/2014,934,817,117,0.1252676659528908,443,395,48,0.1083521444695259
266274,training,3c01d849490a1270806ba19ccf61282d0d964806c4204313a8a12ed5bb1af09b,male|T0,male,0,2014,2014-03-26,La Liga,2013/2014,1039,891,148,0.1424446583253128,623,549,74,0.1187800963081862
70306,training,928d8179b56e2ca2c8579178c2d19212ebf703c39f8939f0c0eca33313c07702,male|T0,male,0,2014,2014-03-29,La Liga,2013/2014,976,754,222,0.2274590163934426,489,392,97,0.1983640081799591
267368,training,350535751d462ac8fb99f93c9f2bb2a239fd7819f788d3dcb704773e2a421a0c,male|T0,male,0,2014,2014-04-05,La Liga,2013/2014,920,723,197,0.2141304347826087,406,329,77,0.1896551724137931
267138,training,429a55bf2b209c233e85832f9a9af5e9fbbeaaa0f9a1775bbd475e7c380a92de,male|T0,male,0,2014,2014-04-12,La Liga,2013/2014,830,661,169,0.2036144578313253,438,362,76,0.1735159817351598
267567,training,ac3b925adba7689740569fa07723b236434b4a08654e5c20a95dd9caa1cd7769,male|T0,male,0,2014,2014-04-20,La Liga,2013/2014,885,681,204,0.2305084745762712,431,339,92,0.2134570765661252
70289,training,32f93c56e2defda4631742d4ce382a79e215ef8f6efa8d2d56492278fc3bd201,male|T0,male,0,2014,2014-04-27,La Liga,2013/2014,963,787,176,0.1827622014537902,335,271,64,0.191044776119403
266201,training,8ba5d8023033df0ac870f8bb5691e2ea44645e6dc9a8403b34d38b3aa25305e4,male|T0,male,0,2014,2014-05-11,La Liga,2013/2014,799,658,141,0.1764705882352941,444,381,63,0.1418918918918918
266256,training,154ccf55e2ccda4b4236d2c22f941b6dbd85f522c9cff1179b2682341b47cd7d,male|T0,male,0,2014,2014-05-17,La Liga,2013/2014,828,621,207,0.25,329,250,79,0.2401215805471124
18241,training,27515eb932bf502af311af1426d91cb0e9fc91f7d06dc6d5a32eb052c904bb2e,male|T0,male,0,2014,2014-05-24,Champions League,2013/2014,1097,812,285,0.259799453053783,501,378,123,0.2455089820359281
266921,training,a3bcf6ed97b14119890bd657154bd41032cee0c9c54e16e5c18c6ece5e81e0f6,male|T0,male,0,2014,2014-08-24,La Liga,2014/2015,1097,972,125,0.1139471285323609,620,560,60,0.0967741935483871
266406,training,671b2e0e346ab1f168bafc276b7d0ae5b27f36e31533f2913cd7aeb84952da31,male|T0,male,0,2014,2014-08-31,La Liga,2014/2015,964,794,170,0.1763485477178423,518,437,81,0.1563706563706563
265896,training,8ae2a9d3f0dc54e1a069de209514ca342d7b7b1809add6bb4329c3b958f71ce9,male|T0,male,0,2014,2014-10-18,La Liga,2014/2015,956,811,145,0.151673640167364,458,397,61,0.1331877729257642
267085,training,31918960c823dc78e3236abc2a40a4a2bce9d81cf4ba687f04cd5ef557780be3,male|T0,male,0,2014,2014-10-25,La Liga,2014/2015,1027,883,144,0.1402142161635832,647,569,78,0.1205564142194745
267301,training,10effd35fa8fb7b907fb7447f5551ea3004af92adeac771288494ad8c11a8572,male|T0,male,0,2014,2014-11-01,La Liga,2014/2015,816,615,201,0.2463235294117647,375,294,81,0.216
267499,training,0e317b8c66d1577de85c2559c95f5a2b546228e065d13084c53b8f4cd519113e,male|T0,male,0,2014,2014-11-08,La Liga,2014/2015,779,619,160,0.2053915275994865,350,299,51,0.1457142857142857
265835,training,21aa772623dc7ec1b9f6fd7cff2005f8a9aa073b4b3ce86d122ec21c56a4c035,male|T0,male,0,2014,2014-11-22,La Liga,2014/2015,1011,865,146,0.1444114737883284,498,426,72,0.144578313253012
266560,training,34a252542f9db94a272ae0892b053b86a2ed8dbf552d9d96a6c1026d64e58aa3,male|T0,male,0,2014,2014-11-30,La Liga,2014/2015,973,801,172,0.1767728674203494,505,432,73,0.1445544554455445
266320,training,9dfc92b80acda88fb9493a27232827350891f53595622c55e862a3c09fe4ca88,male|T0,male,0,2014,2014-12-07,La Liga,2014/2015,1085,935,150,0.1382488479262673,599,531,68,0.1135225375626043
70264,training,981f262a6e49c8b710dbd0de29095f66a6b4e052bfa860e3c29d061008997ea9,male|T0,male,0,2014,2014-12-13,La Liga,2014/2015,965,800,165,0.1709844559585492,519,434,85,0.163776493256262
266846,training,43b5ebf4a908c2cd74a6dd3ff4cbd737becafff96bb398b1d5a6d0deb4687ea3,male|T0,male,0,2014,2014-12-20,La Liga,2014/2015,1053,893,160,0.1519468186134852,639,546,93,0.1455399061032863
266240,training,838ffe03777487748aef0f49f29ff03bf561ed4a2607a2b4b0122081eb5020a5,male|T0,male,0,2015,2015-01-04,La Liga,2014/2015,905,698,207,0.2287292817679558,371,287,84,0.2264150943396226
70303,training,848fb4f18fd189d6e04cde7dc593c4cf0972ce3cd6224132bcafa73eaa946c48,male|T0,male,0,2015,2015-01-11,La Liga,2014/2015,833,665,168,0.2016806722689075,314,269,45,0.143312101910828
266230,training,2f2d935ddd3fab736836aa164d4da4d8b49e646503cad6eaf2c0d1bf7c31d551,male|T0,male,0,2015,2015-01-18,La Liga,2014/2015,1014,825,189,0.1863905325443787,597,503,94,0.1574539363484087
266794,training,10354abd98ae8e3d39672283b487624442cee46ca2128bd4b992de00e6281323,male|T0,male,0,2015,2015-01-24,La Liga,2014/2015,938,791,147,0.1567164179104477,392,332,60,0.1530612244897959
267597,training,0d841ae53c006b4ec1469fc465b66b7567cdd3be2c41f9a3bb77e53ccda666a8,male|T0,male,0,2015,2015-02-01,La Liga,2014/2015,984,804,180,0.1829268292682926,389,330,59,0.1516709511568123
266148,training,07961e0eaa2d1cb196832a0419a1c50744ec2178bff2b173a6cb0997b56bf5df,male|T0,male,0,2015,2015-02-21,La Liga,2014/2015,871,682,189,0.2169919632606199,412,338,74,0.1796116504854369
267343,training,4249c9b2b4130e8da7d112d971b46f71317cb78d3afb8d1645bd87b409c3c3d0,male|T0,male,0,2015,2015-02-28,La Liga,2014/2015,682,511,171,0.250733137829912,278,214,64,0.2302158273381295
266916,training,18f2db6c10e9a2e2cd35fa44e695877b63b6eb8b0bfd4205cf0a05758835829c,male|T0,male,0,2015,2015-03-08,La Liga,2014/2015,878,702,176,0.2004555808656036,429,353,76,0.1771561771561771
267183,training,36755f8ce8181ad0e1d49b3e02872d568277821a2a3794d089c33a1e7ee24435,male|T0,male,0,2015,2015-03-22,La Liga,2014/2015,929,785,144,0.155005382131324,505,446,59,0.1168316831683168
266142,training,17ea6eeb928925b31b571332a94fa32c09f240400a757c80dcd35ec5c0f1133a,male|T0,male,0,2015,2015-04-11,La Liga,2014/2015,1004,850,154,0.1533864541832669,540,464,76,0.1407407407407407
266525,training,042a98cf2f8f6fc255c2f97eedc7a840ca080d32edcaecd25ee83a1c6c8fe90b,male|T0,male,0,2015,2015-04-18,La Liga,2014/2015,945,795,150,0.1587301587301587,425,373,52,0.1223529411764706
266531,training,5d15891bf161e9332ffd6334e6178269e7ff38233667fe760bd100251a42c8bf,male|T0,male,0,2015,2015-04-25,La Liga,2014/2015,962,817,145,0.1507276507276507,555,484,71,0.1279279279279279
265866,training,81d015087b9752044e944f8df5749d8647264a0c563d3f9cc6cdf1fed691a824,male|T0,male,0,2015,2015-05-02,La Liga,2014/2015,983,841,142,0.1444557477110885,518,451,67,0.1293436293436293
266045,training,abed38d1e08c98c4636ce2b06093b8f10b59f3d3daac357a348fc783604b82cd,male|T0,male,0,2015,2015-05-09,La Liga,2014/2015,869,686,183,0.2105868814729574,408,328,80,0.196078431372549
266631,training,a4ec7ace62ae074528cabf0224bfb1d588b083c1910d88bd7649f9c8ead35649,male|T0,male,0,2015,2015-05-17,La Liga,2014/2015,896,734,162,0.1808035714285714,287,233,54,0.1881533101045296
267197,training,aad135adc8727ee1bbeec50fefce5f40c02c4835e08e40e3137cabef66e66609,male|T0,male,0,2015,2015-05-23,La Liga,2014/2015,1150,1002,148,0.128695652173913,597,521,76,0.1273031825795645
18242,training,938ed77e847c6d29843ec2bf62c7a5edfb394fba66a34c211adfa377bf9aa654,male|T0,male,0,2015,2015-06-06,Champions League,2014/2015,867,724,143,0.1649365628604382,376,324,52,0.1382978723404255
3829413,training,6a4025717a161343097a8198212f7cadd7659f828a9491a5729b395a5703c02e,male|T0,male,0,2015,2015-08-07,Ligue 1,2015/2016,835,688,147,0.1760479041916167,432,367,65,0.1504629629629629
3754128,training,6a958aa19a91483472dbad2b7743a4be60116f8df9c3a1d938e80284681a0ddb,male|T0,male,0,2015,2015-08-08,Premier League,2015/2016,936,759,177,0.1891025641025641,427,360,67,0.1569086651053864
3754237,training,2fe38a0e0b4231c483b93cccb6a396c977ec7b1e7bbfea505490887619c09975,male|T0,male,0,2015,2015-08-08,Premier League,2015/2016,785,580,205,0.2611464968152866,352,279,73,0.2073863636363636
3829414,training,93ae514cd6f3a367c40a98af23930e743d6f07199ff4310532e44ff9127dd3f1,male|T0,male,0,2015,2015-08-08,Ligue 1,2015/2016,746,548,198,0.2654155495978552,365,288,77,0.210958904109589
3829417,training,a3b3c46d8db950f54553189fbf6964d1d6463c8ee0b2c1756a53f0a03e2fec68,male|T0,male,0,2015,2015-08-08,Ligue 1,2015/2016,885,689,196,0.2214689265536723,525,435,90,0.1714285714285714
3829419,training,01713c860570167c3dbd02a9cd10ede87cc85329f4a52f77e367b658a977a3d6,male|T0,male,0,2015,2015-08-08,Ligue 1,2015/2016,813,637,176,0.2164821648216482,368,292,76,0.2065217391304347
3754112,training,64df4894263029efffb9d66076e562bcfa871b0f7dc343c9476a4cef3b66e231,male|T0,male,0,2015,2015-08-09,Premier League,2015/2016,880,682,198,0.225,445,366,79,0.1775280898876404
3754141,training,229b1ce25819815d2cc28da3bc2f55c2f4e1ca5962563f848a75df4675c906ee,male|T0,male,0,2015,2015-08-09,Premier League,2015/2016,891,709,182,0.2042648709315375,538,447,91,0.1691449814126394
3829420,training,11a6abe4ea08bf900fec33f0a00e47f1a3b2105850f46d02650b648ab50fc891,male|T0,male,0,2015,2015-08-09,Ligue 1,2015/2016,844,649,195,0.231042654028436,353,286,67,0.1898016997167138
3829422,training,0d83eaf7052aaf2526a24c90a2964e9df0e6e674ebbb15f4f57de350f6e18ad7,male|T0,male,0,2015,2015-08-09,Ligue 1,2015/2016,1014,865,149,0.1469428007889546,568,489,79,0.1390845070422535
3754145,training,11e7ac6d6d5b590b762de868c0c24a0a94168532ad47c03c534d5ea843d7ab0c,male|T0,male,0,2015,2015-08-10,Premier League,2015/2016,1108,955,153,0.1380866425992779,501,436,65,0.1297405189620758
3829423,training,3ef780cf68199de2408a5a05587f0fea18b775b0a4e25aaf852a5e084fcd490e,male|T0,male,0,2015,2015-08-14,Ligue 1,2015/2016,804,617,187,0.2325870646766169,385,310,75,0.1948051948051948
3754034,training,74648ff07fb0c3faf82dd60d87f14dba46511bfe08ffe62c5e36d37bc9bbca88,male|T0,male,0,2015,2015-08-15,Premier League,2015/2016,875,697,178,0.2034285714285714,526,431,95,0.1806083650190114
3754203,training,2286c4cb9704c1af7cb85e67df43843c7491cdb1e0b2c48d4c422eb0af8c210c,male|T0,male,0,2015,2015-08-15,Premier League,2015/2016,810,622,188,0.2320987654320987,307,239,68,0.2214983713355048
3754270,training,1dea6603e8ecc1a5248072a3bff84676bab5ee0e78b2b49642d17a0c7bfd744e,male|T0,male,0,2015,2015-08-15,Premier League,2015/2016,923,742,181,0.1960996749729144,353,294,59,0.1671388101983003
3754344,training,0d43421c84b07eedfe51113bd362d94295188bc86b85c341d43b1346663d53c1,male|T0,male,0,2015,2015-08-15,Premier League,2015/2016,967,833,134,0.1385729058945191,562,485,77,0.1370106761565836
3829425,training,5b943256baf32808fc154f8429343b1e15b13c388c4510bda7738e027e855e22,male|T0,male,0,2015,2015-08-15,Ligue 1,2015/2016,928,706,222,0.2392241379310344,442,353,89,0.2013574660633484
3829426,training,9a7170bf13d2af985a981e75b10f9ffa207ddb8215412b7232f046ffe32121d4,male|T0,male,0,2015,2015-08-15,Ligue 1,2015/2016,737,530,207,0.2808683853459973,405,314,91,0.2246913580246913
3829427,training,20b0e0460c8eeae3e6868794c1508387fb4787cec62ff5a70bf8e552cc195173,male|T0,male,0,2015,2015-08-15,Ligue 1,2015/2016,991,861,130,0.1311806256306761,510,462,48,0.0941176470588235
3829429,training,915c2c2ceed3838214902f12c5e2b28fc82390d0971d9a25d172200e0454c2f8,male|T0,male,0,2015,2015-08-15,Ligue 1,2015/2016,932,712,220,0.2360515021459227,567,461,106,0.1869488536155202
3890260,training,26f9855f5cd55eb0b41f0dc4765d980d12ab435fdc12075e32191b321f1b7b5c,male|T0,male,0,2015,2015-08-15,1. Bundesliga,2015/2016,671,445,226,0.3368107302533532,304,214,90,0.2960526315789473
3754066,training,1d5888cd4758ac2b2782cac5c63984c6c2acc6f4a966fe53e809316f0b138b53,male|T0,male,0,2015,2015-08-16,Premier League,2015/2016,833,682,151,0.1812725090036014,421,362,59,0.1401425178147268
3754312,training,7522f011a106e96078c55bc2c8796b5fc51116b7e5e545981564abd5e5efded5,male|T0,male,0,2015,2015-08-16,Premier League,2015/2016,951,762,189,0.1987381703470031,478,395,83,0.1736401673640167
3829430,training,a0b7637b15344943e82827be10fbec4ed910e53f3d52b12fc788c158db2cfa1c,male|T0,male,0,2015,2015-08-16,Ligue 1,2015/2016,794,609,185,0.2329974811083123,382,312,70,0.1832460732984293
3829431,training,233acb8debcdb140d14632ee2d8bc10a1e0e0e7a973c16722a1403c1d1fecb59,male|T0,male,0,2015,2015-08-16,Ligue 1,2015/2016,927,721,206,0.2222222222222222,543,437,106,0.1952117863720073
3829432,training,2c92692a8cd78f575bbfd18883ff8236cb395d37326d8c8eb4719f43efc85115,male|T0,male,0,2015,2015-08-16,Ligue 1,2015/2016,1091,927,164,0.15032080659945,549,480,69,0.1256830601092896
3754020,training,68c0dacd82557117bdfd90d79b9c409ab75b8b0a3120f5a846a628fce1609f08,male|T0,male,0,2015,2015-08-17,Premier League,2015/2016,823,644,179,0.2174969623329283,442,366,76,0.171945701357466
3829433,training,59989d9ee9c1153304cde2392cabaeb3b2a0c451ae086685917e853c78404b44,male|T0,male,0,2015,2015-08-21,Ligue 1,2015/2016,1058,904,154,0.1455576559546313,609,542,67,0.1100164203612479
3753987,training,2d939a9c351dfaaaaef68fd16d2772b2806d5d943fbffd48146848ff8db031f0,male|T0,male,0,2015,2015-08-22,Premier League,2015/2016,784,621,163,0.2079081632653061,302,241,61,0.2019867549668874
3754180,training,5bdb5c04370525a54261a08065edd2d322ab0ddce15ac4627afcdc08a817ecee,male|T0,male,0,2015,2015-08-22,Premier League,2015/2016,820,623,197,0.2402439024390243,407,316,91,0.2235872235872235
3754190,training,7b74b2e79e68ac47a51d763f18b4e9187cffde6bd9f61de9930873788ce250b9,male|T0,male,0,2015,2015-08-22,Premier League,2015/2016,719,544,175,0.2433936022253129,402,324,78,0.1940298507462686
3825564,training,4e353b1740a9858f446abe66e9c19f73f6a90a5caec29515be71ea3add4810d0,male|T0,male,0,2015,2015-08-22,La Liga,2015/2016,858,623,235,0.2738927738927739,433,344,89,0.2055427251732101
3825565,training,804f914024e462580225bae6a63411fa652031f1fc37a4ce4056b119f66b40b3,male|T0,male,0,2015,2015-08-22,La Liga,2015/2016,799,605,194,0.2428035043804756,399,309,90,0.225563909774436
3825566,training,3b1c5e5dde8acd43fdabf4628bb152d9360ce4d84488cc0a2aa0410d188396a9,male|T0,male,0,2015,2015-08-22,La Liga,2015/2016,753,555,198,0.2629482071713147,319,251,68,0.2131661442006269
3829434,training,a4777f13e9632fbf52264bff8d2131750ca8ddc4e65bbba6a30ca330c60ef086,male|T0,male,0,2015,2015-08-22,Ligue 1,2015/2016,789,595,194,0.2458808618504436,447,354,93,0.2080536912751678
3829436,training,1d735922343b85af81b1d8177bd92a353cdabef12b44ac1cd80804647e6df254,male|T0,male,0,2015,2015-08-22,Ligue 1,2015/2016,988,807,181,0.1831983805668016,627,532,95,0.1515151515151515
3829437,training,53bc4ef8714ccf4ebf2c5edc9f90b1005b0f94d8f82b0333eb249aac0aa7aeca,male|T0,male,0,2015,2015-08-22,Ligue 1,2015/2016,799,587,212,0.2653316645807259,437,346,91,0.2082379862700228
3829438,training,13fc63ba4aec2a7ba499e7a81a6bbe6d6118aedf7e0c2e9df3c333fcfb5f7b9b,male|T0,male,0,2015,2015-08-22,Ligue 1,2015/2016,986,786,200,0.2028397565922921,511,424,87,0.1702544031311154
3829439,training,72f72ddf9614ec2d2a3dd07d5fe4bb2235f3270fba1ce0ebdd7dfcd3990c4325,male|T0,male,0,2015,2015-08-22,Ligue 1,2015/2016,838,665,173,0.2064439140811456,349,280,69,0.1977077363896848
3878540,training,a95bc18319d0836848754414b57862f00fba0315f7c32532d83552fa88a14129,male|T0,male,0,2015,2015-08-22,Serie A,2015/2016,973,766,207,0.2127440904419321,510,422,88,0.1725490196078431
3890273,training,a2bb1835af5217ae8284881e9946eed6f3c29ab09e3caa08ab3faad3dd620b10,male|T0,male,0,2015,2015-08-22,1. Bundesliga,2015/2016,801,584,217,0.2709113607990012,412,328,84,0.203883495145631
3754059,training,3433f91d0d90022bf0fbabbee84629ee6b9eadd6b346e74db4bd276ad260c129,male|T0,male,0,2015,2015-08-23,Premier League,2015/2016,842,665,177,0.2102137767220902,495,406,89,0.1797979797979798
3754233,training,4765228eeec13ef1d4cb794c2acf7e72c885db16645a93c29f90ea4b1fe0441b,male|T0,male,0,2015,2015-08-23,Premier League,2015/2016,911,750,161,0.1767288693743139,534,452,82,0.1535580524344569
3825568,training,a3e7e5db8421d8f5c4453e3a0af415a439ffb0650b51dfafef5b9682414a40e4,male|T0,male,0,2015,2015-08-23,La Liga,2015/2016,612,423,189,0.3088235294117647,245,176,69,0.2816326530612245
3825569,training,3951e93ac04485493d2af14886ee0f47a696b0c36213d0b3db82c613ed999f32,male|T0,male,0,2015,2015-08-23,La Liga,2015/2016,928,746,182,0.1961206896551724,425,356,69,0.1623529411764706
3829441,training,2317df30153b58aac4f149e41478d217f15d3c8f351c16f112d9091042fd3ad8,male|T0,male,0,2015,2015-08-23,Ligue 1,2015/2016,928,793,135,0.1454741379310344,391,343,48,0.1227621483375959
3878542,training,01dc6e0ddd1b5991dd29ebe7a5ba5232ea2f270b217958fb3ed041c6c53d8075,male|T0,male,0,2015,2015-08-23,Serie A,2015/2016,871,693,178,0.2043628013777267,445,370,75,0.1685393258426966
3878547,training,42b6e2a62fa827950fcbdbac8b9a6e22f6c0e2a05dba74ae42d27fab797b6969,male|T0,male,0,2015,2015-08-23,Serie A,2015/2016,696,541,155,0.2227011494252873,331,254,77,0.2326283987915408
3878548,training,430d32c7040388cbb291fc3d2b165fd23fc7b944bf09a2c1580f859296504e08,male|T0,male,0,2015,2015-08-23,Serie A,2015/2016,818,616,202,0.2469437652811736,400,314,86,0.215
3878549,training,1d9799bf9788b082525ccc4377b2a2d06dcba1316cd21f75b9126ef9486f8212,male|T0,male,0,2015,2015-08-23,Serie A,2015/2016,845,645,200,0.2366863905325443,438,363,75,0.1712328767123287
3825570,training,253f1b52035f2bcf334d88b09bcdd53c9d95b18ed414667a16967dd3e4c8d25c,male|T0,male,0,2015,2015-08-24,La Liga,2015/2016,801,583,218,0.2721598002496879,380,298,82,0.2157894736842105
3829443,training,558a4988818505e20251bb1a92a89cde8d55379e497e12cddb0f3b67350d3b59,male|T0,male,0,2015,2015-08-28,Ligue 1,2015/2016,755,589,166,0.2198675496688741,369,309,60,0.1626016260162601
3753984,training,73a90a5af056ffcb5333b7600e441c922de8c6713c3dd5aff9e438cbe5fc1805,male|T0,male,0,2015,2015-08-29,Premier League,2015/2016,867,692,175,0.2018454440599769,423,346,77,0.1820330969267139
3754083,training,76f9bf0a4d6129144f70c51eb565641cdc0d7db1cb446acf12105c18cafe91bb,male|T0,male,0,2015,2015-08-29,Premier League,2015/2016,885,708,177,0.2,459,391,68,0.1481481481481481
3754246,training,1d39ff4a8ae1d2bede57af844ed49ea81e4a540ac0af67a4f365b7261a6b15d0,male|T0,male,0,2015,2015-08-29,Premier League,2015/2016,1112,972,140,0.1258992805755395,638,569,69,0.1081504702194357
3754268,training,1524807b042c50569aac4a1ac825c48c5e66e2df3aa8afd3ad1bc6a182ebfa97,male|T0,male,0,2015,2015-08-29,Premier League,2015/2016,879,720,159,0.1808873720136518,454,389,65,0.1431718061674008
3825573,training,acd0c50cc9b727db24ac00e5dea135b62b576ef039ec90f503b38a6c40fd7155,male|T0,male,0,2015,2015-08-29,La Liga,2015/2016,868,673,195,0.2246543778801843,421,347,74,0.175771971496437
3829444,training,899c4add022a57545a5b66abbd7f9c33a923b41fad1efa862e5b0526e1a3d490,male|T0,male,0,2015,2015-08-29,Ligue 1,2015/2016,791,623,168,0.2123893805309734,406,334,72,0.1773399014778325
3829446,training,6469a0de026cd992590d2f0010a19422c034eef65ec430354e05eff5d0cba35c,male|T0,male,0,2015,2015-08-29,Ligue 1,2015/2016,873,688,185,0.2119129438717067,498,420,78,0.1566265060240964
3829448,training,a0006250422dafacec82e40cfb68ca1f62c5b9ac622602ef70b9e0745345bf47,male|T0,male,0,2015,2015-08-29,Ligue 1,2015/2016,840,688,152,0.1809523809523809,494,420,74,0.1497975708502024
3829449,training,2f2e7e276ac579b6a694aa5d4b3abf912ddf067e60a71775f8941716112113ce,male|T0,male,0,2015,2015-08-29,Ligue 1,2015/2016,812,617,195,0.2401477832512315,348,282,66,0.1896551724137931
3878550,training,0a74c96688a679ca68c9df68b952866c2a940320b846eb0098f7f12eaafd28a3,male|T0,male,0,2015,2015-08-29,Serie A,2015/2016,864,672,192,0.2222222222222222,451,362,89,0.1973392461197339
3878551,training,79cb9ecf68be4c4a89508c5292bc9f660a46a24619f3a01612cae6dd18d0c03f,male|T0,male,0,2015,2015-08-29,Serie A,2015/2016,867,664,203,0.2341407151095732,366,304,62,0.1693989071038251
3890278,training,2b6e52d8f3ff98a257e0b343ae9ede058b9634c6869f4da5dd8ca63669babb04,male|T0,male,0,2015,2015-08-29,1. Bundesliga,2015/2016,801,647,154,0.1922596754057428,413,344,69,0.1670702179176755
3754221,training,68c20a4ae57b1cfefe24dd6441111a803cc7ce0efba609b0ce8b2c774748eb69,male|T0,male,0,2015,2015-08-30,Premier League,2015/2016,1031,797,234,0.2269641125121241,587,471,116,0.1976149914821124
3754337,training,72b7fce3a2aeca25fe32201b704d3d7da12df3c9ef103870aa278c569437466f,male|T0,male,0,2015,2015-08-30,Premier League,2015/2016,890,688,202,0.2269662921348314,481,385,96,0.1995841995841996
3825576,training,21b21c3a69182bd06f609da254de857b4f54eca7e999c41aa26a2e1fc8777d3c,male|T0,male,0,2015,2015-08-30,La Liga,2015/2016,774,566,208,0.268733850129199,341,266,75,0.219941348973607
3825577,training,94e4b3f153bbf80be0b72122a3d4911eef28c7b9150ed651dfe601eedf7d0cf8,male|T0,male,0,2015,2015-08-30,La Liga,2015/2016,614,445,169,0.2752442996742671,240,185,55,0.2291666666666666
3829450,training,358fa817ead1a88d39ec3c32809c16461f972c79bca059190d702fb3b9d2cb55,male|T0,male,0,2015,2015-08-30,Ligue 1,2015/2016,1121,971,150,0.1338090990187332,704,617,87,0.1235795454545454
3829452,training,2a249189a0fac699d92fa2746d0a2a33abd83dcf33fdcb2d86315b5d62950a9f,male|T0,male,0,2015,2015-08-30,Ligue 1,2015/2016,812,662,150,0.1847290640394088,332,281,51,0.1536144578313253
3878552,training,21d3ef0c19e854d6c1727b7bf2e6c1f3a28104ae5cd96574230346022b6e70e1,male|T0,male,0,2015,2015-08-30,Serie A,2015/2016,896,714,182,0.203125,480,406,74,0.1541666666666666
3878553,training,479d305b4110e0b81f544da3e061a23dee48b9667b7754997e8c43638e16908c,male|T0,male,0,2015,2015-08-30,Serie A,2015/2016,956,743,213,0.2228033472803347,489,412,77,0.1574642126789366
3878554,training,3f54b6111f3643d60e2e1ff0b690baecb0c8c4da3504f771d89e380660071a16,male|T0,male,0,2015,2015-08-30,Serie A,2015/2016,752,576,176,0.2340425531914893,422,347,75,0.1777251184834123
3878556,training,912fe9bb6bf8380d41be84f1ae14711d74ed7f6b8d9082658f10c42ed039eb68,male|T0,male,0,2015,2015-08-30,Serie A,2015/2016,905,770,135,0.149171270718232,449,393,56,0.1247216035634743
3878557,training,6d7e6aed8476fab94bf23b7ac85b473cfd7e0bb1d2ea22a8545146020386f7d8,male|T0,male,0,2015,2015-08-30,Serie A,2015/2016,829,641,188,0.226779252110977,353,285,68,0.1926345609065155
3878559,training,94f611978062d385df80d755ca372d73d5fd29ab62dbb396d7946816f2cd780b,male|T0,male,0,2015,2015-08-30,Serie A,2015/2016,811,616,195,0.2404438964241677,474,371,103,0.2172995780590717
3829453,training,49a4cfa46a6a30987641df09c1cee4a49c2ed86e20344639881d37b95ce5bb8c,male|T0,male,0,2015,2015-09-11,Ligue 1,2015/2016,973,799,174,0.1788283658787255,530,464,66,0.1245283018867924
266166,training,0aaf6e237654ebc4230a80d09ea3bdde4730c44ff4e9c4670281e63577a5dc90,male|T0,male,0,2015,2015-09-12,La Liga,2015/2016,1011,848,163,0.1612265084075173,491,421,70,0.1425661914460285
3754213,training,284669e02fbf1e12c0087d30092e056b1be6abbd195ebe167cc5bc25a4cfeb80,male|T1,male,1,2015,2015-09-12,Premier League,2015/2016,835,636,199,0.2383233532934131,369,300,69,0.1869918699186991
3754240,training,0a007c9124e3ee65c75c98a7842c512f2c00bf645e6724d0e9c660c1c8e3a3c3,male|T1,male,1,2015,2015-09-12,Premier League,2015/2016,917,747,170,0.1853871319520174,417,352,65,0.1558752997601918
3754257,training,941c3d870aa77ef349cab399a8778695a7d186e906992f6c045d4e6facc0f332,male|T1,male,1,2015,2015-09-12,Premier League,2015/2016,858,662,196,0.2284382284382284,448,359,89,0.1986607142857142
3754325,training,49d8d7e9800278bbdc19f0d9e2a226b2f90a03a2eaa6e381b8dc34b0311527dd,male|T1,male,1,2015,2015-09-12,Premier League,2015/2016,965,743,222,0.2300518134715025,574,461,113,0.1968641114982578
3754336,training,5fb20cb4411abf58130fd3db796f7b15f37cec322c41e1dfe398ecafdc1a78e0,male|T1,male,1,2015,2015-09-12,Premier League,2015/2016,909,759,150,0.165016501650165,424,356,68,0.160377358490566
3825581,training,94a814111d48621add51cbb6ee4dfbf8700183c1dc6a7ec6b2de65f55bc2e5a9,male|T0,male,0,2015,2015-09-12,La Liga,2015/2016,950,794,156,0.1642105263157894,499,430,69,0.1382765531062124
3825582,training,7d03ee6d747a1c5029614146f3636d4f7a725597c69b0e3b9625fa136353023b,male|T1,male,1,2015,2015-09-12,La Liga,2015/2016,766,588,178,0.2323759791122715,310,252,58,0.1870967741935484
3825583,training,770667e997f03c0ce301aa1428cf9b0275f3883fc29a514016853d64d33a55b2,male|T1,male,1,2015,2015-09-12,La Liga,2015/2016,953,744,209,0.2193074501573977,547,447,100,0.1828153564899451
3829454,training,8cfa04c43b7a564b8a93c2c85ee9829a50ed1aabdc6f969a89391eeee3cb5f9b,male|T1,male,1,2015,2015-09-12,Ligue 1,2015/2016,707,535,172,0.2432814710042432,406,324,82,0.2019704433497537
3829455,training,aea9957f907c14384e1d5cb0fdd2656d3d5ad15f97dfddedcfb1045b5951f5da,male|T1,male,1,2015,2015-09-12,Ligue 1,2015/2016,830,642,188,0.2265060240963855,484,397,87,0.1797520661157025
3829456,training,3fd5975a57a6547fb07d13da028d5f164f49918e05e222e5095bf1d2210c05b0,male|T1,male,1,2015,2015-09-12,Ligue 1,2015/2016,1036,830,206,0.1988416988416988,557,458,99,0.1777378815080789
3829458,training,9c4afbdac8b0b05470661cb7c2057e6d48a46bea6804cf7cd8785fff62c6f8c5,male|T1,male,1,2015,2015-09-12,Ligue 1,2015/2016,907,704,203,0.2238147739801543,480,401,79,0.1645833333333333
3829459,training,9fb1d81130bd1e7eaff7369cc9896392ebd3cf847b75f5a4e7c9136ee4d8adff,male|T1,male,1,2015,2015-09-12,Ligue 1,2015/2016,959,757,202,0.2106360792492179,471,373,98,0.208067940552017
3878592,training,9fbb3d7f1d14fed888a9c2d4ff7e3553e6c673d8b599a0ec608c206e66d6f64b,male|T1,male,1,2015,2015-09-12,Serie A,2015/2016,841,671,170,0.2021403091557669,415,342,73,0.1759036144578313
3878593,training,293b44a0799374176a82f4ea817c013bb3b60d4277943e5833dd96be48224b09,male|T1,male,1,2015,2015-09-12,Serie A,2015/2016,669,487,182,0.2720478325859491,285,214,71,0.2491228070175438
3878594,training,a910ae532a9d32dbd05fee96d42ec97a6f8f584aef8c69492691be4b2fead46e,male|T1,male,1,2015,2015-09-12,Serie A,2015/2016,842,677,165,0.1959619952494061,356,297,59,0.1657303370786516
3890288,training,234a91dd9060a375b9a9d75ae9d9418f3f4108b36bfc748a0ca0d8c8c0ca7098,male|T0,male,0,2015,2015-09-12,1. Bundesliga,2015/2016,762,550,212,0.2782152230971129,401,303,98,0.2443890274314214
3825584,training,5fa861811415f6d49a802aab0f515b93a8acb7e53ccf4e01b87a31faa581c159,male|T1,male,1,2015,2015-09-13,La Liga,2015/2016,689,507,182,0.2641509433962264,285,231,54,0.1894736842105263
3825585,training,201a411bcc81634eeecb0fab0b36d40d639b07ae93a757ee501a0af32b7bf432,male|T1,male,1,2015,2015-09-13,La Liga,2015/2016,980,809,171,0.1744897959183673,507,428,79,0.155818540433925
3825587,training,11bcbdb9886a5d50f13e20ccfc74b7779489c153848a167d230b4cdc7bc9c365,male|T1,male,1,2015,2015-09-13,La Liga,2015/2016,841,601,240,0.2853745541022592,413,315,98,0.2372881355932203
3829461,training,75b3f23bfaf804a870ea36f62e9c61d2e683664e8dbb4c8605d9147287cab626,male|T1,male,1,2015,2015-09-13,Ligue 1,2015/2016,929,798,131,0.1410118406889128,456,399,57,0.125
3829462,training,26e9916929f5bc5c319b3226f39cb6ade67eaeca33cd0cabc1c4987b2c0c195b,male|T1,male,1,2015,2015-09-13,Ligue 1,2015/2016,692,504,188,0.2716763005780346,430,346,84,0.1953488372093023
3878596,training,23a2fdf3ea3598b5d069124c8a617485fbd94b62449a3cd1c9e0ebb188edce77,male|T1,male,1,2015,2015-09-13,Serie A,2015/2016,792,628,164,0.207070707070707,292,246,46,0.1575342465753424
3878599,training,8f2faef508f12bb573e4e1b71301efd9ef9bb66cd4bf59adf2c2d84f2d6ccfe7,male|T1,male,1,2015,2015-09-13,Serie A,2015/2016,801,617,184,0.229712858926342,393,316,77,0.1959287531806615
3754329,training,633393e1ed56d6a70c8ae37cf798dba9d893b13aad37810102c8efa6e7c36aab,male|T1,male,1,2015,2015-09-14,Premier League,2015/2016,805,625,180,0.2236024844720497,395,317,78,0.1974683544303797
3825588,training,18c0f1f04e97731e12b8dd41f3258be81b96bd5cf3bd668a58ae0dc20e8dbe39,male|T1,male,1,2015,2015-09-14,La Liga,2015/2016,888,650,238,0.268018018018018,449,356,93,0.2071269487750557
3878601,training,aec3f708d8ab28b76b127eead6730f911ee755da99736bb1bdba3bf50c07e476,male|T1,male,1,2015,2015-09-14,Serie A,2015/2016,953,795,158,0.1657922350472193,440,372,68,0.1545454545454545
3829463,training,451cfac7cb4410a6190a9422a65945945a9a7ee4cb0f73b79778879069e6c438,male|T1,male,1,2015,2015-09-18,Ligue 1,2015/2016,702,525,177,0.2521367521367521,361,288,73,0.2022160664819944
3754010,training,0e5fa8d3641ff229351eb810d69fdff2c3eac653c05c3b158084b70f56aa8533,male|T1,male,1,2015,2015-09-19,Premier League,2015/2016,880,671,209,0.2375,475,387,88,0.1852631578947368
3754146,training,8ca36f3b956f38da5deecf973c2c319adf0ee20c296003ba46d433ff13afc40d,male|T1,male,1,2015,2015-09-19,Premier League,2015/2016,825,563,262,0.3175757575757575,457,340,117,0.2560175054704595
3754217,training,5ad4c0f8fe2ff2114351738df70a0277b0f74b3ded6fba721f66919c738fe83f,male|T1,male,1,2015,2015-09-19,Premier League,2015/2016,957,803,154,0.160919540229885,406,340,66,0.1625615763546798
3754298,training,18c82974e2842cadc9846d26cad3c559251685f79f3711261f178ec3d186371e,male|T1,male,1,2015,2015-09-19,Premier League,2015/2016,882,695,187,0.2120181405895691,438,355,83,0.1894977168949771
3825590,training,3b9eb3dac8be78a117e4adc3f1467638032e6be21965f9711a5d412f753bc08d,male|T1,male,1,2015,2015-09-19,La Liga,2015/2016,897,743,154,0.1716833890746934,373,328,45,0.1206434316353887
3825592,training,4defe77bcc3283d07a54cafeff07d5f066902dfd9f2764b50145b5b80169cb98,male|T1,male,1,2015,2015-09-19,La Liga,2015/2016,799,611,188,0.2352941176470588,451,361,90,0.1995565410199556
3825593,training,b1d16493e9be3fd6f199b7889c1fdcd8d14c02f567c394e5ef48be6727e44d31,male|T1,male,1,2015,2015-09-19,La Liga,2015/2016,1130,869,261,0.2309734513274336,714,580,134,0.1876750700280112
3829464,training,29cd9b96bc98dd978bf5c1db6e2fc369632ac2f9678a06deb921dd2e9639bcc9,male|T1,male,1,2015,2015-09-19,Ligue 1,2015/2016,772,581,191,0.2474093264248704,502,401,101,0.2011952191235059
3829465,training,733291822727ee6add367c420e2489ebd6ecdb524541a4b9f30ac8903cb6fc84,male|T1,male,1,2015,2015-09-19,Ligue 1,2015/2016,967,798,169,0.1747673216132368,599,512,87,0.1452420701168614
3829466,training,76ffa4d7e43dff10f6e56d8314e0e28a878ae562c0eb19099f3e890d949894ac,male|T1,male,1,2015,2015-09-19,Ligue 1,2015/2016,786,613,173,0.2201017811704834,362,295,67,0.1850828729281768
3829467,training,1919cfe309f22125743e503f047be10501e25426f8ba561c29e4779060a52436,male|T1,male,1,2015,2015-09-19,Ligue 1,2015/2016,771,553,218,0.2827496757457847,392,309,83,0.211734693877551
3829468,training,04195bf5d79b83f584992c5e84919bcb4b4084944fe80955d2cbfdc6b219d7bd,male|T1,male,1,2015,2015-09-19,Ligue 1,2015/2016,812,621,191,0.2352216748768472,393,305,88,0.2239185750636132
3754011,training,569b410174f5314a126f5cd7370532afa9906e2829a7b1acde8eeaab634410ff,male|T1,male,1,2015,2015-09-20,Premier League,2015/2016,960,783,177,0.184375,605,522,83,0.1371900826446281
3754040,training,54d8adcd5d0a4026fc7262a1450bfdc5720915fe6ec944ab58fb73e381c64b2e,male|T1,male,1,2015,2015-09-20,Premier League,2015/2016,973,751,222,0.2281603288797533,532,423,109,0.2048872180451127
3754222,training,7a6d9b86a1b84ea395fffcfce3d9a0b898b159783fe26a556a9fcb629d070336,male|T1,male,1,2015,2015-09-20,Premier League,2015/2016,771,589,182,0.2360570687418936,363,295,68,0.18732782369146
3825594,training,7a86996c102f93233e6b176d7f7c648113ab30c0292ad1351d3b5614f489dd51,male|T1,male,1,2015,2015-09-20,La Liga,2015/2016,826,651,175,0.211864406779661,435,368,67,0.1540229885057471
3825597,training,1f95c2291c922dc82375172c8a51593b1436bdfaca1f258b41b9dcebf05614e0,male|T1,male,1,2015,2015-09-20,La Liga,2015/2016,741,496,245,0.330634278002699,324,247,77,0.2376543209876543
3829469,training,0cc98958f095c10b4e6758053d6e63c47621095d55c19501b88db68f442a1982,male|T1,male,1,2015,2015-09-20,Ligue 1,2015/2016,862,695,167,0.1937354988399072,436,370,66,0.1513761467889908
3829470,training,98dda71b0f199d775f613c49acc1ac936b271b83de39d7e9be32d321fe8a9ef3,male|T1,male,1,2015,2015-09-20,Ligue 1,2015/2016,878,662,216,0.2460136674259681,571,457,114,0.1996497373029772
3829471,training,84450a02fb1e3d9af6c7253aaf6f60d0030bc35fa6642d9b3347a152cee57800,male|T1,male,1,2015,2015-09-20,Ligue 1,2015/2016,736,546,190,0.2581521739130434,381,300,81,0.2125984251968504
3878604,training,481f020a579005d7c874c2a3502b10f0d1b39f741bf0d02f50388b3282a48b9b,male|T1,male,1,2015,2015-09-20,Serie A,2015/2016,1010,823,187,0.1851485148514851,526,450,76,0.1444866920152091
3878605,training,3afb7870003f999499f09793bc0729453e1b07b757989e182033eb6b4c15a0e1,male|T1,male,1,2015,2015-09-20,Serie A,2015/2016,943,780,163,0.1728525980911983,459,401,58,0.1263616557734204
3878607,training,74da939d043bb5315bf8f1007a70c4036f0caf723442f858eedfde8d39b6c856,male|T1,male,1,2015,2015-09-20,Serie A,2015/2016,810,644,166,0.2049382716049382,335,267,68,0.2029850746268656
3878608,training,2a93caeababc2e79655b38e7cdbcc6f35156bda31d4146a99284b0185373dc0d,male|T1,male,1,2015,2015-09-20,Serie A,2015/2016,749,554,195,0.260347129506008,384,292,92,0.2395833333333333
3878610,training,5520b7460b21eb9b5d23cf7d52c7e75153824c52bc1d9c594dd18f8e6700f259,male|T1,male,1,2015,2015-09-20,Serie A,2015/2016,665,487,178,0.2676691729323308,338,266,72,0.2130177514792899
3878611,training,56f856198599b3fb88bb183646dea5eb3bc9171786a5ea6c25db311391f65b5f,male|T1,male,1,2015,2015-09-20,Serie A,2015/2016,775,604,171,0.2206451612903225,416,341,75,0.1802884615384615
3890301,training,1303e80599718e65978789fe6a20a9ad767a9cdf9f37547d1e234d0819f473f8,male|T1,male,1,2015,2015-09-20,1. Bundesliga,2015/2016,899,665,234,0.2602892102335928,455,360,95,0.2087912087912088
3825598,training,59a06e16e1bcdf79ce2554f7ac309f20793a7e83014e7e139729b1c23f244fc5,male|T1,male,1,2015,2015-09-22,La Liga,2015/2016,906,723,183,0.2019867549668874,462,390,72,0.1558441558441558
3825599,training,9a004398cbf1413713e9c22a9419df7f3da536543e23a274c07d95697117f74e,male|T1,male,1,2015,2015-09-22,La Liga,2015/2016,706,547,159,0.2252124645892351,320,263,57,0.178125
3825892,training,83115ab7f0f041d459f551af0239092aa74787d2ac0d715edbaf31467a7288aa,male|T1,male,1,2015,2015-09-22,La Liga,2015/2016,749,517,232,0.3097463284379172,373,288,85,0.227882037533512
3829474,training,46c4d86c4d18916840dcd2bd4221024156b42a2b0505ea51c45cf8ceb3c0fbcf,male|T1,male,1,2015,2015-09-22,Ligue 1,2015/2016,952,741,211,0.2216386554621848,466,392,74,0.1587982832618025
3879537,training,04e3b324b9fdb38a98a936ba39a844473c2bedb065b0833dd31dbe7f53dcbe18,male|T1,male,1,2015,2015-09-22,Serie A,2015/2016,749,552,197,0.2630173564753004,340,269,71,0.2088235294117647
266467,training,3048f60895303083c6620ce3f7085119717e03d783c470429fa1cedc4b7e6d27,male|T1,male,1,2015,2015-09-23,La Liga,2015/2016,828,651,177,0.213768115942029,419,340,79,0.18854415274463
3825601,training,133825da0f2302e43ce724f1b488295ce5986f5083bc0d39ebbe5e2fa2db9053,male|T1,male,1,2015,2015-09-23,La Liga,2015/2016,754,558,196,0.259946949602122,365,291,74,0.2027397260273972
3825602,training,1feff49d03804796d803b6bb0c786aace8b333544aaeec6ebccd72babc0402e8,male|T1,male,1,2015,2015-09-23,La Liga,2015/2016,979,805,174,0.177732379979571,517,441,76,0.1470019342359768
3825848,training,aced8b122da8ef2393fa2611632725d510895e04ae46ce081c6c5264adf6c9b6,male|T1,male,1,2015,2015-09-23,La Liga,2015/2016,776,534,242,0.3118556701030928,330,236,94,0.2848484848484848
3825895,training,a7f0ffcaee77680231bf8ae604bf3994bb3eec5996dc6334d1b28550d417c881,male|T1,male,1,2015,2015-09-23,La Liga,2015/2016,781,554,227,0.2906530089628681,423,320,103,0.243498817966903
3829475,training,71ab6a365ba1a8a9814986abc1c5c0df0a2411faf05f6e46f4c3593f0d4b64e3,male|T1,male,1,2015,2015-09-23,Ligue 1,2015/2016,1055,865,190,0.1800947867298578,537,462,75,0.1396648044692737
3829476,training,07898711302abba3898b74b083c82d3f086ee631ee7bd4fc31d08dd0e29cb71f,male|T1,male,1,2015,2015-09-23,Ligue 1,2015/2016,1010,793,217,0.2148514851485148,614,495,119,0.1938110749185667
3829477,training,0837ef4fb60e435e3f6d8d237e7c74d5292181f7e1216465ce82c50ddcbd38b2,male|T1,male,1,2015,2015-09-23,Ligue 1,2015/2016,824,646,178,0.2160194174757281,396,334,62,0.1565656565656565
3829478,training,62a46a7223704daa70721fe4a216f45a3ae4fd1f013c3f57b8bdb2274b2ffce7,male|T1,male,1,2015,2015-09-23,Ligue 1,2015/2016,880,683,197,0.2238636363636363,569,456,113,0.1985940246045694
3829479,training,148e04b48aaac0cbeaa5490058d43226f7d6cf8233ba3fcf224698c423b50e40,male|T1,male,1,2015,2015-09-23,Ligue 1,2015/2016,901,665,236,0.2619311875693674,426,331,95,0.2230046948356807
3829480,training,a2b78c927207cd50dad388e1f12d9227485ab8b7be7338c5c04f1b0060668fe7,male|T1,male,1,2015,2015-09-23,Ligue 1,2015/2016,927,689,238,0.2567421790722761,494,388,106,0.2145748987854251
3879539,training,7aacad62fd192276296148b9cc69ee3dbb4e19ef96cca1be6b3fd312775d1dbf,male|T1,male,1,2015,2015-09-23,Serie A,2015/2016,952,773,179,0.1880252100840336,435,376,59,0.135632183908046
3879540,training,3136e20a29aadf8ba614cb61988d50765cd0c01feff8634ee737228e539aea79,male|T1,male,1,2015,2015-09-23,Serie A,2015/2016,935,776,159,0.1700534759358288,383,326,57,0.1488250652741514
3879542,training,4be38528ef3f912ca4b38267afbf48189b9906b1842899e2ddb89ae986cbd0d7,male|T1,male,1,2015,2015-09-23,Serie A,2015/2016,858,702,156,0.1818181818181818,475,406,69,0.1452631578947368
3879543,training,2b0cdf219b07d42cf6741b7ca8d4197b0e0eecc246d04747c23d6ddd3c1e6a9b,male|T1,male,1,2015,2015-09-23,Serie A,2015/2016,863,706,157,0.1819235225955967,411,359,52,0.1265206812652068
3879544,training,25ace9a65f4947e5c8a371aa35e6af803f40e148bf8d0d332a09728680c70c5f,male|T1,male,1,2015,2015-09-23,Serie A,2015/2016,895,709,186,0.2078212290502793,471,402,69,0.1464968152866242
3879545,training,61d8d8988667517682d21f7112f03eb9d7d0a3e0a5c8f72ed983ea70049e7295,male|T1,male,1,2015,2015-09-23,Serie A,2015/2016,774,611,163,0.210594315245478,343,276,67,0.19533527696793
3890312,training,2cb5c180a2a7b37491c6e6eac40ccb0473a1056dd3dcb2a17d26bc5f5983e907,male|T1,male,1,2015,2015-09-23,1. Bundesliga,2015/2016,843,606,237,0.2811387900355871,324,251,73,0.2253086419753086
3825603,training,426757090ab1f6da6f88cd7bb6de0119d4eef64591f5843088bfb3558a9f5d19,male|T1,male,1,2015,2015-09-24,La Liga,2015/2016,826,625,201,0.2433414043583535,406,315,91,0.2241379310344827
3829481,training,20c4461d072d5092741f19f8bdd442be2850f4ee06a0e2abf70c4a55c9fc6735,male|T1,male,1,2015,2015-09-24,Ligue 1,2015/2016,848,641,207,0.2441037735849056,431,347,84,0.1948955916473317
3825604,training,1fe6603fd144de94f0766c5b09f4fd20f817521668e98f980082b00018cac08f,male|T1,male,1,2015,2015-09-25,La Liga,2015/2016,681,518,163,0.2393538913362702,348,291,57,0.1637931034482758
3829482,training,78f23580329fa28c62100a84f5d6f832b96e8e654bddd82b1e8647c43ef167dd,male|T1,male,1,2015,2015-09-25,Ligue 1,2015/2016,761,571,190,0.2496714848883048,421,339,82,0.1947743467933491
267611,training,58e40cda33c424df3fc54f555ad7dbf715f939e8b00c34814bf8cc56089fae5b,male|T1,male,1,2015,2015-09-26,La Liga,2015/2016,902,737,165,0.1829268292682926,384,326,58,0.1510416666666666
3753978,training,208faee5890841e977d90044b12e4c67ae03f75ab01a020dc2ccb88913daed39,male|T1,male,1,2015,2015-09-26,Premier League,2015/2016,943,729,214,0.2269353128313891,430,340,90,0.2093023255813953
3754001,training,1d7b4d804b82a8009d6407786e3628c0c1e9160f004722e5a2e552d7fba031c7,male|T1,male,1,2015,2015-09-26,Premier League,2015/2016,789,605,184,0.2332065906210393,350,280,70,0.2
3754008,training,ab5cec34beaf90efc6c41f0317857f36d26e399e357779eaea4c9f0afb3cc154,male|T1,male,1,2015,2015-09-26,Premier League,2015/2016,897,739,158,0.1761426978818283,528,444,84,0.1590909090909091
3754174,training,82beb8981d80242b9099b35e35594e733575696cb30cf53b16937181499530ae,male|T1,male,1,2015,2015-09-26,Premier League,2015/2016,915,734,181,0.1978142076502732,502,415,87,0.1733067729083665
3754197,training,662d00bcb3557317509ebfd1d02a46588ab4dab3709d78cf59e2f8acc6823346,male|T1,male,1,2015,2015-09-26,Premier League,2015/2016,881,632,249,0.282633371169126,349,254,95,0.2722063037249284
3754339,training,10764396a4d217976f3cd904bd5f206e5f26a2d49dbf755ec62e6f0077d9adb5,male|T1,male,1,2015,2015-09-26,Premier League,2015/2016,872,673,199,0.2282110091743119,418,337,81,0.1937799043062201
3825606,training,2e798ada7b1d4b364a70eec9b774edc891f40c6a9835674ea216820d0d6f7a33,male|T1,male,1,2015,2015-09-26,La Liga,2015/2016,927,775,152,0.1639697950377562,450,386,64,0.1422222222222222
3825607,training,7eca636aa28bed782d1f78a330aff449aae0ca2d8a661e790f7e6a6aac134357,male|T1,male,1,2015,2015-09-26,La Liga,2015/2016,1031,796,235,0.2279340446168768,485,385,100,0.2061855670103092
3829483,training,4e8dda47e7cc6e613556530739c25a0a599e4da82f57529cfe247bee21ff030c,male|T1,male,1,2015,2015-09-26,Ligue 1,2015/2016,920,742,178,0.1934782608695652,528,439,89,0.168560606060606
3829484,training,0e7e5a6fa9a1a7bf803867e381ed49e388541cc43a7a92baadbba79a0cdc3a71,male|T1,male,1,2015,2015-09-26,Ligue 1,2015/2016,1041,848,193,0.1853986551392891,573,485,88,0.1535776614310645
3829485,training,334f209a69141952ed666346efd1e7d2f32c3268fd74d0f5860a0bb25a9190ca,male|T1,male,1,2015,2015-09-26,Ligue 1,2015/2016,807,599,208,0.2577447335811648,462,361,101,0.2186147186147186
3829487,training,59d2bde1d6bf99ef7e81120d72ee3350cce9949e2544103f6e68b48f5216d153,male|T1,male,1,2015,2015-09-26,Ligue 1,2015/2016,811,614,197,0.2429099876695437,433,342,91,0.2101616628175519
3879547,training,10946140a98b087f8c34e3430062029ce6d5447212a628d8510e731c25c5283f,male|T1,male,1,2015,2015-09-26,Serie A,2015/2016,981,805,176,0.1794087665647298,479,396,83,0.1732776617954071
3879548,training,068cc00738e2af79a11a89f632ebf72149bed1d545827792a7445f505f7f32dc,male|T1,male,1,2015,2015-09-26,Serie A,2015/2016,956,796,160,0.1673640167364016,472,409,63,0.1334745762711864
3890315,training,201a248b71e419d661c72b1a57a736a2848c449cb36a06e38f89b168dea34d94,male|T1,male,1,2015,2015-09-26,1. Bundesliga,2015/2016,779,527,252,0.3234916559691912,324,230,94,0.2901234567901234
3825610,training,5debe168455524960f61d0a0d8fe058cb121ed098cab3090eb57373c952ec8ea,male|T1,male,1,2015,2015-09-27,La Liga,2015/2016,909,736,173,0.1903190319031903,435,363,72,0.1655172413793103
3825611,training,5f4035b509260ea949b576f6795f71bb68fea5716fc4fafc3d14247c567dba4b,male|T1,male,1,2015,2015-09-27,La Liga,2015/2016,846,682,164,0.1938534278959811,379,312,67,0.1767810026385224
3829489,training,a0340c4af68815789a54ce9f185291a0e9bac919aef2a6929b9b7845b72a59b9,male|T1,male,1,2015,2015-09-27,Ligue 1,2015/2016,709,551,158,0.2228490832157968,401,324,77,0.1920199501246882
3829491,training,2cd84560c4425402e99c4a72ebe57d07f70dcae833ada20ffaa0814ebcb529a4,male|T1,male,1,2015,2015-09-27,Ligue 1,2015/2016,845,708,137,0.1621301775147929,270,224,46,0.1703703703703703
3879549,training,2ee96c808a5967a4fdfb5bae5b29d3fa4dc5c562b00495ca42198b838ebee257,male|T1,male,1,2015,2015-09-27,Serie A,2015/2016,689,499,190,0.2757619738751814,319,248,71,0.2225705329153605
3879551,training,8e8487f72e3e36b4289e6ca09fa55ad1ca0d2ae1afac60e20874528b6f7d4268,male|T1,male,1,2015,2015-09-27,Serie A,2015/2016,787,600,187,0.2376111817026683,410,331,79,0.1926829268292683
3879552,training,0a547785e4bb6ea58ed48ec5e910683679c40f7f5e516f73f706a08d44a0ddf1,male|T1,male,1,2015,2015-09-27,Serie A,2015/2016,876,623,253,0.2888127853881279,438,316,122,0.2785388127853881
3879553,training,9b19af1b61089a8d92199065b688260e4786e939306182017be2434b22bd28fa,male|T1,male,1,2015,2015-09-27,Serie A,2015/2016,804,579,225,0.2798507462686567,376,291,85,0.226063829787234
3879554,training,80d7f74ac245629659f476755e01e6ce804598ac9e9ae5a8cb090cb0c8966c9f,male|T1,male,1,2015,2015-09-27,Serie A,2015/2016,884,730,154,0.17420814479638,469,415,54,0.115138592750533
3754105,training,65b3671c322183547f4eb08a410388f095e67382bc8fab737d21d899ef033790,male|T1,male,1,2015,2015-09-28,Premier League,2015/2016,871,667,204,0.2342135476463834,451,353,98,0.2172949002217294
3879556,training,643360fe623785c5d406956b02fe3cc02534d3083b025daa254616531cd182b2,male|T1,male,1,2015,2015-09-28,Serie A,2015/2016,650,464,186,0.2861538461538461,207,162,45,0.217391304347826
3829492,training,ad00921b6d4c455b05b134f402bca82abb6ef1769cbd9ab67f22b01dabc589b1,male|T1,male,1,2015,2015-09-29,Ligue 1,2015/2016,774,561,213,0.2751937984496124,415,321,94,0.2265060240963855
3825613,training,5e4e27dc0262a1540365ce701847c3c1de5e3cc5cef775283d6e60dd80d911a2,male|T1,male,1,2015,2015-10-02,La Liga,2015/2016,802,605,197,0.2456359102244389,402,309,93,0.2313432835820895
3829493,training,37dce25b14f87d3d2be5770903aaa1f5ac03e307a317bddcf4593dfc6d91cf19,male|T1,male,1,2015,2015-10-02,Ligue 1,2015/2016,775,561,214,0.2761290322580645,421,323,98,0.2327790973871734
3753995,training,42e870bb8ae26c4ebc0938042507f2c900b12bd32e6e8ea3d5a6e1b7a86c097d,male|T1,male,1,2015,2015-10-03,Premier League,2015/2016,894,688,206,0.2304250559284116,477,380,97,0.2033542976939203
3754076,training,6081f84438bcbf48aebeca5cb6fe9a08c6dfb83d8e166492538e4bcde3ef043e,male|T1,male,1,2015,2015-10-03,Premier League,2015/2016,801,626,175,0.2184769038701623,399,332,67,0.1679197994987468
3754079,training,44416ddb4b072b07e72a3481c3904c01b61afe5b4ca93f81400607367c77c797,male|T1,male,1,2015,2015-10-03,Premier League,2015/2016,899,731,168,0.1868743047830923,571,483,88,0.1541155866900175
3754099,training,7dffd25dcd323a78e42675275e4420eac8198209c0d6dba17776c29e39f6d8f1,male|T1,male,1,2015,2015-10-03,Premier League,2015/2016,756,541,215,0.2843915343915344,367,277,90,0.2452316076294278
3754278,training,5e84985137592a0e3c4d6aa802522519f4340afb9bf5ad7f7d1451a6573a2ded,male|T1,male,1,2015,2015-10-03,Premier League,2015/2016,932,695,237,0.2542918454935622,495,377,118,0.2383838383838384
3754330,training,a8555e633c6834602437763610be1b08251ac6c875f10b1314c7ff873c5c94ee,male|T1,male,1,2015,2015-10-03,Premier League,2015/2016,862,685,177,0.2053364269141531,409,345,64,0.1564792176039119
3754335,training,b1ef23e987c8271b4ffbb2dbe55d1cb4c74bf9893994639285cc001563982efa,male|T1,male,1,2015,2015-10-03,Premier League,2015/2016,787,559,228,0.289707750952986,338,272,66,0.1952662721893491
3825614,training,91b5477e5e13ae9edecfe8b34799466ff2ba101c17139e1c554f0b88e3b73aa6,male|T1,male,1,2015,2015-10-03,La Liga,2015/2016,725,497,228,0.3144827586206896,301,230,71,0.2358803986710963
3825616,training,4bb4db9984ed0fdd9971b314dd6c9cfc8d042518b1518ca1a13d178c96e132ef,male|T1,male,1,2015,2015-10-03,La Liga,2015/2016,866,669,197,0.2274826789838337,482,391,91,0.1887966804979253
3825617,training,86da464000b6559576251731ed226701c34d95c606473add658b73b39ccc3598,male|T1,male,1,2015,2015-10-03,La Liga,2015/2016,809,634,175,0.2163164400494437,442,370,72,0.1628959276018099
3825618,training,345ffa706126bc02c6d2e0b741204a6c26fbfc7baa643f20d500ac5c4c8bd729,male|T1,male,1,2015,2015-10-03,La Liga,2015/2016,912,686,226,0.2478070175438596,439,353,86,0.1958997722095672
3829494,training,3b3ce22c279176f0e8da66ff3713b8f8753a011ba895fdc3340c85833d256a1e,male|T1,male,1,2015,2015-10-03,Ligue 1,2015/2016,849,652,197,0.232037691401649,475,381,94,0.1978947368421052
3829495,training,ac1c64784315d9aeb672388951373bede50240f76eb6cfca418273eea041947b,male|T1,male,1,2015,2015-10-03,Ligue 1,2015/2016,998,767,231,0.2314629258517034,544,437,107,0.1966911764705882
3829496,training,0efeafd3e5c9849a688c6b0bebee1aff1f3c7def1497ab3a37d4834fcbacca96,male|T1,male,1,2015,2015-10-03,Ligue 1,2015/2016,792,620,172,0.2171717171717171,400,339,61,0.1525
3754060,training,afbd16d562b7353619293a7a536d2587b46fd871b84b256846d6c7a307586917,male|T1,male,1,2015,2015-10-04,Premier League,2015/2016,760,576,184,0.2421052631578947,382,312,70,0.1832460732984293
3754074,training,36cdc75afcea832f3321b25b7ef6ca13509fa53c0ef4e6b051010ccf251a7ed3,male|T1,male,1,2015,2015-10-04,Premier League,2015/2016,880,699,181,0.2056818181818182,436,354,82,0.1880733944954128
3754171,training,20b17fb57f2e7243a26724a6c7871c19bc1c9d551ac522194300b5bfe585b3a8,male|T1,male,1,2015,2015-10-04,Premier League,2015/2016,1014,847,167,0.1646942800788954,560,481,79,0.1410714285714285
3825619,training,771fd96709abaf007c987ba53210e6c4eb435822d24d60493851a458d54ff7b3,male|T1,male,1,2015,2015-10-04,La Liga,2015/2016,790,578,212,0.2683544303797468,331,245,86,0.2598187311178248
3825620,training,877f40474c0c04fdccbaa191c4616ca54cbb64aff1c08122ce0500198c1e917f,male|T1,male,1,2015,2015-10-04,La Liga,2015/2016,817,580,237,0.2900856793145654,339,252,87,0.2566371681415929
3825622,training,321a4f3a79edc6fc3904712e70d499a5cfe3ce3dec2d152b0c517b86a57037c4,male|T1,male,1,2015,2015-10-04,La Liga,2015/2016,881,690,191,0.2167990919409761,494,402,92,0.1862348178137652
3829498,training,6d53956ec056ab207c0f7e598f3c4fc32cf6b5c957fc7c77144651ecde3ed887,male|T1,male,1,2015,2015-10-04,Ligue 1,2015/2016,856,647,209,0.2441588785046729,445,360,85,0.1910112359550561
3829499,training,7ebe01b14fd5d45c3d24896a8bceea0aac079e85f64d6f093ea390f1402aa2c9,male|T1,male,1,2015,2015-10-04,Ligue 1,2015/2016,707,480,227,0.321074964639321,317,229,88,0.277602523659306
3829500,training,00e4831d4ecc79bcc5f9bbc88db731c332894894becd66b0d28dd2c6a3820fba,male|T1,male,1,2015,2015-10-04,Ligue 1,2015/2016,922,772,150,0.1626898047722342,539,471,68,0.1261595547309833
3879559,training,005b023772e11e6cbce71eec59c57bec82cc3ff1229611b610ce22138daf774c,male|T1,male,1,2015,2015-10-04,Serie A,2015/2016,1017,865,152,0.1494591937069813,510,456,54,0.1058823529411764
3879560,training,707d612cb0b57152437149a5245715db31b1db049989b1b167dccfe599427901,male|T1,male,1,2015,2015-10-04,Serie A,2015/2016,716,528,188,0.2625698324022346,376,290,86,0.2287234042553191
3879561,training,36826a020835a844807e24159da5f69e3c9c5d805867ba1d1de031db5527a154,male|T1,male,1,2015,2015-10-04,Serie A,2015/2016,923,785,138,0.1495124593716143,457,408,49,0.1072210065645514
3879562,training,671f6d92823badcd5cea4305a049b1cc19e638e8f1aa34da5b454dc1e8b4cf02,male|T1,male,1,2015,2015-10-04,Serie A,2015/2016,1020,800,220,0.2156862745098039,587,493,94,0.1601362862010221
3879564,training,3b5a72eb657e6ac8d9ce7308e65c9a5953fd983d42fdb0483bbf3dba991caa80,male|T1,male,1,2015,2015-10-04,Serie A,2015/2016,933,761,172,0.1843515541264737,574,487,87,0.151567944250871
3879565,training,28be74f77d383e3d9a04244b2bde9a0dc2488af378ce0223536a0b48fa9e839e,male|T1,male,1,2015,2015-10-04,Serie A,2015/2016,867,714,153,0.1764705882352941,417,345,72,0.1726618705035971
3829502,training,85c6f478008ce335e8509411fb42cee45eb9c7085a47538b27b04dd787ed3cb7,male|T1,male,1,2015,2015-10-16,Ligue 1,2015/2016,894,743,151,0.168903803131991,563,482,81,0.1438721136767318
3754067,training,82705cb0d8e1aff95d34e9b72a9407820d888d152f210f0b5fae14b0f0d687b5,male|T1,male,1,2015,2015-10-17,Premier League,2015/2016,817,658,159,0.1946144430844553,332,281,51,0.1536144578313253
3754115,training,59e021cf4fbbb8be449cf77ae41332a5d3fe5710178a46a17b47f37725ed51ec,male|T1,male,1,2015,2015-10-17,Premier League,2015/2016,803,601,202,0.2515566625155666,368,294,74,0.2010869565217391
3754193,training,8403b5d07b3d0593ac69c6ec6c9611882726426183274504a314b56890c54ef7,male|T1,male,1,2015,2015-10-17,Premier League,2015/2016,1014,803,211,0.2080867850098619,513,423,90,0.175438596491228
3754198,training,b0b4cb5546c8824ee2ac4e2048b7ca4b8df28f0e76d780f99aa23e3830fe2f47,male|T1,male,1,2015,2015-10-17,Premier League,2015/2016,819,599,220,0.2686202686202686,385,303,82,0.2129870129870129
3754256,training,4ede55d40c9f678f364a615170bcc7b531d2649a6825057847dfe4df617ab794,male|T1,male,1,2015,2015-10-17,Premier League,2015/2016,977,802,175,0.1791197543500511,538,452,86,0.1598513011152416
3754302,training,6dbb68131723933b956eb6e3d4466da410dcffbbbd4297d1331516bacf8d3261,male|T1,male,1,2015,2015-10-17,Premier League,2015/2016,719,515,204,0.2837273991655076,357,285,72,0.2016806722689075
3825627,training,a30704f620f1869b49f1b24be7270ae6cfde8445231beecb541dab10a659271f,male|T1,male,1,2015,2015-10-17,La Liga,2015/2016,934,756,178,0.1905781584582441,510,421,89,0.1745098039215686
3829504,training,1c802a044e7b7b85a4e98525853f976b1e79cc2659716a9b9201f2fb65a155ea,male|T1,male,1,2015,2015-10-17,Ligue 1,2015/2016,969,787,182,0.1878224974200206,504,423,81,0.1607142857142857
3829505,training,98aafb01ac8623148611d1ce3dffb24d466fdd02c40b75cb5660ad9e8c9a1065,male|T1,male,1,2015,2015-10-17,Ligue 1,2015/2016,940,733,207,0.2202127659574468,523,429,94,0.1797323135755258
3829506,training,a929210ab14a27f8328972a51dec67ec8dff7a958c29d05c3341229f3c36dad4,male|T1,male,1,2015,2015-10-17,Ligue 1,2015/2016,686,524,162,0.2361516034985422,354,283,71,0.2005649717514124
3829508,training,1ad813d5762dc7779e0b42d4a01fa737552d482e8f74e2678b5f16dbb6d42a24,male|T1,male,1,2015,2015-10-17,Ligue 1,2015/2016,747,554,193,0.2583668005354752,375,297,78,0.208
3879567,training,4a96ede67696e08c9e04833794be05013f8d4ccfa401bbc37b9c435c6d47881c,male|T1,male,1,2015,2015-10-17,Serie A,2015/2016,991,795,196,0.1977800201816347,521,426,95,0.182341650671785
3879568,training,67b77d40e2123909e36c9a0c5a939e4b41b5cd28536662aa0b7a1208a71e0197,male|T1,male,1,2015,2015-10-17,Serie A,2015/2016,810,646,164,0.2024691358024691,372,310,62,0.1666666666666666
3890337,training,7e4f7ff036543b35a3f0aaa682f7547440e810e3116038ff936d6bf9a024dcc4,male|T1,male,1,2015,2015-10-17,1. Bundesliga,2015/2016,779,516,263,0.337612323491656,355,246,109,0.3070422535211267
3754102,training,7b10a12fbe41921e4b1158613fd2faa1d761e90f0ce25424166e73517c56dc14,male|T1,male,1,2015,2015-10-18,Premier League,2015/2016,829,646,183,0.2207478890229191,444,355,89,0.2004504504504504
3825628,training,9bb672543d1a58629f6291f52f9f90da8ea7a71321cb031fb77658713673f416,male|T1,male,1,2015,2015-10-18,La Liga,2015/2016,942,802,140,0.1486199575371549,495,427,68,0.1373737373737373
3825629,training,399eb1c20b0d816a9a9ca2621cc5e94653edc1968dec870d3b8813213d745f1f,male|T1,male,1,2015,2015-10-18,La Liga,2015/2016,944,763,181,0.1917372881355932,574,483,91,0.1585365853658536
3825630,training,3121966aa6dd31489aec7e6c24aacd0b1723e7ce5cccfaf666363f830e691aaa,male|T1,male,1,2015,2015-10-18,La Liga,2015/2016,843,612,231,0.2740213523131672,325,245,80,0.2461538461538461
3825631,training,60db2a364330bac5d67f9740588c908ff76c76a8749e2bbb6e2f157f3b713e1b,male|T1,male,1,2015,2015-10-18,La Liga,2015/2016,929,705,224,0.2411194833153929,366,288,78,0.2131147540983606
3829509,training,3983f671d9b8dfc6e7088e3d78b5f665f1b0bb91206923c3049b18cbdfe693e6,male|T1,male,1,2015,2015-10-18,Ligue 1,2015/2016,859,676,183,0.2130384167636786,382,306,76,0.1989528795811518
3879571,training,13ba084dbe0027b7a07fbe5539a3287fe8a251e0c843dbc4ba6d2b22f1159386,male|T1,male,1,2015,2015-10-18,Serie A,2015/2016,881,692,189,0.2145289443813847,430,358,72,0.1674418604651162
3879572,training,ad2024047da1e199f25b876fbce247bc5e925d7f74bb25922137c78ad54d5d1d,male|T1,male,1,2015,2015-10-18,Serie A,2015/2016,956,747,209,0.2186192468619247,535,432,103,0.1925233644859813
3879573,training,53f1a131ccae71cbce438bdda5cb627617a91bc623a6f5d7fc45915efe5a1ca3,male|T1,male,1,2015,2015-10-18,Serie A,2015/2016,833,587,246,0.2953181272509003,409,308,101,0.2469437652811736
3879574,training,8f8d31a275244879e2fed8876dc9fa380572e581e33fd7561115a463dcdb48ef,male|T1,male,1,2015,2015-10-18,Serie A,2015/2016,883,719,164,0.1857304643261608,353,291,62,0.1756373937677053
3879575,training,56be5aa394677b8946ad5d6469ff57ed98e85511ca51f525ca41c353b0e6ad5b,male|T1,male,1,2015,2015-10-18,Serie A,2015/2016,969,765,204,0.2105263157894736,531,442,89,0.167608286252354
3879576,training,1d9342f8a0064e70fa3f589e82c49e1dd7d7f327ab0c002a45d346573b5e1793,male|T1,male,1,2015,2015-10-18,Serie A,2015/2016,736,567,169,0.2296195652173913,336,279,57,0.1696428571428571
3754269,training,010550b8607bf559da329302bda3e4b04ac7dd08d719bc86c6997a4788f742c0,male|T1,male,1,2015,2015-10-19,Premier League,2015/2016,1022,849,173,0.1692759295499021,530,448,82,0.1547169811320754
3825632,training,85ab604b9d413822e5079a518b38c47b14fcdf933f91bba492d3efd844df5663,male|T1,male,1,2015,2015-10-19,La Liga,2015/2016,748,551,197,0.2633689839572192,440,350,90,0.2045454545454545
3829512,training,4db53206ff55dd783af2525fe8cb17758d03b72ed4b8db24f865fbfc503f9648,male|T1,male,1,2015,2015-10-23,Ligue 1,2015/2016,896,695,201,0.2243303571428571,432,340,92,0.2129629629629629
3829513,training,3ba4e802eb41321b51dc875075bd0a22d4bca455c6fd758884724fa03fd76206,male|T1,male,1,2015,2015-10-23,Ligue 1,2015/2016,735,521,214,0.291156462585034,311,246,65,0.2090032154340836
3754017,training,6a9512e54c4e02b57f1744ecf8c6b829b6b0ac033f78dc169ddfa37cb42f14f0,male|T1,male,1,2015,2015-10-24,Premier League,2015/2016,796,578,218,0.2738693467336683,464,359,105,0.2262931034482758
3754126,training,919bb54b2d8ca0d2fb1bc4dc4af0838a85f31fd6ada90f2ec3848f2ece317127,male|T1,male,1,2015,2015-10-24,Premier League,2015/2016,924,753,171,0.185064935064935,497,418,79,0.158953722334004
3754133,training,29ae31630ed82111bacb18326fe656ee1736fc02904679be2bde59e1943977b4,male|T1,male,1,2015,2015-10-24,Premier League,2015/2016,823,591,232,0.2818955042527339,477,359,118,0.2473794549266247
3754263,training,3df40c1ff82ff4d98d2d6dc5618c52d0e55093d44811a565841d19d5b5b12278,male|T1,male,1,2015,2015-10-24,Premier League,2015/2016,905,676,229,0.2530386740331491,462,369,93,0.2012987012987013
3754288,training,6ded01c511dd6d14f274a1079068f6581843c3b53fe0ab13c5ebd1fe268a8ba7,male|T1,male,1,2015,2015-10-24,Premier League,2015/2016,819,647,172,0.21001221001221,486,400,86,0.176954732510288
3825635,training,29de0459e8bd45e2407bd3c7fc043b927c431c6ecb464d2a4bda806676f8c3cd,male|T1,male,1,2015,2015-10-24,La Liga,2015/2016,985,800,185,0.1878172588832487,544,461,83,0.1525735294117647
3825636,training,3778aa6cd1fc37feedfc071bfc058dd019a2255c5f7ed2fe74ff49c1556f7223,male|T1,male,1,2015,2015-10-24,La Liga,2015/2016,913,653,260,0.2847754654983571,484,357,127,0.262396694214876
3825874,training,64623487edc96bed56f0d9d996491ce22f0d0f97b30c3321599ee683f9ac6175,male|T1,male,1,2015,2015-10-24,La Liga,2015/2016,803,650,153,0.1905354919053549,429,363,66,0.1538461538461538
3829514,training,3657a5ee89b91b4fe9f8646014c21051d02ea0adbaae4204c95a37e13a0c58be,male|T1,male,1,2015,2015-10-24,Ligue 1,2015/2016,792,619,173,0.2184343434343434,409,345,64,0.1564792176039119
3829516,training,178fd878e3d023c2ffad236db12ffe9e4ac7157c355e50e9c4ff2e5afce75de0,male|T1,male,1,2015,2015-10-24,Ligue 1,2015/2016,1004,810,194,0.1932270916334661,511,433,78,0.1526418786692759
3829517,training,a437692d604782eb1c53ac724d3b2c73a0eaea910dac15f5aec4a33ee5292b05,male|T1,male,1,2015,2015-10-24,Ligue 1,2015/2016,881,678,203,0.2304199772985244,373,299,74,0.1983914209115281
3879577,training,02fbef61829aafb99aa1e960c105769b0761a326fc2b2bd06ab31d5d851137c3,male|T1,male,1,2015,2015-10-24,Serie A,2015/2016,799,590,209,0.2615769712140175,331,261,70,0.2114803625377643
3879578,training,4eb4fd696e197fbe8a707bdacc21beee288bddd2ff70f353a99ff7037fd76142,male|T1,male,1,2015,2015-10-24,Serie A,2015/2016,927,758,169,0.1823085221143473,361,306,55,0.1523545706371191
3879579,training,7985c8701ccdb632d4ba979383f8df1b52aa25724491940e4e5bdcd5f1e79648,male|T1,male,1,2015,2015-10-24,Serie A,2015/2016,872,692,180,0.2064220183486238,473,395,78,0.1649048625792812
3754119,training,7992dc2efee2003f0cb1899acd0b3745e7ebf3d95881bdaf9246dc80fee8ce40,male|T1,male,1,2015,2015-10-25,Premier League,2015/2016,749,576,173,0.2309746328437917,364,289,75,0.206043956043956
3754230,training,730cf18d0489829d6f5f68746cd001f57cc45dcade8758e87bcc6e7e46ef09a7,male|T1,male,1,2015,2015-10-25,Premier League,2015/2016,930,726,204,0.2193548387096774,459,371,88,0.1917211328976034
3754234,training,65348f16ccce94012ccc41977443c08503128aef3ba18cf373be1243561c978e,male|T1,male,1,2015,2015-10-25,Premier League,2015/2016,919,709,210,0.2285092491838955,501,412,89,0.1776447105788423
3825638,training,2c1f4d2532446013d42eb44c3f99a7461b03df5ce4b18e2776ec8d6ef92b0218,male|T1,male,1,2015,2015-10-25,La Liga,2015/2016,856,661,195,0.227803738317757,488,400,88,0.180327868852459
3825639,training,9cf290b19202d659bf1dd65ada0e29e607e2c314d4654df5c37d3e9f499f59f0,male|T1,male,1,2015,2015-10-25,La Liga,2015/2016,923,686,237,0.256771397616468,320,240,80,0.25
3829518,training,54374b908942f8b76c64cf3f00e289fe43cf1947ec65b60a94b334b10f8dc098,male|T1,male,1,2015,2015-10-25,Ligue 1,2015/2016,686,481,205,0.2988338192419825,299,226,73,0.2441471571906354
3829519,training,79505377264653f278c1e9573baa38aea9576e1f0f5b8a808d3833f381ee93c3,male|T1,male,1,2015,2015-10-25,Ligue 1,2015/2016,1208,1031,177,0.146523178807947,584,512,72,0.1232876712328767
3829520,training,48b94793b8e9f8aa2a48e645c4be1a03e0bd5c0bedb5512284333b3bb0341a82,male|T1,male,1,2015,2015-10-25,Ligue 1,2015/2016,923,723,200,0.2166847237269772,424,347,77,0.1816037735849056
3879580,training,20fa79f71b0c4ca2823b7a0b99f49aadcb09d33050f060107ad3be04b17c969f,male|T1,male,1,2015,2015-10-25,Serie A,2015/2016,984,835,149,0.1514227642276422,511,443,68,0.1330724070450097
3879581,training,7163237076dcebcd66a67001447f3e8c15c42514390ccdf8d719ca0666be95c2,male|T1,male,1,2015,2015-10-25,Serie A,2015/2016,1040,804,236,0.2269230769230769,601,481,120,0.1996672212978369
3879582,training,0b41cd7f46ba28bf39c44b378bc96ce8be88c728cb82ba5a3641f958170a6bc5,male|T1,male,1,2015,2015-10-25,Serie A,2015/2016,902,714,188,0.2084257206208425,391,314,77,0.1969309462915601
3879584,training,071e1be6ace8aa5e1553136826b28445edb6ebabaf781f4c9606c46c5e18998e,male|T1,male,1,2015,2015-10-25,Serie A,2015/2016,870,651,219,0.2517241379310345,438,345,93,0.2123287671232876
3879586,training,35662dc752c61d98072ac3e735ebace348131da9232efcf12e379054ecba7133,male|T1,male,1,2015,2015-10-25,Serie A,2015/2016,893,744,149,0.1668533034714445,415,365,50,0.1204819277108433
3879588,training,a954650ebcf71715f0adce906a2e58d7612a7bf55ae762395e97b46ab677e070,male|T1,male,1,2015,2015-10-28,Serie A,2015/2016,834,612,222,0.2661870503597122,430,334,96,0.2232558139534883
3879590,training,8909956e2b73587760aeae7aac723e772322b6047e029aa0d605c4e6a591b41e,male|T1,male,1,2015,2015-10-28,Serie A,2015/2016,799,617,182,0.227784730913642,372,300,72,0.1935483870967742
3879591,training,8f61e9a23f4767ef560ce10fdf57f04865115dbc31a8709f1550fe2f70dfdaa7,male|T1,male,1,2015,2015-10-28,Serie A,2015/2016,812,611,201,0.2475369458128078,313,261,52,0.1661341853035143
3879592,training,9794b4d13f67f428c7254d58e8ced659c2a4232dbec5359daaf736366203eecc,male|T1,male,1,2015,2015-10-28,Serie A,2015/2016,904,760,144,0.1592920353982301,480,421,59,0.1229166666666666
3879593,training,767aae86a76fdd96f4eba0a921f45b05475b43f46af973883609e23a507d2135,male|T1,male,1,2015,2015-10-28,Serie A,2015/2016,1183,984,199,0.1682163989856297,683,594,89,0.130307467057101
3879594,training,5b21b0fb1434c9f17ee643551bd2f04f4eebb1301a1b9a4641c86959821e9261,male|T1,male,1,2015,2015-10-28,Serie A,2015/2016,913,689,224,0.2453450164293537,459,376,83,0.1808278867102396
3879595,training,961aca6fe6e62d721a6a2b396c62836a0530d43dc058966fa4c2e41ae168f48b,male|T1,male,1,2015,2015-10-28,Serie A,2015/2016,1053,844,209,0.1984805318138651,564,459,105,0.1861702127659574
3879596,training,92c800d95ae4fd088fc92e1d5956baf2f52a31d299e471f253b51650e58a853b,male|T1,male,1,2015,2015-10-29,Serie A,2015/2016,950,775,175,0.1842105263157894,416,348,68,0.1634615384615384
3825642,training,a13b51deb4f4bd55c4f8248fce42b6207546428646857fb18ba459f61ea0ead7,male|T1,male,1,2015,2015-10-30,La Liga,2015/2016,1075,853,222,0.2065116279069767,564,467,97,0.1719858156028368
3900490,training,1e05eeec4d32fd5448b1f80c49de37c9ab21fa14692c74b66af904e4955a4cba,male|T1,male,1,2015,2015-10-30,Ligue 1,2015/2016,1150,973,177,0.1539130434782608,711,609,102,0.1434599156118143
3753983,training,5406cc059376c387b9cc1380c382ba408b0297b2b3d5c9004d8e6d809f6021ed,male|T1,male,1,2015,2015-10-31,Premier League,2015/2016,1010,827,183,0.1811881188118811,512,438,74,0.14453125
3754006,training,5a9f3c0ecc08471d4856fba5249cdc43f48c190aa997824665929bc9e4d5e16a,male|T1,male,1,2015,2015-10-31,Premier League,2015/2016,720,496,224,0.3111111111111111,387,288,99,0.2558139534883721
3754090,training,3ab318a1d7714acc7578afaa5bff931eb92dd08008a30527ce7841c4426b006f,male|T1,male,1,2015,2015-10-31,Premier League,2015/2016,793,620,173,0.2181588902900378,515,443,72,0.1398058252427184
3754098,training,10a8e46a97cecc3eb492f1cba152e94112afad8f3d431953bd44e6cee02fb088,male|T1,male,1,2015,2015-10-31,Premier League,2015/2016,949,754,195,0.2054794520547945,497,403,94,0.1891348088531187
3754167,training,335c409afc3df38a167e868bf210e27bbec5ac8186c82d8b85c8820cc24655c0,male|T1,male,1,2015,2015-10-31,Premier League,2015/2016,1036,861,175,0.1689189189189189,479,411,68,0.1419624217118998
3754223,training,3af45ff880773e6e066442f3ed14e8995eb4a9fc9e82e4d7d3956ebed95783ef,male|T1,male,1,2015,2015-10-31,Premier League,2015/2016,807,633,174,0.2156133828996282,365,296,69,0.1890410958904109
3754273,training,2bc8014ad5bf64f44da4609c9a22396646c1e9f4f2f3e2f28fe4a169a996dc4e,male|T1,male,1,2015,2015-10-31,Premier League,2015/2016,790,600,190,0.240506329113924,347,285,62,0.1786743515850144
3825643,training,333c3e166b1fa004675799f6befd1107c56bd693206bcbd839378e858d2b1971,male|T1,male,1,2015,2015-10-31,La Liga,2015/2016,1139,981,158,0.1387181738366988,546,462,84,0.1538461538461538
3825644,training,a8ca1d92cf5dab8808a8909a28b7c00d2901f9dd9259c59deba2a378318853d7,male|T1,male,1,2015,2015-10-31,La Liga,2015/2016,785,565,220,0.2802547770700637,349,279,70,0.2005730659025787
3825646,training,49ec4214c2ace5c0c170bfe9f1681afa726fabf3fd3e20731edc25e1da76d1a8,male|T1,male,1,2015,2015-10-31,La Liga,2015/2016,793,582,211,0.266078184110971,269,204,65,0.241635687732342
3825647,training,24f584df7d9c5ffebef5bf5ad75dc36dca2ab76b668ac23f70f2f46b30d80710,male|T1,male,1,2015,2015-10-31,La Liga,2015/2016,708,532,176,0.2485875706214689,316,253,63,0.1993670886075949
3879597,training,2a35c151229c66f9c053ce365b7bfd7106217cddc6b73acae1a4aa3bc77f7c0f,male|T1,male,1,2015,2015-10-31,Serie A,2015/2016,897,770,127,0.1415830546265329,422,369,53,0.1255924170616113
3879598,training,0f7f8f863fe65240f9bcefcf7bb27cd0a89c0eacc128c364e8027d2107b167a6,male|T1,male,1,2015,2015-10-31,Serie A,2015/2016,888,702,186,0.2094594594594594,356,294,62,0.1741573033707865
3890350,training,91741cf6da30f16dfac564ec44d09c234dee96724dbf1d910979ffd0cdd40005,male|T1,male,1,2015,2015-10-31,1. Bundesliga,2015/2016,836,620,216,0.2583732057416268,465,366,99,0.2129032258064516
3900491,training,050e4525440ef7512c6b089d967b1f2646c21b4872215478a95aeb237fe40707,male|T1,male,1,2015,2015-10-31,Ligue 1,2015/2016,742,552,190,0.2560646900269542,364,296,68,0.1868131868131868
3900492,training,0f8b8131031fc27854527eba4681b4593873816e4fcb9bec03505261941058ce,male|T1,male,1,2015,2015-10-31,Ligue 1,2015/2016,780,636,144,0.1846153846153846,468,401,67,0.1431623931623931
3900493,training,6a8dfd07187cc09abb92fa69d393b321f3af1d1a2d61f14c5a2fbaba79a19d39,male|T1,male,1,2015,2015-10-31,Ligue 1,2015/2016,981,805,176,0.1794087665647298,588,505,83,0.141156462585034
3900495,training,a3c190b3d7d0f7f4e6240a92bce90cf6279e3bcfbc10cf37dfbf99a0b7428968,male|T1,male,1,2015,2015-10-31,Ligue 1,2015/2016,752,507,245,0.3257978723404255,444,332,112,0.2522522522522522
3754082,training,2e5bd5fc947078c45ae8f752f25a39d79c359498597daa6b9151d60d5a93b78d,male|T1,male,1,2015,2015-11-01,Premier League,2015/2016,1023,855,168,0.1642228739002932,487,400,87,0.1786447638603696
3825648,training,2ddec08a9423045e99537f12fa4928dcd2b75b4f38407cc438aacfaaee43fc6f,male|T1,male,1,2015,2015-11-01,La Liga,2015/2016,777,493,284,0.3655083655083655,317,221,96,0.3028391167192429
3825650,training,824c532a9a918d2c0448154b819788a5a1c8f8ce21a76b481f6b46443428724e,male|T1,male,1,2015,2015-11-01,La Liga,2015/2016,801,602,199,0.2484394506866417,393,317,76,0.193384223918575
3825651,training,5904c2257de2ca4ea911848109a2a1799c3f169e5841308c2c91b01c6de1cd0d,male|T1,male,1,2015,2015-11-01,La Liga,2015/2016,641,428,213,0.3322932917316692,285,215,70,0.2456140350877192
3879599,training,687c614a5af6fbe47e98586a2913af5bf73027138f7212cc2ee6a670cb848c25,male|T1,male,1,2015,2015-11-01,Serie A,2015/2016,769,545,224,0.2912873862158647,380,285,95,0.25
3879601,training,8b2a9bad1c86cec4cf61f98fba74f8d6e701700bfd887337c5a02a0e5af88a94,male|T1,male,1,2015,2015-11-01,Serie A,2015/2016,837,603,234,0.2795698924731182,374,284,90,0.2406417112299465
3879602,training,30f998c0a22ac366500df4b36c00aacd7c9d9147b1ca9a08626d8cf0a3231abf,male|T1,male,1,2015,2015-11-01,Serie A,2015/2016,1071,931,140,0.130718954248366,511,460,51,0.0998043052837573
3879603,training,6f46495f2d597cfe411922b87313be7217931753dc2b8bb918248e72d9692a8e,male|T1,male,1,2015,2015-11-01,Serie A,2015/2016,806,580,226,0.2803970223325062,515,388,127,0.2466019417475728
3879604,training,a4bbe31209d7fde3032ef97e96dcd2b75ddd645ff8a62d64cdc05b56e4678ecf,male|T1,male,1,2015,2015-11-01,Serie A,2015/2016,818,627,191,0.2334963325183374,433,347,86,0.1986143187066974
3900497,training,532975b8f3f3a1284c0d769ee5b380c0b714378ccb446838c7e8195a9c4325ea,male|T1,male,1,2015,2015-11-01,Ligue 1,2015/2016,786,584,202,0.2569974554707379,341,265,76,0.2228739002932551
3900498,training,68b9d1bb83dfefe5eafd184c75f5b5db88047031bc8abf266362acc00f2ba7c5,male|T1,male,1,2015,2015-11-01,Ligue 1,2015/2016,916,716,200,0.2183406113537118,439,357,82,0.1867881548974943
3754029,training,af151bed8c4d3de311818acfa1e1061b6ee1008e142a2c33191f626000de3562,male|T1,male,1,2015,2015-11-02,Premier League,2015/2016,824,619,205,0.2487864077669903,398,311,87,0.2185929648241206
3879605,training,1f4673873cf9a058b8657a27125f115448d651287102de914d3bb4d338513335,male|T1,male,1,2015,2015-11-02,Serie A,2015/2016,856,668,188,0.219626168224299,416,349,67,0.1610576923076923
3829522,training,5b43264cf63c77219d97062419e8f13029cb2ffeb161439d8202b7b2dfead11d,male|T1,male,1,2015,2015-11-04,Ligue 1,2015/2016,925,725,200,0.2162162162162162,542,453,89,0.1642066420664206
3754000,training,840b78a137612ff3b95813f5c3d7953718e3de12f725b6470fad833eba54cfca,male|T1,male,1,2015,2015-11-07,Premier League,2015/2016,876,625,251,0.2865296803652968,360,277,83,0.2305555555555555
3754156,training,3788fe7530a7e277e47815849ca0f4ac04168595eb6cc40d366c23eff935a39b,male|T1,male,1,2015,2015-11-07,Premier League,2015/2016,955,679,276,0.2890052356020942,456,335,121,0.2653508771929824
3754194,training,3e21785d6946286d0a19e903e60e0c9c97a076fa91b13fc09d6a3110b6ebd132,male|T1,male,1,2015,2015-11-07,Premier League,2015/2016,869,729,140,0.1611047180667434,409,346,63,0.1540342298288508
3754293,training,6a8251a49f8fb7e9432556f741087c5a9bbf78791c632ed80c65c323805b1c46,male|T1,male,1,2015,2015-11-07,Premier League,2015/2016,744,571,173,0.2325268817204301,395,322,73,0.1848101265822785
3754297,training,1a684968499b2f42864f68586cd7272a127af6ab4362ef5be9b52f90d8efddd4,male|T1,male,1,2015,2015-11-07,Premier League,2015/2016,965,731,234,0.2424870466321243,539,421,118,0.2189239332096475
3825653,training,7f0fae96dc84d5ded95b2d6124e9b068bb6604171fe7cb678bcefc5caf75011b,male|T1,male,1,2015,2015-11-07,La Liga,2015/2016,798,562,236,0.2957393483709273,475,360,115,0.2421052631578947
3825654,training,3ec9ae3b032febb840eaebfc08d985595c656b8a8a9b107bf7502610826878ca,male|T1,male,1,2015,2015-11-07,La Liga,2015/2016,690,501,189,0.2739130434782608,299,222,77,0.2575250836120401
3825655,training,ad27a31828df63e3ebe252c8cbf4b76dd2cc90bf90037c7c2e9d4846780dc99f,male|T1,male,1,2015,2015-11-07,La Liga,2015/2016,738,520,218,0.2953929539295393,302,228,74,0.2450331125827814
3825656,training,3b6101df1ac32b0b5f4d61b3b6a5bf1109555bef124d0b9f2890e04be0c51c8a,male|T1,male,1,2015,2015-11-07,La Liga,2015/2016,814,568,246,0.3022113022113022,322,241,81,0.2515527950310559
3879607,training,75f63639bf5894ff5d0ea655f928930df525f95be3982c5d956d560cc741bda6,male|T1,male,1,2015,2015-11-07,Serie A,2015/2016,797,596,201,0.2521957340025094,415,341,74,0.1783132530120482
3879608,training,97b00f65cf5c127decaccf4ca903663cfb6697a5735d074b712f72f5bb1ada71,male|T1,male,1,2015,2015-11-07,Serie A,2015/2016,897,694,203,0.2263099219620958,512,417,95,0.185546875
3890359,training,6ec0ab1314c25b2ebbff2ed44a1d9a4f81c401fe281b20b4f553376f9630b558,male|T1,male,1,2015,2015-11-07,1. Bundesliga,2015/2016,698,511,187,0.2679083094555874,371,289,82,0.2210242587601078
3900501,training,5098c7b7581ef7f2900d5f42f7d77045ffe557923390154790f1b0b47687bd29,male|T1,male,1,2015,2015-11-07,Ligue 1,2015/2016,1084,966,118,0.1088560885608856,616,561,55,0.0892857142857142
3900504,training,1e83cca791d0c93bcdb543ed7df61fcf6746a512aaf85ac103ada6f0c23082ff,male|T1,male,1,2015,2015-11-07,Ligue 1,2015/2016,893,678,215,0.2407614781634938,444,358,86,0.1936936936936936
3900506,training,127de54caa7c76972715e0a6a7802e7ad59dbb759d83d9222490993072feed52,male|T1,male,1,2015,2015-11-07,Ligue 1,2015/2016,870,646,224,0.2574712643678161,493,406,87,0.1764705882352941
3754258,training,77e5f0ba9a4548bf5d8f103ecec9650eac4bc3f057d29a5d723fee11926534da,male|T1,male,1,2015,2015-11-08,Premier League,2015/2016,983,795,188,0.1912512716174974,431,352,79,0.1832946635730858
3754265,training,1df1c305e506a4b6a63976b1249d98d2a082661b6961e98970ea4801b680e493,male|T1,male,1,2015,2015-11-08,Premier League,2015/2016,817,607,210,0.2570379436964504,357,287,70,0.196078431372549
3825658,training,52e6b7bcb41ef2766f94bcf2847d539a420e36bb722f15cc59cd299c38c4020c,male|T1,male,1,2015,2015-11-08,La Liga,2015/2016,891,627,264,0.2962962962962963,388,296,92,0.2371134020618556
3825661,training,a87766ec7fc8f4eeafe973c3f928216c4e5278dcd557049c1e16724d741ddccb,male|T1,male,1,2015,2015-11-08,La Liga,2015/2016,1027,889,138,0.1343719571567672,573,520,53,0.0924956369982548
3879610,training,14387982e82b85218068e8544f5b3d4a535e2f8c91008f7b9d436eb4a092d68d,male|T1,male,1,2015,2015-11-08,Serie A,2015/2016,740,539,201,0.2716216216216216,314,246,68,0.2165605095541401
3879611,training,6b020173689d40bf13dc826499ea911fb521c58cb60376d4fb88dd4c5937a6e8,male|T1,male,1,2015,2015-11-08,Serie A,2015/2016,767,572,195,0.2542372881355932,374,298,76,0.2032085561497326
3879613,training,5456b6b7938849669c2d18b3b6d99d8bc5cc553280a5d09efa33383eaa32f837,male|T1,male,1,2015,2015-11-08,Serie A,2015/2016,948,767,181,0.1909282700421941,560,481,79,0.1410714285714285
3879614,training,5533e2fe4d5a6d51f37a2fb9f871431de90f10536da2f8b3e1208d156e660686,male|T1,male,1,2015,2015-11-08,Serie A,2015/2016,946,754,192,0.2029598308668076,434,347,87,0.2004608294930875
3900507,training,a47388d41881f9af3a771dfc60c084bd0944c0440d4020748c19a5eaa4219402,male|T1,male,1,2015,2015-11-08,Ligue 1,2015/2016,909,702,207,0.2277227722772277,525,418,107,0.2038095238095238
3900508,training,8897a18d3f6ab4f43f2a6cc960416aece171720d1f39dbfda6d816a39e5a8596,male|T1,male,1,2015,2015-11-08,Ligue 1,2015/2016,837,674,163,0.1947431302270011,336,276,60,0.1785714285714285
3900509,training,7e756524d9db9abd49de19c5c1c415b13bb6d6beeab9434bd462067b5657db1d,male|T1,male,1,2015,2015-11-08,Ligue 1,2015/2016,669,493,176,0.2630792227204783,287,224,63,0.2195121951219512
3900510,training,1380cf05183f8086575e86f8774dda686d809bb7ceea265858934b9dd8d3bdf1,male|T1,male,1,2015,2015-11-20,Ligue 1,2015/2016,1150,951,199,0.1730434782608695,737,634,103,0.1397557666214382
266424,training,8eb0eb969863c0e29fbcd325abb2a948b3af4274560bae0c4b9d0209d1891cba,male|T1,male,1,2015,2015-11-21,La Liga,2015/2016,1069,907,162,0.1515434985968194,625,548,77,0.1232
3753996,training,7219f0593a81ad5662132b03e7e8070c0ba8a590a1beb356a2e3d95b87390131,male|T1,male,1,2015,2015-11-21,Premier League,2015/2016,929,739,190,0.2045209903121636,393,326,67,0.1704834605597964
3754208,training,66ce8b966ac363446e36fb54d3ea92d94f1f2879a383b0a8ff4715c3d07ebc08,male|T1,male,1,2015,2015-11-21,Premier League,2015/2016,913,660,253,0.2771084337349397,385,308,77,0.2
3754211,training,ad34d70a74d97b34fafc8638a25ad5b779ddd6126490f88ba556e2c7783d048d,male|T1,male,1,2015,2015-11-21,Premier League,2015/2016,814,615,199,0.2444717444717444,408,324,84,0.2058823529411764
3754283,training,02d60164d573b86be2e37636f3d02320141eb18f652008abbb0e9af735ebfc93,male|T1,male,1,2015,2015-11-21,Premier League,2015/2016,1008,863,145,0.1438492063492063,574,497,77,0.1341463414634146
3754301,training,5619879a4df6dcecb72d2cc419563aecec598c7319f26c9175e50e8af1327186,male|T1,male,1,2015,2015-11-21,Premier League,2015/2016,931,729,202,0.2169709989258861,573,460,113,0.1972076788830715
3825663,training,992974d3b7d1ca9eec5438af59c41c0695b182e1c692507378fa663125602a7e,male|T1,male,1,2015,2015-11-21,La Liga,2015/2016,765,556,209,0.2732026143790849,385,306,79,0.2051948051948052
3825664,training,52a2cde1003345de0a0ec071d467f6af84f82100a54db255c13dd951e3fa1f30,male|T1,male,1,2015,2015-11-21,La Liga,2015/2016,829,593,236,0.2846803377563329,429,340,89,0.2074592074592074
3879617,training,3271bef960436e76f13dae7d0612848da4a0f69a7b8ec528928dc70251e2fd7d,male|T1,male,1,2015,2015-11-21,Serie A,2015/2016,590,280,310,0.5254237288135594,241,129,112,0.4647302904564315
3900511,training,970a9b7c2a89a1248e441e36bfcbf55930fc9f8a250f148b380b7ee5299cead4,male|T1,male,1,2015,2015-11-21,Ligue 1,2015/2016,1111,923,188,0.1692169216921692,560,484,76,0.1357142857142857
3900512,training,7d04d31fd3f09262568839aa579bf682e54da3ba2f79fc9a801f6bdb6e6fdf20,male|T1,male,1,2015,2015-11-21,Ligue 1,2015/2016,850,655,195,0.2294117647058823,527,424,103,0.1954459203036053
3900513,training,43730ecc64816c3bf15d2bdd959c0cb76f080c1e9dff1bc8235b28f82232b81d,male|T1,male,1,2015,2015-11-21,Ligue 1,2015/2016,845,656,189,0.2236686390532544,457,378,79,0.1728665207877461
3900514,training,0f884c13b7c9ce888bc7d85c5e2afd3352a411eb66decb87ef8768b48007f6a8,male|T1,male,1,2015,2015-11-21,Ligue 1,2015/2016,717,551,166,0.2315202231520223,345,279,66,0.1913043478260869
3900515,training,5ab61af5504e1e907b2a01038d5fd6ecb309d5e477d88260aa87ba47412e1997,male|T1,male,1,2015,2015-11-21,Ligue 1,2015/2016,880,671,209,0.2375,506,413,93,0.183794466403162
3754109,training,8b2ef6cbef34002c973beafec6f069de5e074b1816b247dae10d7bc705a07846,male|T1,male,1,2015,2015-11-22,Premier League,2015/2016,859,661,198,0.2305005820721769,419,331,88,0.2100238663484487
3825666,training,9dca0e7d01778ea460dfd8056194255ed2f3aa68a7319243fe1e320f7922c0a7,male|T1,male,1,2015,2015-11-22,La Liga,2015/2016,1037,817,220,0.2121504339440694,628,520,108,0.1719745222929936
3825668,training,51cd54939cc13a3da6178dd02ba4e53d263f2f5d9c761c2fa98c46a447927222,male|T1,male,1,2015,2015-11-22,La Liga,2015/2016,850,625,225,0.2647058823529412,446,336,110,0.2466367713004484
3879622,training,4638bb53b576881d2348b6fa9a01857033bb17a6b112a48ff418db736bd6fd55,male|T1,male,1,2015,2015-11-22,Serie A,2015/2016,712,496,216,0.3033707865168539,347,270,77,0.2219020172910663
3879623,training,40a407471013064d03c6aff678197075b3ca8c88aa9fd125c42291afd2ba183f,male|T1,male,1,2015,2015-11-22,Serie A,2015/2016,974,807,167,0.1714579055441478,442,383,59,0.1334841628959276
3879624,training,5b46999524b327e594e544c64a98830b656e45a49dfbe8b1d2f589d167cefd3c,male|T1,male,1,2015,2015-11-22,Serie A,2015/2016,823,590,233,0.2831105710814094,413,320,93,0.2251815980629539
3879625,training,0c35f053d5093d48f5fc809d9d3dc8fdce38b6d92d74cde6e9b99d7fb7671810,male|T1,male,1,2015,2015-11-22,Serie A,2015/2016,929,697,232,0.2497308934337997,492,390,102,0.2073170731707317
3879626,training,784cfcbbc3de15e9a80e8102ff9a7c981bf73b937b4c020b8c0eadcc88e405a9,male|T1,male,1,2015,2015-11-22,Serie A,2015/2016,780,592,188,0.241025641025641,356,284,72,0.2022471910112359
3900516,training,43edde9c4d8cc5c3db48cdb294103abce82bd7e5d5b5b3a09892967c760632cd,male|T1,male,1,2015,2015-11-22,Ligue 1,2015/2016,901,707,194,0.2153163152053274,473,388,85,0.1797040169133192
3753979,training,7cbf6f15d1fb43e72c4e15da93de26f26c8e7b45ea5d5ea633f84640d4654bba,male|T1,male,1,2015,2015-11-23,Premier League,2015/2016,726,528,198,0.2727272727272727,396,317,79,0.1994949494949495
3825669,training,896d82a2fe73fc26de543537dd1bd6dd8369eea7d56197e8190c5c235a993830,male|T1,male,1,2015,2015-11-23,La Liga,2015/2016,723,525,198,0.2738589211618257,343,268,75,0.2186588921282798
3825670,training,101e61a890b5ee0e76efeedc9fb0513a3a0260a8e333f7caf652d753385d4183,male|T1,male,1,2015,2015-11-27,La Liga,2015/2016,818,616,202,0.2469437652811736,409,321,88,0.2151589242053789
266885,training,04d49b202bbd7aebb2581ca84c56998ac0d364c1a43f8f946e26d02f8094b0dc,male|T1,male,1,2015,2015-11-28,La Liga,2015/2016,924,748,176,0.1904761904761904,445,377,68,0.1528089887640449
3754150,training,763cc8eae3999cba0262e0b55a2804641f460eef51f5b21b6dc3db9945d060f1,male|T1,male,1,2015,2015-11-28,Premier League,2015/2016,892,746,146,0.163677130044843,496,425,71,0.1431451612903226
3754157,training,03bac863752bb15ddebd350d4cbfa7043f07a3a5df66eb2547a3082f23cfdcab,male|T1,male,1,2015,2015-11-28,Premier League,2015/2016,984,773,211,0.214430894308943,511,407,104,0.2035225048923679
3754178,training,8d63a170016ce40f97dd3f47d8d677606f7a203ca3eabc53fceffb44cb636512,male|T1,male,1,2015,2015-11-28,Premier League,2015/2016,759,548,211,0.2779973649538867,302,229,73,0.2417218543046357
3754186,training,7bc82e8dc0059fb58f2b2aef5ed48600a8614a3991cfa122a0afa57bb7332c9d,male|T1,male,1,2015,2015-11-28,Premier League,2015/2016,860,656,204,0.2372093023255814,494,392,102,0.2064777327935222
3754304,training,02ada13b712f6c8fa0ef61be32e3feaaa564476fde9401cc60b78bd4557db59b,male|T1,male,1,2015,2015-11-28,Premier League,2015/2016,835,654,181,0.2167664670658682,491,411,80,0.1629327902240326
3825671,training,994e49e89f5bd6db09f579d4c02973784f323dea5fab2f0cc76d1b6a8aad782b,male|T1,male,1,2015,2015-11-28,La Liga,2015/2016,904,682,222,0.245575221238938,451,361,90,0.1995565410199556
3825672,training,8deb086657f4417f90169ca142007a53540d48eda83b49054ef5804f92f965ac,male|T1,male,1,2015,2015-11-28,La Liga,2015/2016,622,450,172,0.2765273311897106,283,215,68,0.2402826855123674
3825674,training,25c60c249c4ee6260bd78ec028928a0042888bae78188618fe4bb4bdfaf72872,male|T1,male,1,2015,2015-11-28,La Liga,2015/2016,860,670,190,0.2209302325581395,435,361,74,0.1701149425287356
3879627,training,0c1bda4ee6216efeb9083f2d6a14d721e68c59264fd5ee46ec553d699a777b13,male|T1,male,1,2015,2015-11-28,Serie A,2015/2016,925,728,197,0.2129729729729729,485,405,80,0.1649484536082474
3900525,training,7a2137187f0fa827af1fb9f4d8a875ed0a5e37556ec5c301b76e81f6c9511150,male|T1,male,1,2015,2015-11-28,Ligue 1,2015/2016,824,639,185,0.2245145631067961,424,347,77,0.1816037735849056
3900526,training,9feeaccf80785a7484dba0411b3a5b5cb10e4c8d1e6c78ed3f056f74644997b8,male|T1,male,1,2015,2015-11-28,Ligue 1,2015/2016,877,679,198,0.2257696693272519,485,395,90,0.1855670103092783
3754047,training,1a701e2fdba57c99bab1ab1c6dd1ab5a7b7ee2a5ba95b5a9b675a1c8f7a158fc,male|T1,male,1,2015,2015-11-29,Premier League,2015/2016,979,791,188,0.1920326864147089,505,421,84,0.1663366336633663
3754235,training,70b646cb6198bfac144885987eb6bd08e7b93805cc7fb247fdefb672523b6ea5,male|T1,male,1,2015,2015-11-29,Premier League,2015/2016,698,527,171,0.2449856733524355,341,276,65,0.1906158357771261
3825676,training,88e19dabfb6917551f611b2eaa8b9c3832879a0a35c106ffac0cb499e0133438,male|T1,male,1,2015,2015-11-29,La Liga,2015/2016,726,537,189,0.2603305785123967,377,291,86,0.2281167108753315
3825678,training,2620e58ebf41c5bdb4f6c2eb004e2a60c30dad4efc58f7326358d1ca69ce9b4d,male|T1,male,1,2015,2015-11-29,La Liga,2015/2016,882,654,228,0.2585034013605442,495,382,113,0.2282828282828282
3879629,training,34788845b6865f52d5d8098e710d1c055f2c590becf1780e958950881dfa7c5f,male|T1,male,1,2015,2015-11-29,Serie A,2015/2016,690,485,205,0.2971014492753623,293,224,69,0.2354948805460751
3879630,training,7ae2b86984e919f0ad4ab68239fd394b7ececed8416542f54f477595465564ba,male|T1,male,1,2015,2015-11-29,Serie A,2015/2016,986,809,177,0.1795131845841785,431,363,68,0.1577726218097447
3879631,training,5365ca97758cd4286ae30cf270a92cb06a47232555c6dac795d4af36a3609f2e,male|T1,male,1,2015,2015-11-29,Serie A,2015/2016,796,576,220,0.2763819095477386,451,344,107,0.237250554323725
3879632,training,950d24a8f531e5eee660e464ab64e574a23b5f270c9a454ecd99c72756e24fe8,male|T1,male,1,2015,2015-11-29,Serie A,2015/2016,807,556,251,0.3110285006195787,380,294,86,0.2263157894736842
3879634,training,608b426bbe78b65524f8c2ec9f5f25a2f0feb9e7957c32c66b083a0fb68076f0,male|T1,male,1,2015,2015-11-29,Serie A,2015/2016,766,527,239,0.3120104438642297,344,252,92,0.2674418604651162
3890382,training,2dfb7b99f6a332eb4fa4b2fc58711c1ac92f629ee6ea6390d1b6dc369624662f,male|T1,male,1,2015,2015-11-29,1. Bundesliga,2015/2016,844,639,205,0.2428909952606635,497,392,105,0.2112676056338028
3900527,training,6771d577b5594a086a51e12d5a47a524b1dd13accacf7d369372e99716104c54,male|T1,male,1,2015,2015-11-29,Ligue 1,2015/2016,749,561,188,0.2510013351134846,346,278,68,0.1965317919075144
3900528,training,91af3f3bad9195bc066772bc261101636971395ad4c87c1d5fdbfe5ff8a22be2,male|T1,male,1,2015,2015-11-29,Ligue 1,2015/2016,850,680,170,0.2,469,396,73,0.1556503198294243
3879635,training,076dbebcb7410d508c2a921dff135eaf7558c25f4eeac90f4ef313ad1556d980,male|T1,male,1,2015,2015-11-30,Serie A,2015/2016,1180,962,218,0.1847457627118644,668,563,105,0.1571856287425149
3900530,training,0261fd47c6cfd919879d926dab277b3a816ea8895a0d20bbc24ff054a2a23570,male|T1,male,1,2015,2015-12-01,Ligue 1,2015/2016,932,745,187,0.2006437768240343,524,430,94,0.1793893129770992
3900531,training,30238ec9d303f4534334fddebe460cdaa49711dd279c97fdae1ff0e61437cc06,male|T1,male,1,2015,2015-12-01,Ligue 1,2015/2016,1018,779,239,0.2347740667976424,549,450,99,0.180327868852459
3900532,training,667206a6e93ab24f80813094d2fd182e3a924879f95cfd81c8a0bfb84800b39b,male|T1,male,1,2015,2015-12-01,Ligue 1,2015/2016,1020,847,173,0.1696078431372549,585,503,82,0.1401709401709401
3900533,training,31002b315eec208ccd541a44d87f03ad43588c280eb015fc56d41573c82ce19f,male|T1,male,1,2015,2015-12-02,Ligue 1,2015/2016,953,708,245,0.2570828961175236,523,406,117,0.2237093690248566
3900534,training,0a91ec629462fe80c4bff53c6fb0aa841b57aea9d5def777673e6823d064c5eb,male|T1,male,1,2015,2015-12-02,Ligue 1,2015/2016,864,602,262,0.3032407407407407,508,380,128,0.2519685039370078
3900535,training,1807df03e7abaaed00d9cfad61c87297f281cf0e8445dbc6b6faa3ec54e60ea3,male|T1,male,1,2015,2015-12-02,Ligue 1,2015/2016,647,453,194,0.2998454404945904,277,213,64,0.2310469314079422
3900536,training,9fc62dffdcaf022df9a2416b37b587532a11f193b8992574d144d84c41edefd4,male|T1,male,1,2015,2015-12-02,Ligue 1,2015/2016,843,629,214,0.2538552787663108,506,400,106,0.2094861660079051
3900538,training,420d222dd3ceabe2e6d3d412d90ac9b6306fcd838a6bb8fcdb6d27de0416d222,male|T1,male,1,2015,2015-12-02,Ligue 1,2015/2016,704,527,177,0.2514204545454545,412,334,78,0.1893203883495145
267274,training,7841d806a2aa9a81aa45bf5d42aac8113a5d6482ce7335bbc88c6ea3842a1b99,male|T1,male,1,2015,2015-12-05,La Liga,2015/2016,996,826,170,0.1706827309236948,529,453,76,0.1436672967863894
3754073,training,b19f974659fccf4844d01695b2283d1216c59a2de6695ca24c7f093ae7a448d9,male|T1,male,1,2015,2015-12-05,Premier League,2015/2016,851,660,191,0.2244418331374853,378,298,80,0.2116402116402116
3754160,training,1624c5a80e79abbeb04ea5f401432a91f364b8541fe144144a1cc95ad5b78eaf,male|T1,male,1,2015,2015-12-05,Premier League,2015/2016,975,792,183,0.1876923076923076,579,484,95,0.1640759930915371
3754215,training,8ec74fe3b4db797fa4a36e8fd915621c5e9f6e7609de7cc28dcd3379c778753a,male|T1,male,1,2015,2015-12-05,Premier League,2015/2016,819,621,198,0.2417582417582417,402,300,102,0.2537313432835821
3754286,training,5b637c2565441c4e08278dc8588481985f2637e3dd2c3fcdbdead39cb275ec15,male|T1,male,1,2015,2015-12-05,Premier League,2015/2016,780,508,272,0.3487179487179487,333,229,104,0.3123123123123123
3825680,training,0bbaa069d96af76c0966ca154ad98873f8b5ffe80bc4626024ac45fe895c0239,male|T1,male,1,2015,2015-12-05,La Liga,2015/2016,814,586,228,0.2800982800982801,427,337,90,0.2107728337236534
3825682,training,8963e1401aee04148bd18713dcbb7978ad626da7fbc1b79266abe144af5736d0,male|T1,male,1,2015,2015-12-05,La Liga,2015/2016,989,810,179,0.1809908998988877,541,465,76,0.1404805914972273
3879638,training,3a619895377294090fc1965d024cfcf0890314982fb5ee0a4bc2749fdb0b5391,male|T1,male,1,2015,2015-12-05,Serie A,2015/2016,935,731,204,0.2181818181818181,471,391,80,0.1698513800424628
3879639,training,a8fb965dfd7b4324eefc5bd3b4f7910c472a4637ae2c4c150857fd9427d6731d,male|T1,male,1,2015,2015-12-05,Serie A,2015/2016,860,702,158,0.1837209302325581,310,254,56,0.1806451612903225
3890390,training,1dc8c951d54e9116d13430813f67dd5b1bd8ca7d325dd989664ce76284fc3a83,male|T1,male,1,2015,2015-12-05,1. Bundesliga,2015/2016,994,783,211,0.2122736418511066,526,447,79,0.150190114068441
3900543,training,158422980fdf4859d8e73912fad206ff84f1e925d50848cb055a9244ded68845,male|T1,male,1,2015,2015-12-05,Ligue 1,2015/2016,939,756,183,0.194888178913738,557,472,85,0.1526032315978456
3900544,training,715014afd616050ab0a713ff8f79169493958ca2e2af7ed505260b6ad3d1a6bb,male|T1,male,1,2015,2015-12-05,Ligue 1,2015/2016,890,650,240,0.2696629213483146,408,309,99,0.2426470588235294
3825683,training,8cf460250ef8a375275b1bc0456fb7d6da7a387aad21f8f1f367df6dff3ed8af,male|T1,male,1,2015,2015-12-06,La Liga,2015/2016,802,594,208,0.2593516209476309,510,399,111,0.2176470588235294
3825685,training,66fb8ee40955f765f80705c69151d32cb5565b3592879e38628ff9ee1032f86a,male|T1,male,1,2015,2015-12-06,La Liga,2015/2016,813,643,170,0.2091020910209102,419,344,75,0.1789976133651551
3879640,training,1cdaa678cbb1b4ff9209c5e3e7daa170ef80612643777bbbb2e753999ed6b695,male|T1,male,1,2015,2015-12-06,Serie A,2015/2016,651,418,233,0.3579109062980031,327,241,86,0.2629969418960244
3879642,training,a9f608f8733a489cce3e0e1bb90347244f764171b413fa355dc8092b6cf63c86,male|T1,male,1,2015,2015-12-06,Serie A,2015/2016,772,547,225,0.2914507772020725,366,284,82,0.2240437158469945
3879643,training,839bfb34275708af14f01cf4b56ffa74f9717693970186e5f19795d8bd6b1174,male|T2,male,2,2015,2015-12-06,Serie A,2015/2016,876,668,208,0.2374429223744292,490,403,87,0.1775510204081632
3879644,training,a246080454138a11746000b4e4c210fc179ce41f51b2136264fec26e9e1264a7,male|T2,male,2,2015,2015-12-06,Serie A,2015/2016,879,650,229,0.2605233219567691,506,403,103,0.2035573122529644
3879645,training,0918f74ecfa2d0e7562b5d6951ba6a675ebc8794227ce34ca52a8e258124f255,male|T1,male,1,2015,2015-12-06,Serie A,2015/2016,999,759,240,0.2402402402402402,479,363,116,0.2421711899791231
3879646,training,222d5cdbd2cd6a23e5bf0761f0466596a25061c40729f9e8f757b5574ea8eca3,male|T2,male,2,2015,2015-12-06,Serie A,2015/2016,944,740,204,0.2161016949152542,438,371,67,0.1529680365296803
3900548,training,58ad982ebc5924fe2e84ac501e270c9168bd452abc2d1ffd3f561293dedf3a9e,male|T1,male,1,2015,2015-12-06,Ligue 1,2015/2016,856,629,227,0.2651869158878505,395,310,85,0.2151898734177215
3900549,training,280c594f414ddbebc97ae0431bd725c1c9fb4b30f29c629dac9903e74957392c,male|T1,male,1,2015,2015-12-06,Ligue 1,2015/2016,875,667,208,0.2377142857142857,420,338,82,0.1952380952380952
3754046,training,8eaa9120859aba0ae5836da1d0421b4f83bc6710ea76e973921526da9330d730,male|T2,male,2,2015,2015-12-07,Premier League,2015/2016,889,697,192,0.2159730033745781,413,339,74,0.1791767554479419
3825687,training,83d91798b5ef5285a1a1ad4f3b1aec54e3d052cb447b65c6ddc974165c395c89,male|T2,male,2,2015,2015-12-07,La Liga,2015/2016,773,575,198,0.2561448900388098,396,320,76,0.1919191919191919
266961,training,1fa6139c669ed9278d64709ecc870aba6728f6da0993e4a382017ae9a694b09e,male|T2,male,2,2015,2015-12-12,La Liga,2015/2016,973,811,162,0.1664953751284686,488,408,80,0.1639344262295081
3754072,training,a497a87784b10354edd2f2e4486a9294370fd6f7469cf52bf8ec12b3c12ccafd,male|T2,male,2,2015,2015-12-12,Premier League,2015/2016,887,642,245,0.2762119503945885,479,377,102,0.2129436325678496
3754162,training,27a3e4d4fed9abd51b9e0192cdd774cacb88885f3f9fbc0ded5467a94aa755e4,male|T2,male,2,2015,2015-12-12,Premier League,2015/2016,835,662,173,0.2071856287425149,494,420,74,0.1497975708502024
3754182,training,3845452408fbaaac0fe96ef835ce08b0eea3e453cccc1626db598e2ad9fdff03,male|T2,male,2,2015,2015-12-12,Premier League,2015/2016,994,789,205,0.2062374245472837,529,445,84,0.1587901701323251
3754218,training,539e0ac2ebef907f1141c301dfc9465c7c500e85104fe72636e5f99aff10bb48,male|T2,male,2,2015,2015-12-12,Premier League,2015/2016,732,508,224,0.3060109289617486,345,263,82,0.2376811594202898
3825689,training,a31c59e300aa97ad3d8f5bef806be4cccb0a33e8329ccddbf08cb22f4d39165b,male|T2,male,2,2015,2015-12-12,La Liga,2015/2016,782,568,214,0.2736572890025575,390,304,86,0.2205128205128205
3825690,training,4344094df700cdf0e0d11d282a03b1425be9420081a978441b6515c523a8a0b7,male|T2,male,2,2015,2015-12-12,La Liga,2015/2016,944,706,238,0.2521186440677966,538,440,98,0.1821561338289963
3825691,training,43573f339677b85010e87004f04be987e2a45216105c175b1bbf09b4cb351fdc,male|T2,male,2,2015,2015-12-12,La Liga,2015/2016,799,551,248,0.3103879849812265,351,279,72,0.2051282051282051
3879648,training,66599ff44a8313bf9eafdbb406468019c67b9c4fb0dab6857d32183803cf40f4,male|T2,male,2,2015,2015-12-12,Serie A,2015/2016,931,715,216,0.2320085929108485,463,366,97,0.2095032397408207
3890395,training,82438f63aac2e7af2d22eb98c15b5525e6e8cd5027f31665ece7f4cf7246b878,male|T2,male,2,2015,2015-12-12,1. Bundesliga,2015/2016,826,608,218,0.2639225181598063,409,319,90,0.2200488997555012
3900553,training,6fdf4549082df28f23d8f2fa80486662452e42e48336a5cb0cf744a456d744cf,male|T2,male,2,2015,2015-12-12,Ligue 1,2015/2016,1003,803,200,0.1994017946161515,579,485,94,0.1623488773747841
3900554,training,6ab05d928c7c2528eff4ac530c1c78dc890dac9a6dbabafa331f98510bab7331,male|T2,male,2,2015,2015-12-12,Ligue 1,2015/2016,789,609,180,0.2281368821292775,385,315,70,0.1818181818181818
3900555,training,53cf11e386c64f448ca96708d6e366055a31e6442db61047b3915cde62959950,male|T2,male,2,2015,2015-12-12,Ligue 1,2015/2016,787,589,198,0.2515883100381194,434,338,96,0.2211981566820276
3754117,training,99bea043ed73bd1527abb18bc0da926e4d173f22169f482ab25b537706fcb34e,male|T2,male,2,2015,2015-12-13,Premier League,2015/2016,937,773,164,0.1750266808964781,549,469,80,0.145719489981785
3754255,training,61f2508bd192f7353c20fe65b3acff484962630a3d0344320cd67c22569964ba,male|T2,male,2,2015,2015-12-13,Premier League,2015/2016,906,672,234,0.2582781456953642,490,372,118,0.2408163265306122
3754276,training,9f9cc984ad8254129997db93f4cd01262fd52e65b87410a8082c9ca4a25b0fd6,male|T2,male,2,2015,2015-12-13,Premier League,2015/2016,822,569,253,0.3077858880778589,391,275,116,0.2966751918158568
3825693,training,5e3e900da591c7678fb502dcf636648ba3bdd520d37631f8fd8969856eb997de,male|T2,male,2,2015,2015-12-13,La Liga,2015/2016,965,712,253,0.2621761658031088,492,380,112,0.2276422764227642
3825694,training,5c3911f30036c0f0b5b9952bf1ccd5686eb7b1efa1d4112cc62a1ca0a1732a67,male|T2,male,2,2015,2015-12-13,La Liga,2015/2016,751,515,236,0.3142476697736351,399,288,111,0.2781954887218045
3825695,training,4e73465f653c19be82ff3d91d197d617ab96eb94db55136667dd1015eff06ffa,male|T2,male,2,2015,2015-12-13,La Liga,2015/2016,978,771,207,0.2116564417177914,508,418,90,0.1771653543307086
3825696,training,8235c0f9828db0e22da3656060b98bae4fc1101ac5b76e25f26b2e4e00bca089,male|T2,male,2,2015,2015-12-13,La Liga,2015/2016,679,425,254,0.374079528718704,327,221,106,0.3241590214067278
3879650,training,479a6e4800f12124968396c84a8047df973aee896619146f64a3084b14fafa2c,male|T2,male,2,2015,2015-12-13,Serie A,2015/2016,1049,829,220,0.209723546234509,671,568,103,0.1535022354694485
3879652,training,10b60465b87f5d03a0cc906e477cd79113f36fea0d0932fe0793b2051f970c81,male|T2,male,2,2015,2015-12-13,Serie A,2015/2016,841,617,224,0.2663495838287752,407,311,96,0.2358722358722358
3879653,training,554c176e3a06a8e4eb715c6d290ae7ab34358403637903a28e78008871351375,male|T2,male,2,2015,2015-12-13,Serie A,2015/2016,942,783,159,0.1687898089171974,597,513,84,0.1407035175879397
3900557,training,719b5ed5215f412f0c8a67d69c39ea0203b28c4c5187e8b4d552d67a9011269b,male|T2,male,2,2015,2015-12-13,Ligue 1,2015/2016,1011,833,178,0.1760633036597428,544,457,87,0.1599264705882352
3900558,training,30e0d7a232e4ce7208d6482a145ae6bc22d72cc2a372d62a51698a45473bebc0,male|T2,male,2,2015,2015-12-13,Ligue 1,2015/2016,743,547,196,0.2637954239569313,436,351,85,0.1949541284403669
3900559,training,a01263d06de0bb364c15ed1521a5693a8cab338886c434905fa5c6801407f293,male|T2,male,2,2015,2015-12-13,Ligue 1,2015/2016,917,730,187,0.2039258451472192,428,343,85,0.1985981308411215
3754013,training,82f1715ecec5ef310171d2c6eb22b6489210dffbf7df37d518f3524149af5cb4,male|T2,male,2,2015,2015-12-14,Premier League,2015/2016,820,581,239,0.2914634146341463,374,267,107,0.2860962566844919
3879655,training,a1da3298ede04b6d340b9893862b3a2c62da6de5baa72b2911d1e0d1244bf210,male|T2,male,2,2015,2015-12-14,Serie A,2015/2016,903,708,195,0.2159468438538206,356,286,70,0.196629213483146
3900560,training,a303210655fd44383ea649013bc8fc6574b41ad38088502345c3bc5f1425e20b,male|T2,male,2,2015,2015-12-18,Ligue 1,2015/2016,917,748,169,0.1842966194111232,441,362,79,0.1791383219954648
3754025,training,89c2c67f60bf1dfd5239519bcb9409f69131a43c7efc2cbe0e140fceaeab0dfb,male|T2,male,2,2015,2015-12-19,Premier League,2015/2016,868,686,182,0.2096774193548387,417,351,66,0.158273381294964
3754044,training,3f550aa2943c7e8aec7bbb1dfb164e817dfc36892b4b094b23582bba1eda96e3,male|T2,male,2,2015,2015-12-19,Premier League,2015/2016,917,701,216,0.2355507088331515,409,320,89,0.2176039119804401
3754136,training,39369ea2d8fec557c1129ab77e61781056a83e83615724bb15aea239fc7f14f8,male|T2,male,2,2015,2015-12-19,Premier League,2015/2016,795,570,225,0.2830188679245283,499,381,118,0.2364729458917835
3754153,training,98f4427fc2e891ce98185fe12716cc25afc991b6891b4fc25ea23aa49813bd79,male|T2,male,2,2015,2015-12-19,Premier League,2015/2016,787,599,188,0.2388818297331639,424,342,82,0.1933962264150943
3754166,training,0482426f1828bed4b906a4a8abdf85c0ded43521f93be4cafc9b8575313839e7,male|T2,male,2,2015,2015-12-19,Premier League,2015/2016,811,580,231,0.2848335388409371,384,286,98,0.2552083333333333
3754188,training,5f9a8a6346f54631bba594e49df51a6bf7c7f947c8eea5afc4cf802ee0cafe83,male|T2,male,2,2015,2015-12-19,Premier League,2015/2016,782,563,219,0.2800511508951406,373,285,88,0.2359249329758713
3825698,training,6f800fdd00058105915460cdffe94c9d56d23c5bf4465f362f424b7801e266a6,male|T2,male,2,2015,2015-12-19,La Liga,2015/2016,844,597,247,0.2926540284360189,391,299,92,0.2352941176470588
3825699,training,1ea337ce5f1115295c017d1a4c29c5029401f0c8b769cefb4e021cc356f61ea5,male|T2,male,2,2015,2015-12-19,La Liga,2015/2016,620,432,188,0.3032258064516129,312,246,66,0.2115384615384615
3825891,training,58746e78f2b775c96f01947fd255fb2cb0bf09513e668142e28e1b428d1663ec,male|T2,male,2,2015,2015-12-19,La Liga,2015/2016,821,609,212,0.2582216808769793,364,291,73,0.2005494505494505
3879656,training,1005298493859ee683eb34e6b594c4ecc6db4c968a4d4c74eb15609b35de6edb,male|T2,male,2,2015,2015-12-19,Serie A,2015/2016,812,608,204,0.2512315270935961,390,295,95,0.2435897435897435
3900561,training,5e5ec77911a0c851de0f0fa03d75e10060c7589b8cf5442b1a894f70234c2f05,male|T2,male,2,2015,2015-12-19,Ligue 1,2015/2016,809,601,208,0.2571075401730531,340,269,71,0.2088235294117647
3900562,training,6ee624cd3b3cb22008aad3019551f974cbd2380260a005b9e67db8c45d3d6821,male|T2,male,2,2015,2015-12-19,Ligue 1,2015/2016,1011,828,183,0.1810089020771513,553,461,92,0.1663652802893309
3900563,training,1eaece3796fb03ca1488d19931f626f514d23f2845eb33d2d8b44e75e0a9a2ed,male|T2,male,2,2015,2015-12-19,Ligue 1,2015/2016,783,594,189,0.2413793103448276,446,353,93,0.2085201793721973
3900564,training,3ec94b9fc4ccb9d966f0cc00fb2186860bf4fd353a85465953966674cc67e252,male|T2,male,2,2015,2015-12-19,Ligue 1,2015/2016,778,568,210,0.2699228791773779,345,266,79,0.2289855072463768
3900565,training,a7170de88c8cf772b36384a37294aa01418289cac9bf56656900db94d12b5833,male|T2,male,2,2015,2015-12-19,Ligue 1,2015/2016,833,622,211,0.2533013205282113,439,341,98,0.2232346241457858
3900566,training,4f75cb5980ca04e107bf37cb23ae406c035271be472596e5dec264aa2cfc824e,male|T2,male,2,2015,2015-12-19,Ligue 1,2015/2016,843,620,223,0.2645314353499406,466,361,105,0.2253218884120171
3825700,training,09f7ee56e9bbcdc0ff2d38467835d36c0ee337bfd7cfade283269d66d01c238f,male|T2,male,2,2015,2015-12-20,La Liga,2015/2016,883,758,125,0.1415628539071347,366,321,45,0.1229508196721311
3825701,training,989de1e2cab0b6fb520ae4e2dc28c3c514272f00f747c7cdb3d6ccf3b8abb640,male|T2,male,2,2015,2015-12-20,La Liga,2015/2016,867,631,236,0.2722029988465975,507,388,119,0.2347140039447731
3825702,training,125083995e665500d7f876caade4e850886bdb6ab83d59e9ce79072233fad95f,male|T2,male,2,2015,2015-12-20,La Liga,2015/2016,982,771,211,0.2148676171079429,498,402,96,0.1927710843373494
3825704,training,0eddbb8e02e53c8485a279e5502190b6691ef33c7a07741f7cfa03e1c0921453,male|T2,male,2,2015,2015-12-20,La Liga,2015/2016,784,581,203,0.2589285714285714,400,307,93,0.2325
3879657,training,05bcf5181c384deb36d13bc991b61810fceda41b7f504675405db3c9d65b4e48,male|T2,male,2,2015,2015-12-20,Serie A,2015/2016,927,735,192,0.2071197411003236,465,378,87,0.1870967741935484
3879658,training,4bc0bbd2ee07a7ceb19f7e5aa4d0a941e2f303b73e89d14120d28145ecec491b,male|T2,male,2,2015,2015-12-20,Serie A,2015/2016,715,566,149,0.2083916083916084,340,290,50,0.1470588235294117
3879659,training,80792f6b2dc232a8ba6cc01d358d0f8d0b767e25f255f90c0060caff5317983f,male|T2,male,2,2015,2015-12-20,Serie A,2015/2016,879,695,184,0.2093287827076222,443,358,85,0.1918735891647855
3879660,training,8122e7c6973dc1bd6be31d790c0ad7f410621c11a4a45930c604390d3a167948,male|T2,male,2,2015,2015-12-20,Serie A,2015/2016,930,736,194,0.2086021505376344,399,334,65,0.162907268170426
3879662,training,75c063d3c13b068e890d0daab2bc2eb7c1bb7122d8a27f6de311e8520b21501e,male|T2,male,2,2015,2015-12-20,Serie A,2015/2016,1053,859,194,0.1842355175688509,528,448,80,0.1515151515151515
3879663,training,9ccb90ebf36d8348bb72438cae90df66665b8ec9aba78385431ae316c41ca182,male|T2,male,2,2015,2015-12-20,Serie A,2015/2016,858,613,245,0.2855477855477855,477,363,114,0.2389937106918239
3879665,training,5c8d4c09b4854d97aa1885e82d968e7541fe6673e5d12e9f617f2ab7fecd14df,male|T2,male,2,2015,2015-12-20,Serie A,2015/2016,809,627,182,0.2249690976514215,436,354,82,0.1880733944954128
3900567,training,4e88b6b3c196d9b0b61adccf3e867b0e56d05a5af33c6120db647ed5cb27dea4,male|T2,male,2,2015,2015-12-20,Ligue 1,2015/2016,854,656,198,0.2318501170960187,410,336,74,0.1804878048780487
3900569,training,4ee01bbf3d8797d0ce30cc50c7467628d7df139a60cc5fa05f890780529eecf1,male|T2,male,2,2015,2015-12-20,Ligue 1,2015/2016,800,639,161,0.20125,417,348,69,0.1654676258992805
3753974,training,2bb5519c579223c53ca0b3637aab6e1702ab1458987482a235a7d6d30c33b17c,male|T2,male,2,2015,2015-12-26,Premier League,2015/2016,891,734,157,0.1762065095398428,446,389,57,0.1278026905829596
3754014,training,1864e3da254883d6c26638fdd6a79e727b34655fcf6d5a8ea8d645e7a83a9032,male|T2,male,2,2015,2015-12-26,Premier League,2015/2016,748,563,185,0.2473262032085561,396,323,73,0.1843434343434343
3754054,training,7fea15e3728ca30b2e4b479b40d54398d270b6ccd3484d6d423caeed1e816a1c,male|T2,male,2,2015,2015-12-26,Premier League,2015/2016,911,761,150,0.1646542261251372,555,471,84,0.1513513513513513
3754248,training,40c78e3e3003c84f108bc7492dd75ef5e0a8328c3d3c2e2cf2c85d12b70048c0,male|T2,male,2,2015,2015-12-26,Premier League,2015/2016,838,632,206,0.2458233890214797,368,302,66,0.1793478260869565
3754285,training,825243bf8a4521e7e1e78ffb3431916819dc4e488287bd231b978667d37a2fbd,male|T2,male,2,2015,2015-12-26,Premier League,2015/2016,733,554,179,0.2442019099590723,354,287,67,0.1892655367231638
3754287,training,8d437816fc452ff411bb249108097c90710f1466c041f113447f8e74c35db600,male|T2,male,2,2015,2015-12-26,Premier League,2015/2016,873,695,178,0.2038946162657502,455,365,90,0.1978021978021978
3754056,training,61adac6abfdb03b310ac0a9406fb2e5469f829183ef7a6447e23088ab728bcdd,male|T2,male,2,2015,2015-12-28,Premier League,2015/2016,974,812,162,0.1663244353182751,576,496,80,0.1388888888888889
3754130,training,0b88b363af8f30b5a664ca52d6dcc988b7ba75c15790c6093519def665d7eb0a,male|T2,male,2,2015,2015-12-28,Premier League,2015/2016,755,539,216,0.2860927152317881,375,284,91,0.2426666666666666
3754291,training,6aacd5d622996bbef076ae6bb1862798b6ede6e45f63e1fa5ea10a6e1cafa6fc,male|T2,male,2,2015,2015-12-28,Premier League,2015/2016,865,620,245,0.2832369942196532,373,281,92,0.2466487935656836
3754326,training,823c273c60a613ae85cac4604e7466ce4affd59d0f180382b8fd79bded3c2567,male|T2,male,2,2015,2015-12-28,Premier League,2015/2016,775,575,200,0.2580645161290322,369,284,85,0.2303523035230352
3754045,training,8a20f8690288238c0b1367cbb08f31491690a094657cc85443dd3ecf2b846f46,male|T2,male,2,2015,2015-12-29,Premier League,2015/2016,795,575,220,0.2767295597484276,383,300,83,0.216710182767624
267327,training,742c080ddede64aa65933115f898bbbd19721dc8489a6eecdf909b592f5b64dd,male|T2,male,2,2015,2015-12-30,La Liga,2015/2016,886,712,174,0.1963882618510158,452,382,70,0.1548672566371681
3754226,training,4da4717cefd69bb47a135496a0d75b42f3be55cd30029c3db01b73c3014a1551,male|T2,male,2,2015,2015-12-30,Premier League,2015/2016,756,526,230,0.3042328042328042,299,230,69,0.2307692307692307
3825705,training,488427577491aa32cbdd06eb7d28ded7d60ac9d804c3127494842f54215a7273,male|T2,male,2,2015,2015-12-30,La Liga,2015/2016,645,407,238,0.3689922480620155,305,213,92,0.3016393442622951
3825707,training,3a46c3e75d297061df13bdc85b44726b22579ccac73136d2f1e218d662448cb6,male|T2,male,2,2015,2015-12-30,La Liga,2015/2016,806,605,201,0.249379652605459,343,260,83,0.2419825072886297
3825708,training,07906fc4b827b10064e6c4725a1784a99bcae0ae0e39f6852b55ab1871b176df,male|T2,male,2,2015,2015-12-30,La Liga,2015/2016,759,516,243,0.3201581027667984,398,286,112,0.2814070351758794
3825712,training,5cb75fd620f6855c04fb7976ccd23dc313bf640a11d8645e810f426f5328dfff,male|T2,male,2,2015,2015-12-30,La Liga,2015/2016,760,542,218,0.2868421052631579,411,304,107,0.2603406326034063
266670,training,a2b1ae3c8c6cdeb47f51690712b70847c767bf327a5fe086aaf9d88fc811d9e1,male|T2,male,2,2016,2016-01-02,La Liga,2015/2016,801,618,183,0.2284644194756554,295,230,65,0.2203389830508474
3754058,training,a3de3b767cc9ee32932b4dfa94c9373efdcd012e557953e0ee621040477a7640,male|T2,male,2,2016,2016-01-02,Premier League,2015/2016,901,703,198,0.2197558268590455,531,434,97,0.1826741996233521
3754069,training,71354063f8bfd76577ae67387894e9b20c8794b97ca89bf9c752bb76a7f5af7e,male|T2,male,2,2016,2016-01-02,Premier League,2015/2016,919,773,146,0.1588683351468988,547,467,80,0.1462522851919561
3754101,training,598852f2fa2666117ae439e1717cd5da7257e6dae4cb28c6778768670affbd08,male|T2,male,2,2016,2016-01-02,Premier League,2015/2016,845,621,224,0.2650887573964497,352,276,76,0.2159090909090909
3754122,training,40037cdf48a811a15e03c68f596b0a46ec7491335fa8fb8d2bb1244cf775b58b,male|T2,male,2,2016,2016-01-02,Premier League,2015/2016,776,589,187,0.2409793814432989,402,314,88,0.2189054726368159
3754251,training,08af21dbf331bc757b4d50227287a32c5d052e82f7de98abe17b7667ea111922,male|T2,male,2,2016,2016-01-02,Premier League,2015/2016,764,559,205,0.2683246073298429,413,319,94,0.2276029055690072
3754346,training,3e5d957efb422295efc65f628c568bbb3e04a7b8e847c28d33b5cdeb8e522a80,male|T2,male,2,2016,2016-01-02,Premier League,2015/2016,819,613,206,0.2515262515262515,319,252,67,0.2100313479623824
3825715,training,3fc998b84d0648efcee57b8fec0144efbbdbd646cca29d4a0c6ca2d2e8370b38,male|T2,male,2,2016,2016-01-02,La Liga,2015/2016,781,586,195,0.2496798975672215,419,331,88,0.2100238663484487
3754114,training,2dfc836e63bbcc53464ca3fbd423ae80f4306c23e5a650785a8f6dcb284960e9,male|T2,male,2,2016,2016-01-03,Premier League,2015/2016,919,738,181,0.1969532100108814,485,402,83,0.1711340206185567
3754140,training,7c83da0ba123496192ccd02641451ba8a097417089e9c34106a588fbb09b6bee,male|T2,male,2,2016,2016-01-03,Premier League,2015/2016,988,806,182,0.1842105263157894,524,443,81,0.1545801526717557
3825717,training,61ac18cf75824f18b0edafbeba2cad8999e9b37ed5d6ac28b8451d747ef98ae3,male|T2,male,2,2016,2016-01-03,La Liga,2015/2016,656,472,184,0.2804878048780488,279,221,58,0.2078853046594982
3825719,training,3b0d2ba43503ac3dd35795afd61771f4e8b2f94051c72363eea57996321ad099,male|T2,male,2,2016,2016-01-03,La Liga,2015/2016,873,648,225,0.2577319587628865,409,317,92,0.2249388753056234
3825720,training,96f349388bc6211c3484b904dc01b1576430f68962531f05efc9627eb17da850,male|T2,male,2,2016,2016-01-03,La Liga,2015/2016,815,609,206,0.252760736196319,415,319,96,0.2313253012048192
3825721,training,407f244b56856713c265e07c3283beb5537eec4c01a57589a82b572ec6a835c0,male|T2,male,2,2016,2016-01-03,La Liga,2015/2016,890,651,239,0.2685393258426966,406,309,97,0.2389162561576354
3825722,training,85dbb8e3e85d4cba0ea423ffb205eced878065f4fce97a19ae197b469510f861,male|T2,male,2,2016,2016-01-04,La Liga,2015/2016,729,527,202,0.2770919067215363,422,317,105,0.2488151658767772
3879666,training,1cf5edaf48c78ee6ee13e3f22f19d467025814520492f51e48225a1a61ae48d1,male|T2,male,2,2016,2016-01-05,Serie A,2015/2016,828,649,179,0.216183574879227,381,308,73,0.1916010498687664
3879667,training,2f15e8050b99f639dfdd7f482b3f3d474a07bdd9bd3e1eee83f8de2c87310769,male|T2,male,2,2016,2016-01-06,Serie A,2015/2016,865,649,216,0.2497109826589595,369,300,69,0.1869918699186991
3879668,training,4ae00572a144a11d1731eba1d086a940d7ca8fc321e5f7b5f9d01c07c005373e,male|T2,male,2,2016,2016-01-06,Serie A,2015/2016,983,768,215,0.2187182095625635,477,380,97,0.2033542976939203
3879669,training,a60ee442f34a176533a31c2a4c61bf85e6c50bc1bdba8a70856d18f5e3154574,male|T2,male,2,2016,2016-01-06,Serie A,2015/2016,1005,843,162,0.1611940298507462,465,398,67,0.1440860215053763
3879672,training,0369fabddbb5e9c996f253d6abfdd1e76f61524076f85cc804f3df836f47cbd3,male|T2,male,2,2016,2016-01-06,Serie A,2015/2016,777,592,185,0.238095238095238,344,282,62,0.1802325581395348
3879675,training,383b9666988893903aa2c4f435f82c41c9195ea1ec693e66b65be386da1983c4,male|T2,male,2,2016,2016-01-06,Serie A,2015/2016,842,606,236,0.2802850356294536,496,392,104,0.2096774193548387
3825723,training,880e583819519ab3561b067c7c05954f519279478ce61c6559430ddeeeed31c1,male|T2,male,2,2016,2016-01-09,La Liga,2015/2016,761,494,267,0.3508541392904074,396,281,115,0.2904040404040404
3825724,training,42901a52ae9271b9c26c967fc82d44231afc33a4d679a77ca9e615bf6fe149f2,male|T2,male,2,2016,2016-01-09,La Liga,2015/2016,1041,882,159,0.1527377521613832,613,540,73,0.1190864600326264
3825726,training,a414d3c1c23f532149211ad8fb00c537e6cd419b43be8bcb6ab413b69e779a2f,male|T2,male,2,2016,2016-01-09,La Liga,2015/2016,874,670,204,0.2334096109839817,389,309,80,0.2056555269922879
3879676,training,a7660e5bb894ab998f2963861905d39387bfde815e5c36f9b24afa549bef66a1,male|T2,male,2,2016,2016-01-09,Serie A,2015/2016,857,660,197,0.2298716452742123,411,325,86,0.2092457420924574
3879677,training,a312447fd87ee4612ed06a7f4af8de63a0b4f24f2e0c9a6174298d819c128dc8,male|T2,male,2,2016,2016-01-09,Serie A,2015/2016,872,682,190,0.2178899082568807,367,315,52,0.1416893732970027
3900571,training,61fbb75f532f703e2a03789cf63ada6e461f12cb68d17a87ddd0c501dbb64cbf,male|T2,male,2,2016,2016-01-09,Ligue 1,2015/2016,951,746,205,0.2155625657202944,571,463,108,0.1891418563922942
3900572,training,63195474db08bb2ae568f2d66e4f456483372e4997318418c491454a19bb3240,male|T2,male,2,2016,2016-01-09,Ligue 1,2015/2016,899,654,245,0.2725250278086763,464,364,100,0.2155172413793103
3900573,training,710c35912201e32d7fe7386cd97b29a8f3af2923105a8abc1bc0596fa45a9fef,male|T2,male,2,2016,2016-01-09,Ligue 1,2015/2016,871,673,198,0.227324913892078,520,416,104,0.2
3900574,training,3a4b806f486fcfcdcced565ef7b2cff55aef96b795878436c216211f8043aebe,male|T2,male,2,2016,2016-01-09,Ligue 1,2015/2016,992,828,164,0.1653225806451612,492,419,73,0.1483739837398374
3900575,training,0b43a9dd5cc46d9f2ff3e052c6f9a30dd063687ca197b3209e51eb89d16a4b04,male|T2,male,2,2016,2016-01-09,Ligue 1,2015/2016,781,561,220,0.2816901408450704,389,304,85,0.2185089974293059
3900576,training,9e15130b0e72a07e9033c6974f6a7bce6e29e8398446a478d61e182ee84d9ca6,male|T2,male,2,2016,2016-01-09,Ligue 1,2015/2016,928,716,212,0.2284482758620689,611,499,112,0.1833060556464811
3825727,training,14e3f7e6ec7ac20919b084d11f448b21b88d6a36262a07d09361be0cf2ffb981,male|T2,male,2,2016,2016-01-10,La Liga,2015/2016,777,536,241,0.3101673101673101,411,304,107,0.2603406326034063
3825728,training,9f52ef74a3a0359db8b64b018adde43a218e02000407adbe70326a5609fe9235,male|T2,male,2,2016,2016-01-10,La Liga,2015/2016,980,745,235,0.2397959183673469,465,367,98,0.210752688172043
3825729,training,731431b1540bfe035b3f82a2b2d11cb28fd15e5c64d66952e52d6abbae94be8e,male|T2,male,2,2016,2016-01-10,La Liga,2015/2016,946,714,232,0.2452431289640592,568,459,109,0.1919014084507042
3825730,training,97c72e368809735b3ef077b1f9a6f6f1d470891da2eca0a911315bfa95155564,male|T2,male,2,2016,2016-01-10,La Liga,2015/2016,880,657,223,0.2534090909090909,460,349,111,0.2413043478260869
3879679,training,7cd851ff1a2f0a2fd562a25c290718ffa23c380b3f7e643c24d0b2b8bee11fdf,male|T2,male,2,2016,2016-01-10,Serie A,2015/2016,1019,857,162,0.1589793915603533,492,422,70,0.1422764227642276
3879680,training,589f5549605fc3c833fdbba6171ac27b3c7c4c3b1ac845ab70c2108655eb348c,male|T2,male,2,2016,2016-01-10,Serie A,2015/2016,925,708,217,0.2345945945945945,491,401,90,0.1832993890020366
3879681,training,7849f7c5cee0d7c9466b510593bbdf53b062432ea2f35778cbae457efa417d73,male|T2,male,2,2016,2016-01-10,Serie A,2015/2016,793,576,217,0.2736443883984867,365,285,80,0.2191780821917808
3879683,training,020b1cc25cff0d7f766a4aa78c1876d2567a457aca2e31528d654b01dda9208b,male|T2,male,2,2016,2016-01-10,Serie A,2015/2016,744,559,185,0.2486559139784946,468,371,97,0.2072649572649572
3879684,training,414dd983beed8b4eed2385dfcf928b38d77163ecec40f1e92b414cd3ffd10819,male|T2,male,2,2016,2016-01-10,Serie A,2015/2016,898,725,173,0.1926503340757238,330,268,62,0.1878787878787878
3879685,training,a14409c1e34953dd0dddc44b3b93c14730b8f71dcd4f00f555404b195b02d859,male|T2,male,2,2016,2016-01-10,Serie A,2015/2016,918,718,200,0.2178649237472767,478,398,80,0.1673640167364016
3753981,training,2e00532e2c105820b52dd2bb0ac42f72b817a572fe4fcf7d19da7a6a37bd9337,male|T2,male,2,2016,2016-01-12,Premier League,2015/2016,860,639,221,0.2569767441860465,434,347,87,0.2004608294930875
3754021,training,8bc132899e739347ffe0290ea52be8c7b717ec8e9b688e81a55d037d963d0d3f,male|T2,male,2,2016,2016-01-12,Premier League,2015/2016,817,613,204,0.2496940024479804,423,346,77,0.1820330969267139
3754088,training,2ff8aefa8b4f4272061176f6d40ea8147f386ef9ffe25a25212acd198d5527d1,male|T2,male,2,2016,2016-01-12,Premier League,2015/2016,916,740,176,0.1921397379912663,481,402,79,0.1642411642411642
3754032,training,91d0d6db66fda2102977d4439c953f381d3453cd0d15cff8de71456402c8a210,male|T2,male,2,2016,2016-01-13,Premier League,2015/2016,982,819,163,0.1659877800407332,509,446,63,0.1237721021611002
3754062,training,4da1bd0c20ed7544db8a13b6b07b702066d2dfcb1205ce6be1d9450d3fdfe032,male|T2,male,2,2016,2016-01-13,Premier League,2015/2016,819,643,176,0.2148962148962149,422,357,65,0.1540284360189573
3754142,training,a28f6fe943ae24eae55abca1b0b3a1f5f1e0bb4a14e33cfc7bb0a97a71d59f4a,male|T2,male,2,2016,2016-01-13,Premier League,2015/2016,1020,877,143,0.1401960784313725,468,408,60,0.1282051282051282
3754305,training,4a654c3702830cd3e08aa98456176eae120f1cc05b35c0a458e25b5dbf618a17,male|T2,male,2,2016,2016-01-13,Premier League,2015/2016,858,656,202,0.2354312354312354,417,343,74,0.1774580335731415
3754027,training,6f8286c512fdf46a8bee06631cafabaafe6d331e243364d9103bf5338db65a98,male|T2,male,2,2016,2016-01-16,Premier League,2015/2016,907,702,205,0.2260198456449834,503,403,100,0.1988071570576541
3754125,training,749bd017e1e3a8251779aa1b5d7b6b529315032f2fdbb6abebe6cd060b870fbf,male|T2,male,2,2016,2016-01-16,Premier League,2015/2016,1050,877,173,0.1647619047619047,600,502,98,0.1633333333333333
3754168,training,56e5d56fcac39ee77e04455377ae100c2f27241885d948d85ae1eab65e970c1f,male|T2,male,2,2016,2016-01-16,Premier League,2015/2016,839,635,204,0.2431466030989273,423,340,83,0.1962174940898345
3754250,training,73237fe999b9ea57f91ee64bb97017f7c27c24834d835b13333520ce5c1949fd,male|T2,male,2,2016,2016-01-16,Premier League,2015/2016,867,634,233,0.2687427912341407,392,302,90,0.2295918367346938
3754260,training,3121f82d4ec34e708d1e7471a984233bab58fc019dacb20be4a50622f14f213b,male|T2,male,2,2016,2016-01-16,Premier League,2015/2016,886,716,170,0.1918735891647855,281,236,45,0.1601423487544484
3754338,training,5670a4b98875ce7d81b2e44155875dd795eb1977a50f06d0379238e8e6252dd8,male|T2,male,2,2016,2016-01-16,Premier League,2015/2016,879,701,178,0.2025028441410694,519,431,88,0.1695568400770712
3825733,training,6963b6dc9d99db167654dda2fc7293104de10a22cda56469299a5d69d3a29131,male|T2,male,2,2016,2016-01-16,La Liga,2015/2016,766,559,207,0.2702349869451697,413,321,92,0.2227602905569007
3825734,training,722d3ebaae59afb2c7e8279826f153a66c947d70c5245c9a9dbe928a0a15846e,male|T2,male,2,2016,2016-01-16,La Liga,2015/2016,956,738,218,0.2280334728033473,590,477,113,0.1915254237288135
3879686,training,5b4bb269a7697e6d3edf7e69765c36f1d44b9c7c8bddbe64cfa86d7105e533d1,male|T2,male,2,2016,2016-01-16,Serie A,2015/2016,1066,833,233,0.2185741088180112,613,510,103,0.1680261011419249
3879687,training,6737eea46b057ff45eea0f3c9a047f40b0c5265592740b48af033312e074d524,male|T2,male,2,2016,2016-01-16,Serie A,2015/2016,721,552,169,0.2343966712898751,288,219,69,0.2395833333333333
3879688,training,4d38d35fff085917a3b2202c6282d07b92d0e5cd8617f3f8272b6f07c35a1f2c,male|T2,male,2,2016,2016-01-16,Serie A,2015/2016,804,598,206,0.2562189054726368,436,338,98,0.2247706422018348
3900581,training,40ab57794e4ad2e120150c4fbe97f092439d93a7aeab4bbfa8c9a047b12558d5,male|T2,male,2,2016,2016-01-16,Ligue 1,2015/2016,926,735,191,0.2062634989200863,520,424,96,0.1846153846153846
3900582,training,3dc9a430e92dcfc8fb9240dfd4c0792f3f295a1a85cd276ffedaed04bb1d60be,male|T2,male,2,2016,2016-01-16,Ligue 1,2015/2016,875,602,273,0.312,403,306,97,0.2406947890818858
3900583,training,48f7442ceb41e786242023ebe444c83a8015b52dd2d4a251644551d7de43e44a,male|T2,male,2,2016,2016-01-16,Ligue 1,2015/2016,960,737,223,0.2322916666666666,548,447,101,0.1843065693430657
3900584,training,183efb151739bf61dd6285514705439fd9b7dbd43255809eab1e33dab56cfb3a,male|T2,male,2,2016,2016-01-16,Ligue 1,2015/2016,859,629,230,0.2677532013969732,528,411,117,0.2215909090909091
3900585,training,906c5ce9fa2e1a45c1ffa0171357b03b5b448f181b003cc934df69c81689e86d,male|T2,male,2,2016,2016-01-16,Ligue 1,2015/2016,1118,936,182,0.1627906976744186,643,550,93,0.1446345256609642
3900586,training,986a59b0ca405a6b2f761869f121c3f0de9e15efe9c0db50998918f6f348d027,male|T2,male,2,2016,2016-01-16,Ligue 1,2015/2016,773,556,217,0.2807244501940492,398,310,88,0.2211055276381909
3754202,training,6c10b1b22f44ade2c6c5952b8e503b67098956089ff8093e7a388b3f6a1501c2,male|T2,male,2,2016,2016-01-17,Premier League,2015/2016,884,675,209,0.2364253393665158,452,367,85,0.1880530973451327
3754345,training,70d1f24e8edf383a11f38c8b9a5937e500011f0e8739c7a2151548d8ce3aa0f1,male|T2,male,2,2016,2016-01-17,Premier League,2015/2016,881,652,229,0.2599318955732123,357,288,69,0.1932773109243697
3825739,training,a210395c602c97eecfcf90a922b5e82342b9f2fd19c25f31d9fbd9058412e372,male|T2,male,2,2016,2016-01-17,La Liga,2015/2016,1084,935,149,0.1374538745387453,568,494,74,0.130281690140845
3879689,training,8fb5d68d094188a942eb96323eab0dbef0b314ded8954c5aaed2faf421ac66d1,male|T2,male,2,2016,2016-01-17,Serie A,2015/2016,838,629,209,0.2494033412887828,454,354,100,0.2202643171806167
3879691,training,9a8c59b95de20cf1f9a926ef157e55e84bcbbac149138fa83ccaf23a3b7df6fe,male|T2,male,2,2016,2016-01-17,Serie A,2015/2016,891,685,206,0.2312008978675645,467,376,91,0.1948608137044968
3879692,training,7b61aa74cf872f73112a3c3c96e20bb218b610842d00a8acf93bcada5b2f802f,male|T2,male,2,2016,2016-01-17,Serie A,2015/2016,933,721,212,0.2272240085744908,437,357,80,0.183066361556064
3879693,training,2c23cb6f93849d0c15f635a955c99ea5cc03fa0e8e7e7e89aa27cf8ee894e3d2,male|T2,male,2,2016,2016-01-17,Serie A,2015/2016,969,812,157,0.1620227038183694,548,484,64,0.1167883211678832
3879695,training,2336125a7631833d3a1edb8b7899f4b86ddacd7934f69182acb5ad6858821f0c,male|T2,male,2,2016,2016-01-17,Serie A,2015/2016,820,630,190,0.2317073170731707,444,355,89,0.2004504504504504
3900587,training,a4a941d99d2c9897928016abbbe310084d04af05f14072a051d1dc6cb6f6677f,male|T2,male,2,2016,2016-01-17,Ligue 1,2015/2016,789,606,183,0.2319391634980988,295,232,63,0.2135593220338983
3900588,training,287a22fb97ed3ed76816d9d262737ec19ef4839d1a574ba8d88f4fa1a2940776,male|T2,male,2,2016,2016-01-17,Ligue 1,2015/2016,931,737,194,0.2083780880773362,593,497,96,0.1618887015177065
3754161,training,6829e33d7b8c78012ac00890b7f389559797847f5d3abcbaaa5dd2cb19ce0eea,male|T2,male,2,2016,2016-01-18,Premier League,2015/2016,867,652,215,0.2479815455594002,406,332,74,0.1822660098522167
3879696,training,8438a1e26eb3580a8e48a21acb220e5bb1ea6eaff58821a87df6dca916f0cd00,male|T2,male,2,2016,2016-01-20,Serie A,2015/2016,889,678,211,0.2373453318335208,466,374,92,0.1974248927038626
3825741,training,2dedd479f68f55727989781350be11f0499c0c7608d5a873668b0cc4487c1e8a,male|T2,male,2,2016,2016-01-22,La Liga,2015/2016,759,562,197,0.2595520421607378,374,291,83,0.2219251336898395
3900590,training,67b12fa7de063ab62d238aeda2e3b1b60c9415ac98caa4e01c7dcd8917df5162,male|T2,male,2,2016,2016-01-22,Ligue 1,2015/2016,923,712,211,0.228602383531961,498,400,98,0.1967871485943775
265894,training,151cf6d3f1ee141e4b5018acd45040be0d7ab4dd4c7d334ee4683ceff4166b11,male|T2,male,2,2016,2016-01-23,La Liga,2015/2016,812,655,157,0.1933497536945813,423,361,62,0.1465721040189125
3753975,training,59389732cff295ca507a45189f78f962824cc59806db343aa5e165eab3ba72bc,male|T2,male,2,2016,2016-01-23,Premier League,2015/2016,911,705,206,0.2261251372118551,443,347,96,0.2167042889390519
3754084,training,33b05362296ed563ca2dffd355a9c51fbfd965c2875dbfc7c0b4971090f3eacd,male|T2,male,2,2016,2016-01-23,Premier League,2015/2016,734,531,203,0.276566757493188,411,336,75,0.1824817518248175
3754200,training,94db6add300dd2404393a30650977ae24239c6ff1c491d63905104c6b6e52d6e,male|T2,male,2,2016,2016-01-23,Premier League,2015/2016,799,547,252,0.3153942428035043,485,359,126,0.2597938144329897
3754271,training,5e9aa902e801ef6007745389725fe70eb6c2d25e704eae83ecf5f921611f3f9a,male|T2,male,2,2016,2016-01-23,Premier League,2015/2016,851,635,216,0.253819036427732,431,342,89,0.2064965197215777
3754341,training,91011c0cee6b45d8b9e88c95f99e947fa9607dd2e5cdd32317602ffcb71e99e5,male|T2,male,2,2016,2016-01-23,Premier League,2015/2016,784,578,206,0.2627551020408163,479,379,100,0.208768267223382
3754348,training,8a820f3df2bb2c5de091bb5e5ddd349ecc26b4014a050a3ac798141fc7d377fd,male|T2,male,2,2016,2016-01-23,Premier League,2015/2016,817,583,234,0.2864137086903305,366,288,78,0.2131147540983606
3825742,training,809bb1c159bede65f05d70a2b37e451e3c44a53531ac73ec9b00e2771ceca9bd,male|T2,male,2,2016,2016-01-23,La Liga,2015/2016,780,574,206,0.2641025641025641,376,292,84,0.2234042553191489
3825743,training,21383bbfb9f955d3ef519329208015a1559c3bdfe797a1a6201527efd3f369d8,male|T2,male,2,2016,2016-01-23,La Liga,2015/2016,588,381,207,0.3520408163265306,266,199,67,0.2518796992481203
3825744,training,948701a4056f6946c6c93997318da15557d91db71aa5e15d3a661dd2fb9052a3,male|T2,male,2,2016,2016-01-23,La Liga,2015/2016,884,699,185,0.2092760180995475,499,409,90,0.1803607214428857
3879697,training,0bd168317dbd47d72a71139c9b77d3d6e1335d58104158bce3b4cd6f20817f64,male|T2,male,2,2016,2016-01-23,Serie A,2015/2016,732,491,241,0.3292349726775956,325,242,83,0.2553846153846154
3900591,training,0ce0eb5e0c3126d603a4be85951920c26b7a9ec78ced34614990f8d2e504b4ee,male|T2,male,2,2016,2016-01-23,Ligue 1,2015/2016,1287,1118,169,0.1313131313131313,808,716,92,0.1138613861386138
3900593,training,6e8365acc564b01b7bde37fa9a305ad6624020e2d98508aea9910434db5ae1a4,male|T2,male,2,2016,2016-01-23,Ligue 1,2015/2016,902,701,201,0.2228381374722838,563,466,97,0.172291296625222
3900595,training,3651e3e553647a33ae5524bf1abf55c456305134f354c2082244f7b0343f7779,male|T2,male,2,2016,2016-01-23,Ligue 1,2015/2016,1078,914,164,0.1521335807050092,595,519,76,0.1277310924369747
3900596,training,076facd6165cbec28faa1c009bad2971de021adbfe40a79bb1b3026d35f95fcf,male|T2,male,2,2016,2016-01-23,Ligue 1,2015/2016,834,621,213,0.2553956834532374,474,382,92,0.1940928270042194
3754111,training,1a537f393ff852cd8136f718b3d3341c15e0f0ddfe3357ec2ebb61cba84b79a3,male|T2,male,2,2016,2016-01-24,Premier League,2015/2016,1005,841,164,0.16318407960199,397,337,60,0.1511335012594458
3825745,training,8499a16e8445ddc9c08353533c548bdf97ffb2ea3fd8015aef60490b31d074ff,male|T2,male,2,2016,2016-01-24,La Liga,2015/2016,862,634,228,0.2645011600928074,493,390,103,0.2089249492900608
3879700,training,7b26a86ef8827e2cd483731128e2da3775e7144f93667a0cc89a8434ec4e77fa,male|T2,male,2,2016,2016-01-24,Serie A,2015/2016,918,712,206,0.2244008714596949,539,443,96,0.1781076066790352
3879701,training,55bf0158a06bbed3ffd68ca6237d287d3b48a2e43ec13466a2376f3f6579fb9b,male|T2,male,2,2016,2016-01-24,Serie A,2015/2016,1145,985,160,0.1397379912663755,570,499,71,0.1245614035087719
3879702,training,431181680d6b2988e56278a4ee791b8adcc7949d484d67956be3f255aa1146c9,male|T2,male,2,2016,2016-01-24,Serie A,2015/2016,851,632,219,0.2573443008225617,408,326,82,0.2009803921568627
3879703,training,02d1eb386b79545430a4306d300523e0963ed4566a0352ae2a624da94f2eb5e5,male|T2,male,2,2016,2016-01-24,Serie A,2015/2016,883,653,230,0.2604756511891279,511,408,103,0.2015655577299412
3879704,training,5570d7a62ad23fb44ddb208002f145478da533843fb977b5aaeeb25bd9b3fb33,male|T2,male,2,2016,2016-01-24,Serie A,2015/2016,930,715,215,0.2311827956989247,469,383,86,0.1833688699360341
3879705,training,5fc7d5db1a5c879ed67baec7ddb2fb3962f5d60fc674c0f6109f180dd9ab2698,male|T2,male,2,2016,2016-01-24,Serie A,2015/2016,867,679,188,0.2168396770472895,384,314,70,0.1822916666666666
3900597,training,3b3209187fea2e2d4a19d575666560bf63616d4ab29e9b1ab4abce99f1c15e74,male|T2,male,2,2016,2016-01-24,Ligue 1,2015/2016,872,667,205,0.235091743119266,466,366,100,0.2145922746781116
3900598,training,21189bbe553c7d9c68b81789b3692a1ef99fc9d82d34214f4d74d602c45cd254,male|T2,male,2,2016,2016-01-24,Ligue 1,2015/2016,749,552,197,0.2630173564753004,399,309,90,0.225563909774436
3900599,training,5a7585db97acd8015de210993c4737ae4570a7cb869842e77fb6e74e5ec6645b,male|T2,male,2,2016,2016-01-24,Ligue 1,2015/2016,889,645,244,0.2744656917885264,428,332,96,0.2242990654205607
3825749,training,8508d7c7b397d4d670552135592251d4e2a8b52c21e74082fbab088fb6008f97,male|T2,male,2,2016,2016-01-25,La Liga,2015/2016,913,736,177,0.1938663745892661,552,478,74,0.1340579710144927
3900600,training,422fbc3a88ca89382aff217369882d2f10f1d16b353d8be93e6501ded48bd08c,male|T2,male,2,2016,2016-01-29,Ligue 1,2015/2016,855,674,181,0.2116959064327485,413,340,73,0.1767554479418886
267576,training,14e046e6c811e3295f7cb52bfa60adf746719e7f650d9d3025b33a264cb1b367,male|T2,male,2,2016,2016-01-30,La Liga,2015/2016,940,802,138,0.1468085106382978,447,391,56,0.1252796420581655
3825750,training,7c230b61000e614a33f2cb0336393c51b00efcc2d108ee004ed8a4870a3752ef,male|T2,male,2,2016,2016-01-30,La Liga,2015/2016,890,679,211,0.2370786516853932,485,413,72,0.1484536082474226
3825752,training,1c52eb177e3778c170221d4b2b207f7aa60233d90879909ea88f6ab5fcc998df,male|T2,male,2,2016,2016-01-30,La Liga,2015/2016,751,474,277,0.3688415446071904,400,277,123,0.3075
3879707,training,2036afbf0d45dc2edf3714ce9619d9366ca13247b194e1f691232b1ec550e307,male|T2,male,2,2016,2016-01-30,Serie A,2015/2016,797,617,180,0.2258469259723965,381,319,62,0.1627296587926509
3879708,training,14f11eb528b21b196ea8f29b10146a4e5273177353ff096ea1f97059ebd11bd0,male|T2,male,2,2016,2016-01-30,Serie A,2015/2016,870,640,230,0.264367816091954,435,351,84,0.193103448275862
3890427,training,85441901f23752412224cb99301e98ad94c179b7a5494de80d20e07ab4aef327,male|T2,male,2,2016,2016-01-30,1. Bundesliga,2015/2016,750,533,217,0.2893333333333333,325,252,73,0.2246153846153846
3900601,training,0b7558a2557c06147a27568ad86bba54183759c3ebe7f91378c2b978786b1995,male|T2,male,2,2016,2016-01-30,Ligue 1,2015/2016,785,569,216,0.2751592356687898,406,313,93,0.229064039408867
3900602,training,244dd4a68b08eb7e924fda9e69e9e8cc957c16224d2966752b09284c42c84460,male|T2,male,2,2016,2016-01-30,Ligue 1,2015/2016,812,629,183,0.2253694581280788,405,339,66,0.1629629629629629
3900604,training,1257fae1b5df533ad7384def169a9bce246779693ab9a5f15e837007a9d6117a,male|T2,male,2,2016,2016-01-30,Ligue 1,2015/2016,908,723,185,0.2037444933920704,427,351,76,0.1779859484777517
3900606,training,82faf58b1a8799a6b7e1c9b2c7c0db464d08fb603d4595601285265755202eb8,male|T2,male,2,2016,2016-01-30,Ligue 1,2015/2016,1014,805,209,0.2061143984220907,669,556,113,0.1689088191330343
3825755,training,8ee2d3f107167c9afddeafe649bd3eb481c7076057bd4dcfed4c0ce6c9d59be6,male|T2,male,2,2016,2016-01-31,La Liga,2015/2016,743,550,193,0.2597577388963661,335,263,72,0.2149253731343283
3825756,training,011aa1daae342bbf8d87d6f10377307a7b4aba03646de16e2cef4368a47e2e32,male|T2,male,2,2016,2016-01-31,La Liga,2015/2016,896,701,195,0.2176339285714285,485,396,89,0.1835051546391752
3879710,training,464cc65d7e0205aa5a9d6323485601da9d42cd7977a5f374efd6d45b787ff9f1,male|T2,male,2,2016,2016-01-31,Serie A,2015/2016,896,733,163,0.1819196428571428,506,430,76,0.150197628458498
3879711,training,614fe33ae0d7b7fdd47cc851155691a1cacd46708ab7dd27f99353a02dd2a8b8,male|T2,male,2,2016,2016-01-31,Serie A,2015/2016,772,579,193,0.25,449,350,99,0.220489977728285
3879712,training,534656ef0a3894481264e545b5357bfcca1813afa3cd893e3e33aecd239ed597,male|T2,male,2,2016,2016-01-31,Serie A,2015/2016,774,601,173,0.2235142118863049,361,301,60,0.1662049861495844
3879713,training,02cc6844a33442bdda090a15b79dd8222f24e4ad47a086e5fb814719dbedce58,male|T2,male,2,2016,2016-01-31,Serie A,2015/2016,1111,928,183,0.1647164716471647,715,622,93,0.13006993006993
3879714,training,a40cc58bebffdbce6fd97dcd78dcd0c0d8292a8bce000510895da698d887f7cd,male|T2,male,2,2016,2016-01-31,Serie A,2015/2016,990,866,124,0.1252525252525252,474,414,60,0.1265822784810126
3879716,training,0cad6b632d16b53c2fa6111b592490fddb86641481ede411f21e7bfcdac94a77,male|T2,male,2,2016,2016-01-31,Serie A,2015/2016,845,635,210,0.2485207100591716,403,302,101,0.2506203473945409
3900608,training,425e5905d732a1b02529487116142983ef965df62119bb98011438b2892e4736,male|T2,male,2,2016,2016-01-31,Ligue 1,2015/2016,853,687,166,0.1946072684642438,468,408,60,0.1282051282051282
3900609,training,33a5122efb61288d579e243ccb30295ee92f8d59cd220a6752c997f8cbc22cae,male|T2,male,2,2016,2016-01-31,Ligue 1,2015/2016,988,808,180,0.1821862348178137,669,572,97,0.1449925261584454
3825758,training,7350e9c3b1eaff4f207c7bf9766575641094a506faabc9c2ea3d29520103ef24,male|T2,male,2,2016,2016-02-01,La Liga,2015/2016,772,506,266,0.344559585492228,355,254,101,0.2845070422535211
3754089,training,a150b7d367c543aba7caefc13628c7111bb2c551a3e325770d4ccc093e2a2aa4,male|T2,male,2,2016,2016-02-02,Premier League,2015/2016,772,568,204,0.2642487046632124,388,295,93,0.2396907216494845
3754094,training,8fe7f8c4567dbb1d9bb561d731267967c379a537281144989e7d603a67bcb1e7,male|T2,male,2,2016,2016-02-02,Premier League,2015/2016,941,771,170,0.1806588735387885,466,390,76,0.1630901287553648
3754095,training,0d78c09ce14dad8437b802044a434ec50b93309a4bff909d67993c728cad320f,male|T2,male,2,2016,2016-02-02,Premier League,2015/2016,844,600,244,0.2890995260663507,415,320,95,0.2289156626506024
3754201,training,437d9495ab6d0243b70a3ee3948f5058cb938a690f3ba72a6002ecb948521ced,male|T2,male,2,2016,2016-02-02,Premier League,2015/2016,814,629,185,0.2272727272727272,470,369,101,0.2148936170212766
3754275,training,5935cc741f90fbc53f4ab26022e64322c3d0980aa5e88f242b825cb577234ca8,male|T2,male,2,2016,2016-02-02,Premier League,2015/2016,874,644,230,0.2631578947368421,416,320,96,0.2307692307692307
3754317,training,24b840944c4a12fac6bce3ffcc7b0361e7a82e8defe7908f9210a61d5000f90c,male|T2,male,2,2016,2016-02-02,Premier League,2015/2016,777,567,210,0.2702702702702703,404,310,94,0.2326732673267326
3754340,training,6e5d79e3a6a68948d1007ce2e9efac9a8ce48a0516125e1ab04a86c97d560f44,male|T2,male,2,2016,2016-02-02,Premier League,2015/2016,845,651,194,0.229585798816568,450,366,84,0.1866666666666666
3879717,training,a33474d9b2b5fd57365c0ae60299f41e95b2b1c54a32ade43d45dd6739b8aed5,male|T2,male,2,2016,2016-02-02,Serie A,2015/2016,885,699,186,0.2101694915254237,450,375,75,0.1666666666666666
3900610,training,9f32904ab59de9d5b2674b8f8d99a63a8cdcaf853170c5dbdbbb5a65ff82891a,male|T2,male,2,2016,2016-02-02,Ligue 1,2015/2016,872,685,187,0.2144495412844036,442,370,72,0.1628959276018099
3900611,training,3d3ec61e908b34a7a078851eebd0a30b7c1aa18c49e7177701cb05630b5e9c94,male|T2,male,2,2016,2016-02-02,Ligue 1,2015/2016,1017,780,237,0.2330383480825958,576,469,107,0.1857638888888889
3754103,training,87ef49df8609f33d882379de7c81979d4600fdda56ff3bb2ba2051299653ce20,male|T2,male,2,2016,2016-02-03,Premier League,2015/2016,1004,804,200,0.199203187250996,541,444,97,0.1792975970425138
3754252,training,a9ae39382f1d0839e64659af6a86196796e1142e4bc08ec74977272944192600,male|T2,male,2,2016,2016-02-03,Premier League,2015/2016,823,646,177,0.2150668286755771,443,362,81,0.182844243792325
3879718,training,4643afc9f2d30b183ba984fcc00b000bf880b230416e4a14b70bba2ff6e0db9f,male|T2,male,2,2016,2016-02-03,Serie A,2015/2016,776,610,166,0.2139175257731958,323,261,62,0.1919504643962848
3879719,training,134146e659908c51c37a203a76f8d44fd2007bb818cea6cbcaa120179bbf2cb8,male|T2,male,2,2016,2016-02-03,Serie A,2015/2016,841,640,201,0.2390011890606421,344,280,64,0.1860465116279069
3879720,training,6f85ec62a95dd59c18ad2f016dc78e0439d3611a97beb8fce8badb567375b1c4,male|T2,male,2,2016,2016-02-03,Serie A,2015/2016,1071,827,244,0.2278244631185807,585,475,110,0.188034188034188
3879721,training,0078411f182bc16bd7c9e2fed4954fa5ed5b6d31efc15e43d13e75e7641ffddb,male|T2,male,2,2016,2016-02-03,Serie A,2015/2016,884,716,168,0.1900452488687782,550,463,87,0.1581818181818181
3879722,training,239b5e89f377b69612cf57559ccfc6c741ab4357b29b7cdd90efb51d85c8cfa3,male|T2,male,2,2016,2016-02-03,Serie A,2015/2016,736,500,236,0.3206521739130434,278,202,76,0.2733812949640288
3879723,training,19e0d405cbb41584052572227bb6b3c60bf380bae1c5357e4e4d8eb130a6396a,male|T2,male,2,2016,2016-02-03,Serie A,2015/2016,848,656,192,0.2264150943396226,386,315,71,0.1839378238341968
3879724,training,39a1cce1d9e4798f566b1da47830e1a94a39b8695c246285cfa311ad787d4c51,male|T2,male,2,2016,2016-02-03,Serie A,2015/2016,814,625,189,0.2321867321867322,277,221,56,0.2021660649819494
3879726,training,9943791bb48175a7cb817c6d478bb77a9d2b2901db6ec7a8191bfedd32f3936d,male|T2,male,2,2016,2016-02-03,Serie A,2015/2016,853,651,202,0.2368112543962485,394,316,78,0.1979695431472081
3900612,training,4886dd93c467a5d8740fd15db6df20ed6f5a302c594fb611530005f72c455e5f,male|T2,male,2,2016,2016-02-03,Ligue 1,2015/2016,930,726,204,0.2193548387096774,446,360,86,0.1928251121076233
3900613,training,7494416a7b28a9692092f0bd9032f6433d36708ed738071ff7a47eeeea6c42cc,male|T2,male,2,2016,2016-02-03,Ligue 1,2015/2016,1043,832,211,0.2023010546500479,556,471,85,0.1528776978417266
3900615,training,9604f81b3e440b1859b6059e731c033cdfa30266f73474c2cbb0303a5e8846dd,male|T2,male,2,2016,2016-02-03,Ligue 1,2015/2016,865,680,185,0.2138728323699422,469,374,95,0.2025586353944563
3900617,training,0b81869f21145f902bf63961dfd9affcb9190238f3994ca353a6d4e45530ce27,male|T2,male,2,2016,2016-02-03,Ligue 1,2015/2016,774,582,192,0.2480620155038759,365,290,75,0.2054794520547945
3900619,training,81d8c309a8198c788d380b8a19afc32e60b170f9e3a516a6fa3f60d1f2a16733,male|T2,male,2,2016,2016-02-04,Ligue 1,2015/2016,879,669,210,0.2389078498293515,558,442,116,0.2078853046594982
3754080,training,2d8d2236e5b610444558fe36618a31140867435ad275e7544eb04b7ae3959f46,male|T2,male,2,2016,2016-02-06,Premier League,2015/2016,870,653,217,0.2494252873563218,344,266,78,0.2267441860465116
3754120,training,41a2c30552264d751017b7deeaf109f1c675dc756427b33e5ab79ccdb91aabea,male|T2,male,2,2016,2016-02-06,Premier League,2015/2016,802,639,163,0.2032418952618453,351,300,51,0.1452991452991453
3754127,training,025d581ff1b3b9ce9ba5612dfa8bfd7c13b2b71fe6527b654d6e74fd5a05db04,male|T2,male,2,2016,2016-02-06,Premier League,2015/2016,920,747,173,0.1880434782608695,399,329,70,0.175438596491228
3754290,training,2c5aaad8a2477bef00683251d34c3f2ee3fbdf2861f4fa91f372d94a57eafdfa,male|T2,male,2,2016,2016-02-06,Premier League,2015/2016,833,647,186,0.2232893157262905,383,318,65,0.1697127937336814
3754292,training,37fe4e20664052477fda9f69c901dd79e4559771d7077fed0364fb492477c274,male|T2,male,2,2016,2016-02-06,Premier League,2015/2016,720,546,174,0.2416666666666666,357,281,76,0.2128851540616246
3754303,training,69ede6538f2e8dffd33b2090d2f9b76fc150d1ef54f5f14b0f98519f9e003c7f,male|T2,male,2,2016,2016-02-06,Premier League,2015/2016,799,606,193,0.2415519399249061,406,322,84,0.2068965517241379
3754306,training,a8002bb23d71ce82a0e09e462bff2ccc47fb2d84b164b77ceb03d12cdce48203,male|T2,male,2,2016,2016-02-06,Premier League,2015/2016,763,559,204,0.2673656618610747,418,324,94,0.2248803827751196
3825760,training,a822967d70b54e1bcac3e6eae6cf3f1aa963bd8b28054aa0096b22724a860111,male|T2,male,2,2016,2016-02-06,La Liga,2015/2016,730,491,239,0.3273972602739726,300,214,86,0.2866666666666667
3825761,training,3440f683f3fa6cfd89c5200000028fda32fc7920894e9763f8526a792dd80c0f,male|T2,male,2,2016,2016-02-06,La Liga,2015/2016,857,616,241,0.2812135355892649,369,282,87,0.2357723577235772
3825763,training,16790b00eb1acd605cd46012dd367d4628510a0e375eeba508577f36965ec572,male|T2,male,2,2016,2016-02-06,La Liga,2015/2016,823,586,237,0.2879708383961117,463,365,98,0.2116630669546436
3879728,training,5d8176f024d62a22b6d72990e63598c612ceb431af01ac1cb7c8ca42a6b38e20,male|T2,male,2,2016,2016-02-06,Serie A,2015/2016,962,769,193,0.2006237006237006,497,408,89,0.1790744466800805
3890431,training,4082a2eb7b0c651460c9efcd8abaccdaf0f9d73000beae2bf6c31f685dcc1761,male|T2,male,2,2016,2016-02-06,1. Bundesliga,2015/2016,738,536,202,0.2737127371273712,343,257,86,0.2507288629737609
3900620,training,10dcf10b6c38641921852fc9c6f15432e3baa658e982acfa2f93c1b4543434ad,male|T2,male,2,2016,2016-02-06,Ligue 1,2015/2016,730,520,210,0.2876712328767123,413,308,105,0.2542372881355932
3900621,training,616ed2e9d01dbc62cf34370bf6abfb6a7253a5bf2c3bc045e4845165e88a42b9,male|T2,male,2,2016,2016-02-06,Ligue 1,2015/2016,824,617,207,0.2512135922330097,376,294,82,0.2180851063829787
3900622,training,05ec5c02f95e343192cb88203b010f0416d732a568e00aea03b5ddb0a218e99c,male|T2,male,2,2016,2016-02-06,Ligue 1,2015/2016,883,683,200,0.2265005662514156,553,451,102,0.1844484629294756
3900623,training,35fd035619f67806e026e26339b87f87a4a5365216894140ab843f6aabb88fa5,male|T2,male,2,2016,2016-02-06,Ligue 1,2015/2016,1009,784,225,0.2229930624380574,649,523,126,0.1941448382126348
3900624,training,267bc6b9cf5ed588c6477d14ee3fab92bb9a668928d3b2c6dd63aeca353b748d,male|T2,male,2,2016,2016-02-06,Ligue 1,2015/2016,1001,807,194,0.1938061938061938,476,405,71,0.1491596638655462
3900625,training,4f13cb30808d7532b3fdb04fbe40d2e3fd14986d8cf9e447c911bd58c9f0a698,male|T2,male,2,2016,2016-02-06,Ligue 1,2015/2016,943,752,191,0.2025450689289501,517,431,86,0.1663442940038684
266160,training,52a364a68bd702c7a0f537bd8650a8074f0b3207e3fd5eb5013f3d41af544d82,male|T2,male,2,2016,2016-02-07,La Liga,2015/2016,866,708,158,0.1824480369515011,432,372,60,0.1388888888888889
3754253,training,1231ba9665e836289120fd4339bc90b8d2529abd028d4082788e96e9b757e45f,male|T2,male,2,2016,2016-02-07,Premier League,2015/2016,981,772,209,0.2130479102956167,559,451,108,0.1932021466905187
3825764,training,9336230aeab692835fc25c964aef2b6fbf900e4b75b740afa7f0c4610ab27cb8,male|T2,male,2,2016,2016-02-07,La Liga,2015/2016,926,744,182,0.1965442764578833,394,318,76,0.1928934010152284
3825765,training,0ede11173710a5495b54744fef13fa225ac318ff590bf6ec046d645f67bc666f,male|T2,male,2,2016,2016-02-07,La Liga,2015/2016,869,705,164,0.1887226697353279,347,283,64,0.1844380403458213
3825766,training,811552b08ed5351f257533b34c747800ef3a9848cac0c52befbc4ef967f95e13,male|T2,male,2,2016,2016-02-07,La Liga,2015/2016,726,486,240,0.3305785123966942,333,257,76,0.2282282282282282
3879729,training,0f51f36b84487a47b22c73bbdb37723fb7b16776fadcf9f895aef549f0577ae3,male|T2,male,2,2016,2016-02-07,Serie A,2015/2016,785,597,188,0.2394904458598726,373,304,69,0.1849865951742627
3879730,training,2974ad59c8d86e01f31075bd5cbb7f8fe456c8a532f2170f48c1ab44623729e4,male|T2,male,2,2016,2016-02-07,Serie A,2015/2016,747,572,175,0.2342704149933065,299,236,63,0.2107023411371237
3879731,training,5b1a1df97a640da9614e8ba5db9e8a980431c60e4ddfb023e0e8486604f04161,male|T2,male,2,2016,2016-02-07,Serie A,2015/2016,987,784,203,0.2056737588652482,583,480,103,0.176672384219554
3879732,training,382a6b5431b9414ede4845caae488456bb7d5a149317d3b708648d3045055db1,male|T2,male,2,2016,2016-02-07,Serie A,2015/2016,848,649,199,0.2346698113207547,381,309,72,0.1889763779527559
3879733,training,801d125f064dbe58571762c136797d8e42c9ea090b1ff3f5acb33493ace08241,male|T2,male,2,2016,2016-02-07,Serie A,2015/2016,783,605,178,0.227330779054917,412,329,83,0.2014563106796116
3879734,training,4866d054a3bdabc8a56e936f7c91b09d918ac978f6dff61d91f32e5559ad013c,male|T2,male,2,2016,2016-02-07,Serie A,2015/2016,827,615,212,0.2563482466747279,424,341,83,0.1957547169811321
3879735,training,5512b25c0d81da30352c99f831a42ce73bc68eb89c8b8c485b054d4b9da2e168,male|T2,male,2,2016,2016-02-07,Serie A,2015/2016,877,669,208,0.2371721778791334,418,334,84,0.200956937799043
3879736,training,226e99910ce607c72c123f863cd335eae9f87aa84f5d884fd7178becd11c93d1,male|T2,male,2,2016,2016-02-07,Serie A,2015/2016,1038,866,172,0.1657032755298651,479,411,68,0.1419624217118998
3879737,training,56c5b0cbc0fb86ee3acdb172dabc36ecdbdd9fe3a6652c312d234551a89265d8,male|T2,male,2,2016,2016-02-11,Serie A,2015/2016,890,676,214,0.2404494382022471,488,399,89,0.1823770491803278
3825768,training,3bf7ecc5125e0b69e2614503665274adf9314e52c8b023063a397e8a4b0b671a,male|T2,male,2,2016,2016-02-12,La Liga,2015/2016,860,654,206,0.2395348837209302,439,357,82,0.1867881548974943
3879738,training,26e28d25ff1a9553a8afd53f578548d71728e5c684c5ba5646d76794c0540d27,male|T2,male,2,2016,2016-02-12,Serie A,2015/2016,928,696,232,0.25,479,363,116,0.2421711899791231
3754031,training,49985860c8d584b4e6afee8c912bdd41b7573f233b99dfd65afe03c3a96ddf62,male|T2,male,2,2016,2016-02-13,Premier League,2015/2016,745,548,197,0.2644295302013423,377,301,76,0.2015915119363395
3754039,training,9e1595f155708904898566582e9c4230d1bed5cb6b9d419c6eb436417406a5a8,male|T2,male,2,2016,2016-02-13,Premier League,2015/2016,711,499,212,0.2981715893108298,293,208,85,0.2901023890784983
3754139,training,74983b9050ad796bb94557d49b52edb6e4e65c17136de550aae4d7ab36f01736,male|T2,male,2,2016,2016-02-13,Premier League,2015/2016,865,649,216,0.2497109826589595,448,356,92,0.2053571428571428
3754264,training,1c6ad4a2f97fb8d3862a3684aec659adea9f9b730efb67ffcedd3b1ab5510eb8,male|T2,male,2,2016,2016-02-13,Premier League,2015/2016,1003,826,177,0.1764705882352941,504,432,72,0.1428571428571428
3825769,training,4678a02c185495e9fdc58922b3d44cead9a78f8309b8d51081d843db6ec3717f,male|T2,male,2,2016,2016-02-13,La Liga,2015/2016,915,666,249,0.2721311475409836,526,402,124,0.2357414448669201
3825770,training,9978b2dc80a73e1b36e31835407d30ec12501c5eed0c3c9dc53c66085896983f,male|T2,male,2,2016,2016-02-13,La Liga,2015/2016,1000,827,173,0.173,592,506,86,0.1452702702702702
3879740,training,a9147a36b340029f8d59aa3620762b88d7a6b1ec8562ee6eccdd376637f0e681,male|T2,male,2,2016,2016-02-13,Serie A,2015/2016,683,526,157,0.2298682284040995,262,216,46,0.1755725190839694
3890444,training,1e4ceedbef56fd0cecadbd8f09d3372e85e9c39439cbc9eeb2cd86e0fa582f34,male|T2,male,2,2016,2016-02-13,1. Bundesliga,2015/2016,579,344,235,0.4058721934369603,248,179,69,0.2782258064516129
3900636,training,3a6410ad9b4d4e587577bb43896e6f747b2023d4563e3e1aa8aa9443f83bc3c2,male|T2,male,2,2016,2016-02-13,Ligue 1,2015/2016,903,734,169,0.1871539313399778,530,445,85,0.160377358490566
266254,training,579092ca7a131912d7d3ea137403ec201b46ac1e0ca226f8d1ae909a1e8abb19,male|T2,male,2,2016,2016-02-14,La Liga,2015/2016,825,649,176,0.2133333333333333,381,307,74,0.1942257217847769
3754147,training,1f03bf26cd15558a81311c1a8a92095ebfe396ee41a7b7169314169d57268ee5,male|T2,male,2,2016,2016-02-14,Premier League,2015/2016,1027,818,209,0.2035053554040896,536,444,92,0.1716417910447761
3825773,training,7707a86ac932c10d50066d88f4571954f7278a3367de700cacc266460f7770dd,male|T2,male,2,2016,2016-02-14,La Liga,2015/2016,812,586,226,0.2783251231527093,409,324,85,0.2078239608801956
3825774,training,5180b2e969392fd24815969c20cb0412f8b962ce2ff9430d34cbda5e551868a8,male|T2,male,2,2016,2016-02-14,La Liga,2015/2016,1029,862,167,0.162293488824101,617,536,81,0.1312803889789303
3825775,training,17b6708eb38adc5f76955f8734812e9e9fcaeed3ee50cea5659cfdb82d11b59b,male|T2,male,2,2016,2016-02-14,La Liga,2015/2016,737,520,217,0.2944369063772049,362,278,84,0.2320441988950276
3825776,training,96985610aff55e4cae266e896ac2e7321329be0955f921e7a0d1a95e5f551455,male|T2,male,2,2016,2016-02-14,La Liga,2015/2016,904,718,186,0.2057522123893805,493,413,80,0.1622718052738336
3879743,training,9ff7bfc61121a128f93b3df0ff810d130f89d8a8e078252163d189bab409b5ee,male|T2,male,2,2016,2016-02-14,Serie A,2015/2016,784,579,205,0.2614795918367347,348,273,75,0.2155172413793103
3879744,training,a38996326101a20ecde1a75fed3a2ca105b72e211411d8bb732a23e645fe0284,male|T2,male,2,2016,2016-02-14,Serie A,2015/2016,881,670,211,0.2395005675368899,430,344,86,0.2
3879746,training,0dd5e77da7f1a8725d1e98d873800f24ebcee6db7fd4fd04e355f25ebffc7e6f,male|T2,male,2,2016,2016-02-14,Serie A,2015/2016,853,676,177,0.2075029308323563,399,336,63,0.1578947368421052
3900637,training,3de6a8303e27cff811128ee5a410d20bb6295f6e548b1db405c6f88a520be5e6,male|T2,male,2,2016,2016-02-14,Ligue 1,2015/2016,973,770,203,0.2086330935251798,591,497,94,0.1590524534686971
3900639,training,0cecb3c2d4cd50c63f45c3b1497c0220d4e7527294cdf9062afe2722d3d15ced,male|T2,male,2,2016,2016-02-14,Ligue 1,2015/2016,726,493,233,0.3209366391184573,330,242,88,0.2666666666666666
3825777,training,7ab890583b631fbb3e4e468e06c14d8c8c7a60bdd9c6c92b23090de3ccdec0e2,male|T2,male,2,2016,2016-02-19,La Liga,2015/2016,703,503,200,0.2844950213371266,378,291,87,0.2301587301587301
3901144,training,21eda63bfbbbd5cb2400df24a240ff27d077f4cda3799e25ff72a288ae92be17,male|T2,male,2,2016,2016-02-19,Ligue 1,2015/2016,1017,801,216,0.2123893805309734,656,539,117,0.1783536585365853
3825779,training,6856ee17e7983d507ce74355e0c3c9a919948ab324018d684b7af2ed666f327e,male|T2,male,2,2016,2016-02-20,La Liga,2015/2016,849,616,233,0.2744405182567727,368,272,96,0.2608695652173913
3879748,training,4f2e80f1fa7a97f37764a5c02a579bb72d1ad0ed4b2d834011cae07bd7c061ad,male|T2,male,2,2016,2016-02-20,Serie A,2015/2016,645,466,179,0.2775193798449612,343,268,75,0.2186588921282798
3879749,training,2f04c47fae2bb8f39af3ca1d1a824827773bb702d470e0fe7dfc43a65e9fcf18,male|T2,male,2,2016,2016-02-20,Serie A,2015/2016,814,615,199,0.2444717444717444,347,284,63,0.1815561959654178
3901145,training,6202fbb7a3a14166139235b33c2de6a428dc130d20a86a35668de28db0d7ebd6,male|T2,male,2,2016,2016-02-20,Ligue 1,2015/2016,891,656,235,0.2637485970819304,463,357,106,0.2289416846652267
3901146,training,2fdd8941f9cf93211f3aa2f222a6dc612a56b15a1491d15b8a7fd1d611c3a749,male|T2,male,2,2016,2016-02-20,Ligue 1,2015/2016,1104,933,171,0.154891304347826,584,492,92,0.1575342465753424
3901147,training,5b650ef58996892494c526162793a3263d978ed78a42559e836b161e1a84355b,male|T2,male,2,2016,2016-02-20,Ligue 1,2015/2016,847,594,253,0.2987012987012987,400,308,92,0.23
3901148,training,943de7a92dc7e122258b130254f2d7d63200ada1a39643983451d5d56b8f54b1,male|T2,male,2,2016,2016-02-20,Ligue 1,2015/2016,761,581,180,0.2365308804204993,469,379,90,0.1918976545842217
3825781,training,8b6213a173a00da781686a0d9eca600dcb1c220049d7150daf87fb4a3bf000b6,male|T2,male,2,2016,2016-02-21,La Liga,2015/2016,670,443,227,0.3388059701492537,231,170,61,0.264069264069264
3825782,training,5a20839fe1db886d1a0967b36d2adea89edb4bd6712a7d91c527afbed485a2e2,male|T2,male,2,2016,2016-02-21,La Liga,2015/2016,860,679,181,0.2104651162790697,394,324,70,0.1776649746192893
3825783,training,a8a439a6c4bfb23d4f9f888876bc485ca1adcd17d219b3db1eda334bf45c1eb1,male|T2,male,2,2016,2016-02-21,La Liga,2015/2016,723,469,254,0.3513139695712309,274,199,75,0.2737226277372263
3825784,training,056a8dff74f1196e77f52291fd5a9e64de203e096aedda4c5909f750e5d2244f,male|T2,male,2,2016,2016-02-21,La Liga,2015/2016,934,668,266,0.284796573875803,493,381,112,0.2271805273833671
3879752,training,1d806a9ceb02ef8ef212dc2ddaf2d97a46ac3434598960a96b9a7d072e5d518f,male|T2,male,2,2016,2016-02-21,Serie A,2015/2016,793,604,189,0.2383354350567465,419,333,86,0.2052505966587112
3879753,training,a5f1c8fae462a6c58031d576c7209f5164e3806dbbaed3e48857e3ca085737d3,male|T2,male,2,2016,2016-02-21,Serie A,2015/2016,860,659,201,0.2337209302325581,437,364,73,0.1670480549199084
3879754,training,59de56c1930a82c6f0a85ec8f9a6071894e027405b926270e667b3fa8b12ac72,male|T2,male,2,2016,2016-02-21,Serie A,2015/2016,703,506,197,0.2802275960170697,348,273,75,0.2155172413793103
3879755,training,03036172a49151844f1fa4d639014d8eb5a40fd0394f5602207e44acc01cbd85,male|T2,male,2,2016,2016-02-21,Serie A,2015/2016,837,630,207,0.2473118279569892,420,343,77,0.1833333333333333
3890456,training,6b302c4be973e397e9ee87c4dc2026073446a5c0c495d8fdff6563d9fca96c93,male|T2,male,2,2016,2016-02-21,1. Bundesliga,2015/2016,782,571,211,0.2698209718670076,335,245,90,0.2686567164179104
3879756,training,0dd25ca3b4aca994a89f9c69c69bbc5635d827de7b0b3d7f082ddb7e0890d69e,male|T2,male,2,2016,2016-02-22,Serie A,2015/2016,982,783,199,0.2026476578411405,478,397,81,0.1694560669456067
3901153,training,6728a53f126e19f8b955789905f02b67a235770cb55589bae9777bb786b3a852,male|T2,male,2,2016,2016-02-26,Ligue 1,2015/2016,855,667,188,0.2198830409356725,411,336,75,0.1824817518248175
3754012,training,3afa2db925a429ace5c0274180c42d4f327001700bbc838b43b69a465acea077,male|T2,male,2,2016,2016-02-27,Premier League,2015/2016,980,806,174,0.1775510204081632,506,428,78,0.1541501976284585
3754121,training,14da67f3947931a6bb8f1a174d79db67a31728768cf687b70887765c9fac0a30,male|T2,male,2,2016,2016-02-27,Premier League,2015/2016,665,474,191,0.2872180451127819,287,220,67,0.2334494773519163
3754236,training,629541b89cfee5091b847c257c9a4efedd7419cae15b5479ef2c07c448953674,male|T2,male,2,2016,2016-02-27,Premier League,2015/2016,728,535,193,0.2651098901098901,439,342,97,0.2209567198177676
3754321,training,74dabe88457acc07b633432b604f57a14ce56c17f1b9b9b173bc256d630072d3,male|T2,male,2,2016,2016-02-27,Premier League,2015/2016,904,683,221,0.2444690265486725,422,336,86,0.2037914691943128
3825787,training,3117b7e82679c9724669964a7df9c7382808cfa2947ede6d772cfd9989a0cbe1,male|T2,male,2,2016,2016-02-27,La Liga,2015/2016,965,789,176,0.1823834196891191,487,407,80,0.164271047227926
3825789,training,a6fe7b6e63b8795216fc5f10cb30f2636ad1a5437cb5c34e82bf5523d9706793,male|T2,male,2,2016,2016-02-27,La Liga,2015/2016,767,549,218,0.2842242503259452,362,269,93,0.2569060773480663
3879757,training,3ea75255d5e8a18bfb7b07dc49b14e5b16f7bfb12e0c90a8b1930c1379b68f3c,male|T2,male,2,2016,2016-02-27,Serie A,2015/2016,948,763,185,0.1951476793248945,448,369,79,0.1763392857142857
3879758,training,9fbc3c17daa153aaf5d288dd7b2ad81f3b42ae960eaadb72ac97ed4ca69ced12,male|T2,male,2,2016,2016-02-27,Serie A,2015/2016,845,665,180,0.2130177514792899,468,382,86,0.1837606837606837
3901154,training,9a1b6b7ad971797041b343e557be538e7bdfda5dd76ef59379f556eafa3b1411,male|T2,male,2,2016,2016-02-27,Ligue 1,2015/2016,975,801,174,0.1784615384615384,512,432,80,0.15625
3901155,training,6c5ace0194cb1a11de1d27bf75e4a0a9eba3f15ea0f306cfe87e57fd95c78834,male|T2,male,2,2016,2016-02-27,Ligue 1,2015/2016,836,645,191,0.2284688995215311,406,336,70,0.1724137931034483
3901156,training,9dc62056563ca70d4af52d1020945ab0f15eafdfe09f693c38f4606491a725f3,male|T2,male,2,2016,2016-02-27,Ligue 1,2015/2016,786,615,171,0.2175572519083969,453,366,87,0.1920529801324503
3901157,training,5b759f96e23cfdae2dfb49b357583f920cc2845bb78d0b8f75ed4b2ca98df8e1,male|T2,male,2,2016,2016-02-27,Ligue 1,2015/2016,826,644,182,0.2203389830508474,449,374,75,0.1670378619153674
3901158,training,06af3b4d43bb8a4bf4a9b7055c739fd90f3afa8507098d8dfdfa500ed60f7515,male|T2,male,2,2016,2016-02-27,Ligue 1,2015/2016,973,755,218,0.224049331963001,535,428,107,0.2
265839,training,96bbbcb1b86ee3bebc7db906939886a0cbf06929de53c21686785ab0ad0c637b,male|T2,male,2,2016,2016-02-28,La Liga,2015/2016,964,772,192,0.1991701244813278,523,433,90,0.1720841300191204
3754239,training,7f81428da31de08e80ea2edc46e3ac9da074c3a60fcd3999cf9b1a160c0d44e0,male|T2,male,2,2016,2016-02-28,Premier League,2015/2016,827,670,157,0.1898428053204353,375,319,56,0.1493333333333333
3825792,training,4ed946b0593343df085fd56589a241dc6536d343fbde0e9e200fc49d39a5c5f0,male|T2,male,2,2016,2016-02-28,La Liga,2015/2016,933,706,227,0.2433011789924973,462,358,104,0.2251082251082251
3825793,training,25349d53565064b33fd31e885f0255551ccee8a967369196625524f6ea8b5d13,male|T2,male,2,2016,2016-02-28,La Liga,2015/2016,983,802,181,0.1841302136317395,547,473,74,0.1352833638025594
3825794,training,6ac61ff9eb4f1ed98fb3d030a9817b9da86574e80267f2febdc451606101c7de,male|T2,male,2,2016,2016-02-28,La Liga,2015/2016,931,773,158,0.1697099892588614,524,447,77,0.1469465648854961
3879760,training,4ea0eb0a76c77c190125196e48500abfac6378e93a27e069b3e5250e6ec6eb3c,male|T2,male,2,2016,2016-02-28,Serie A,2015/2016,877,666,211,0.2405929304446978,459,371,88,0.1917211328976034
3879762,training,2b416e20e89cc3a49dda1140e4414879e3c53f8de023ccf1a2a5eea00ac35858,male|T2,male,2,2016,2016-02-28,Serie A,2015/2016,793,579,214,0.2698612862547289,412,328,84,0.203883495145631
3879763,training,53b589e1a15bd8b5b8edd674767165c5bdd4c547276abace3b5a1473872ac8bb,male|T2,male,2,2016,2016-02-28,Serie A,2015/2016,621,438,183,0.2946859903381642,267,206,61,0.2284644194756554
3879764,training,68072cc9e7dc2732ca2ae41e06ff8d318865a8ad72806e371f5e67baf661eb28,male|T2,male,2,2016,2016-02-28,Serie A,2015/2016,793,574,219,0.2761664564943253,405,311,94,0.2320987654320987
3890463,training,9176de5b8312206bec75e69c60a4005a2b2ea0c9dc9fef4ce49ddbcc32845b4e,male|T2,male,2,2016,2016-02-28,1. Bundesliga,2015/2016,738,501,237,0.3211382113821138,344,263,81,0.2354651162790697
3901160,training,2d7b7734e68054570b29ada4da8db6c9680f8ae6e82ffd950b24d0799e25463f,male|T2,male,2,2016,2016-02-28,Ligue 1,2015/2016,842,643,199,0.2363420427553444,514,430,84,0.1634241245136186
3901161,training,8b9e32217d76ad12f38b2675fc0d11993fa834d688cc1c47e7b5ea3345aea807,male|T2,male,2,2016,2016-02-28,Ligue 1,2015/2016,829,607,222,0.2677925211097708,385,294,91,0.2363636363636363
3879765,training,78a80a07b584fb64e693bad0fee2e0c190069168432f61712abc78ff649e1463,male|T2,male,2,2016,2016-02-29,Serie A,2015/2016,1209,965,244,0.2018196856906534,714,587,127,0.1778711484593837
3879766,training,0ef6b9e352abbf7b02a7f94ab1a85952e52fdabb463a2825865e32dc43cdd70b,male|T2,male,2,2016,2016-02-29,Serie A,2015/2016,788,515,273,0.3464467005076142,334,241,93,0.278443113772455
3754050,training,88ebce2e076adbbab649eff14e3f92d7e1064e127c333d1cb5b12887da25f787,male|T2,male,2,2016,2016-03-01,Premier League,2015/2016,703,503,200,0.2844950213371266,383,306,77,0.2010443864229765
3754327,training,02daca343af4e1bce86611e48bc7bc8094309ada0727ec46ce85cc6385cd1f7f,male|T2,male,2,2016,2016-03-01,Premier League,2015/2016,1003,802,201,0.2003988035892323,523,423,100,0.1912045889101338
3754334,training,71f2caa257e5fcc2ec7fd83dda645855fe2f53b1722ab7e74b91c47f72f95c95,male|T2,male,2,2016,2016-03-01,Premier League,2015/2016,740,539,201,0.2716216216216216,245,193,52,0.2122448979591836
3825795,training,2f3538005939bcdca4f2eced8394bc1f9da438994599d75081b34fc57c2f5d54,male|T2,male,2,2016,2016-03-01,La Liga,2015/2016,1079,864,215,0.1992585727525486,574,475,99,0.1724738675958188
3754232,training,0ec048fb4105b97b9306c96a01dae5f620751b8cd178e13175db268831f4190c,male|T3,male,3,2016,2016-03-02,Premier League,2015/2016,768,581,187,0.2434895833333333,290,237,53,0.1827586206896551
3825797,training,1099f945c8950cff3b4ca98bd63228ac9608d5c9a353572ec2568ed686fde7aa,male|T2,male,2,2016,2016-03-02,La Liga,2015/2016,995,765,230,0.2311557788944723,628,490,138,0.2197452229299363
3825798,training,209ce6ff62d6aadc7c004622eff172515e8723e9af0794bf40cd24b29525ee72,male|T2,male,2,2016,2016-03-02,La Liga,2015/2016,939,770,169,0.1799787007454739,415,344,71,0.1710843373493976
3825799,training,91ad64d482b3d196d90dd83aed8476222264ca4634d012fb5d26c1ef7a4e6eeb,male|T2,male,2,2016,2016-03-02,La Liga,2015/2016,769,536,233,0.3029908972691807,356,263,93,0.2612359550561798
3825800,training,661fc31569f98cd8cd3922dac9af392bff9061d8539dd2ae231008dcf167b7a3,male|T2,male,2,2016,2016-03-02,La Liga,2015/2016,935,748,187,0.2,433,361,72,0.1662817551963048
3890472,training,32423e2fa9b18eb864b0709030722b5d61b7a2e6deed6f1519b3b207c3da97fa,male|T2,male,2,2016,2016-03-02,1. Bundesliga,2015/2016,773,558,215,0.278137128072445,471,356,115,0.2441613588110403
266653,training,5c423985f4773fdf00c1d98a1ea29a1aba0953b0152ce9cfc3c1c8f69ccda09a,male|T3,male,3,2016,2016-03-03,La Liga,2015/2016,775,616,159,0.2051612903225806,281,227,54,0.192170818505338
3901162,training,1c889f2d9855720c287d76dc5a0d4f32271a9a634757d20bacb4cc8f79da63c0,male|T3,male,3,2016,2016-03-04,Ligue 1,2015/2016,829,612,217,0.2617611580217129,467,374,93,0.1991434689507494
3754061,training,b3c647817616ba6aabddab7d7039ee7c83b025d1a5dfce739b6698d8802eeec1,male|T3,male,3,2016,2016-03-05,Premier League,2015/2016,905,735,170,0.1878453038674033,459,393,66,0.1437908496732026
3754151,training,13f66839ce2dfb234da3e1d00ff48139f9cb8aacfbd9f4c5f59d05266d56f5c8,male|T3,male,3,2016,2016-03-05,Premier League,2015/2016,760,547,213,0.2802631578947368,433,324,109,0.2517321016166282
3754164,training,29dcffb90fd677437eeea1585bd10caf7a9e298816e07c5d04b60a4a73c7b3b5,male|T3,male,3,2016,2016-03-05,Premier League,2015/2016,747,528,219,0.2931726907630522,351,267,84,0.2393162393162393
3754177,training,41e3a5bb86e685272e3b103f214eaeed43c493298ddeba96ddd3c366213be78b,male|T3,male,3,2016,2016-03-05,Premier League,2015/2016,877,659,218,0.2485746864310148,529,423,106,0.2003780718336484
3754249,training,281247f7f4366fedce067a4e7653047c47660e95087950b161af248a40ff38ab,male|T3,male,3,2016,2016-03-05,Premier League,2015/2016,1138,975,163,0.1432337434094903,683,605,78,0.1142020497803806
3754277,training,a3e304dc91f67c2de594f9fbc241f564823f9fd273ade9b5979f140ac3ca8fe4,male|T3,male,3,2016,2016-03-05,Premier League,2015/2016,825,677,148,0.1793939393939393,411,343,68,0.1654501216545012
3754289,training,9a78ae88d3a433f249543dddaedb10a4ba0283d2bbe5372e8cacdd949938c477,male|T3,male,3,2016,2016-03-05,Premier League,2015/2016,791,590,201,0.2541087231352718,409,323,86,0.2102689486552567
3825804,training,4f44d6077c7cc71d5780f616e6b880c09a0f55a72a50f48951e5e37ad83cc932,male|T3,male,3,2016,2016-03-05,La Liga,2015/2016,846,607,239,0.2825059101654846,444,332,112,0.2522522522522522
3825805,training,530c1dbfa56cf11cf32ed23ed5ec205e68694ee5c70239e67de880aa85ea09cf,male|T3,male,3,2016,2016-03-05,La Liga,2015/2016,1143,929,214,0.1872265966754155,704,584,120,0.1704545454545454
3825806,training,af42a2e1012d9763e4189922ac479702dd9199dc0fedcaa132e92422f3291719,male|T3,male,3,2016,2016-03-05,La Liga,2015/2016,980,816,164,0.1673469387755102,464,394,70,0.1508620689655172
3825867,training,70205aa8b2a07ace2c74fd04a0c3b99a33fbdf6951b2c509301100c78b43a00a,male|T3,male,3,2016,2016-03-05,La Liga,2015/2016,738,509,229,0.3102981029810298,386,288,98,0.2538860103626943
3879769,training,5a02bce4703c0d40592d800d8d2f8cc7b0db8c9774acd0b3abcffce5f73b8833,male|T3,male,3,2016,2016-03-05,Serie A,2015/2016,1165,970,195,0.167381974248927,825,714,111,0.1345454545454545
3890477,training,257614863a55371f644335395771cdd83c051b92d47d0f13c3096abb7014a643,male|T3,male,3,2016,2016-03-05,1. Bundesliga,2015/2016,965,726,239,0.2476683937823834,499,398,101,0.2024048096192384
3901163,training,ad4876996c2a81601f6cab18b56b7a8decbab24b4ad42e6065c4a3937f4c5308,male|T3,male,3,2016,2016-03-05,Ligue 1,2015/2016,1095,899,196,0.1789954337899543,566,488,78,0.1378091872791519
3901164,training,954aef43ea3d63b3b4baa4cefc7a2d0e66d63b047c05339fabfbfe305e97c67e,male|T3,male,3,2016,2016-03-05,Ligue 1,2015/2016,844,615,229,0.2713270142180095,439,328,111,0.2528473804100228
3901165,training,64916d5515db704b2b48d2d46ce73dfd6ddfa4f4a7377a0ea856af84b6676960,male|T3,male,3,2016,2016-03-05,Ligue 1,2015/2016,949,749,200,0.2107481559536354,494,406,88,0.1781376518218623
3754220,training,1258d7e767579ac86e0bb7790f7deeb1829685dad815410d3d0d393caa2dcac8,male|T3,male,3,2016,2016-03-06,Premier League,2015/2016,896,689,207,0.2310267857142857,469,384,85,0.1812366737739872
3825807,training,ad7b8e02174aed314511628cfae15cc12495dd729d5b526692e4ff2046c61aa2,male|T3,male,3,2016,2016-03-06,La Liga,2015/2016,992,760,232,0.2338709677419354,438,354,84,0.1917808219178082
3825808,training,029e9717ac67b276dbe2ea4740f95c90ed158842bd1fd12ef2250a6611185b0c,male|T3,male,3,2016,2016-03-06,La Liga,2015/2016,893,670,223,0.2497200447928331,459,361,98,0.2135076252723311
3825809,training,9e5c4ef0daef50032de124497168752ab2efb45dab2bdebcf22bd67a67cf3e4e,male|T3,male,3,2016,2016-03-06,La Liga,2015/2016,726,560,166,0.2286501377410468,383,312,71,0.185378590078329
3825810,training,75a6f852d82908614cb2229818e3a1f783c7f37f6316936eb280eca69f4c862e,male|T3,male,3,2016,2016-03-06,La Liga,2015/2016,812,610,202,0.2487684729064039,466,377,89,0.1909871244635193
3879770,training,8eafa9fb5ab333ab3b3b98f46420ba9203033f10b5b342984279c41f9c4594bf,male|T3,male,3,2016,2016-03-06,Serie A,2015/2016,856,635,221,0.2581775700934579,466,366,100,0.2145922746781116
3879771,training,8a005ccde38dee549c9b742f434a4331c620dc7ee8a906328de7caefaafcad90,male|T3,male,3,2016,2016-03-06,Serie A,2015/2016,844,617,227,0.2689573459715639,413,319,94,0.2276029055690072
3879773,training,53bd659017cc823e9723045657b537a3330009a0e81a9ca373b065ad9ca0082d,male|T3,male,3,2016,2016-03-06,Serie A,2015/2016,910,706,204,0.2241758241758241,471,397,74,0.1571125265392781
3879774,training,86873e89f9cd73cb9dc68e8e8f91ee39a9d9131640890d06358b5a9284a8bb6e,male|T3,male,3,2016,2016-03-06,Serie A,2015/2016,925,738,187,0.2021621621621621,465,387,78,0.1677419354838709
3879775,training,6502c1dc370d188e6e4b962703b0d24f5d53fb9694369e79534626af47c42f0c,male|T3,male,3,2016,2016-03-06,Serie A,2015/2016,901,699,202,0.2241953385127636,557,453,104,0.1867145421903052
3879776,training,595272d94cd01faadcf24f2ec44aa279a02c520c3dd61972891c6b6ecc9f705d,male|T3,male,3,2016,2016-03-06,Serie A,2015/2016,935,721,214,0.2288770053475936,570,454,116,0.2035087719298245
3901169,training,403cd56b7fce4beff1409e3f1adf4bb79dc8c8954afc0e61f4cfd744a7bb3af0,male|T3,male,3,2016,2016-03-06,Ligue 1,2015/2016,956,749,207,0.2165271966527196,538,434,104,0.1933085501858736
3901172,training,2427be06cf959faa3a0448ed0285089324485427804cbaa90f7b6055810f3e04,male|T3,male,3,2016,2016-03-09,Ligue 1,2015/2016,789,551,238,0.3016476552598225,444,351,93,0.2094594594594594
3901173,training,0547d7596b3d1169aaec67c1ed67d91015cdfdc8bae7c8225bd0123c28c19094,male|T3,male,3,2016,2016-03-09,Ligue 1,2015/2016,701,469,232,0.3309557774607703,310,232,78,0.2516129032258064
3825812,training,90711a4013e458760dab3f18575ac3218bc2c7fe833e924273f1149e2910be6e,male|T3,male,3,2016,2016-03-11,La Liga,2015/2016,893,640,253,0.2833146696528555,467,352,115,0.2462526766595289
266498,training,2afedb61245c3e016b927527cc7ab3ffd2d3c18ec457488d8966f805f8c1c169,male|T3,male,3,2016,2016-03-12,La Liga,2015/2016,954,818,136,0.1425576519916142,489,434,55,0.1124744376278118
3754196,training,1fdabd8ac57a9157398ed246355df8cbf5142294689e672786e0f6c9a6ee5c5d,male|T3,male,3,2016,2016-03-12,Premier League,2015/2016,878,674,204,0.2323462414578587,471,376,95,0.2016985138004246
3754313,training,333965dac1f562a2867a9822ba91258cb6992b724cebd5b70324a2366a68b86d,male|T3,male,3,2016,2016-03-12,Premier League,2015/2016,925,738,187,0.2021621621621621,458,395,63,0.1375545851528384
3825813,training,265a7f4ad6ac8cc0e1ed7a76b17acb4a1de33ba427c92fe9082c99a2eb1a5558,male|T3,male,3,2016,2016-03-12,La Liga,2015/2016,923,737,186,0.2015167930660888,405,348,57,0.1407407407407407
3825814,training,aef2f137ff61026bf76e97edb3236a4ef93760a076c2a5a422a5ba7b8ac205a1,male|T3,male,3,2016,2016-03-12,La Liga,2015/2016,830,594,236,0.2843373493975903,485,372,113,0.2329896907216495
3879778,training,1d2d18a94f626c69fff2962e5cc6f8d9c9309185098ff824a01d22912a79be65,male|T3,male,3,2016,2016-03-12,Serie A,2015/2016,914,707,207,0.2264770240700218,487,400,87,0.1786447638603696
3879779,training,22aed3a9c50f91c69b32aaf82d8a9882f945302ad1dfb6f9afd3fe91cc9cc89a,male|T3,male,3,2016,2016-03-12,Serie A,2015/2016,870,669,201,0.2310344827586206,337,275,62,0.1839762611275964
3901175,training,1244d7c3d54981079b792fe2ccad58fc7a3fd5c4d2a8412bac41d272379ebd26,male|T3,male,3,2016,2016-03-12,Ligue 1,2015/2016,1030,842,188,0.1825242718446602,635,538,97,0.152755905511811
3901177,training,9aa4c0cc5246556458da07df0583e401eb472fb4001c6f9ba6c3431f5cc00d4e,male|T3,male,3,2016,2016-03-12,Ligue 1,2015/2016,877,653,224,0.2554161915621437,503,404,99,0.1968190854870775
3901179,training,5a4a13b9bbaa734a68f754e5467056c7b16c4807f59926435f6ea74f301c9285,male|T3,male,3,2016,2016-03-12,Ligue 1,2015/2016,829,605,224,0.2702050663449939,450,344,106,0.2355555555555555
3901180,training,78ee9b228e476efeaf7a1cac738e8d89fa0fc6721ef2fdc880d4b1e42756e1c5,male|T3,male,3,2016,2016-03-12,Ligue 1,2015/2016,860,679,181,0.2104651162790697,503,423,80,0.1590457256461232
3754053,training,592f4131f0976b0e9337f1cb3979a41616b584744a451591652f76a8276bf601,male|T3,male,3,2016,2016-03-13,Premier League,2015/2016,909,709,200,0.22002200220022,519,411,108,0.2080924855491329
3825815,training,2c8c43ad4e0d77b4c6d8496d2a9dea3f4374e09bbed59d30d69b94711e3e34a5,male|T3,male,3,2016,2016-03-13,La Liga,2015/2016,790,554,236,0.2987341772151898,411,314,97,0.2360097323600973
3825844,training,50b6cad608540f242c270335ccf777dc33168014e42737c18325451e6966e66d,male|T3,male,3,2016,2016-03-13,La Liga,2015/2016,1051,773,278,0.2645099904852521,576,444,132,0.2291666666666666
3825879,training,4169afb4cd3965d99e1700c20afd48a2f3cc743b0ec3e5a5a0f29866b842ef31,male|T3,male,3,2016,2016-03-13,La Liga,2015/2016,1022,856,166,0.162426614481409,579,502,77,0.1329879101899827
3879780,training,815aaef29e040f54189ccda4aeb5d405dc7f135eedd3df0503c97dcbd66c9510,male|T3,male,3,2016,2016-03-13,Serie A,2015/2016,953,776,177,0.185729275970619,481,398,83,0.1725571725571725
3879782,training,05ae9375fb23c0b3360c66d41e7f6dcd07d178ece04bece0ab71fc32cd38349e,male|T3,male,3,2016,2016-03-13,Serie A,2015/2016,795,509,286,0.3597484276729559,363,257,106,0.2920110192837465
3879783,training,6cef1412b719f8b70b2cbefcdd847ae61c07f6a3048f4ddfc82d88214d23c2f6,male|T3,male,3,2016,2016-03-13,Serie A,2015/2016,940,730,210,0.2234042553191489,504,402,102,0.2023809523809523
3879785,training,773d398555bb0fe396d087765e37a214def115b8259904e122aa3351d8ec8a60,male|T3,male,3,2016,2016-03-13,Serie A,2015/2016,835,573,262,0.3137724550898204,433,315,118,0.2725173210161662
3901181,training,713ebfa511804ce7fb8e30025a93abc0a3891c8c3b4ae9583aff6b2d0312a2a9,male|T3,male,3,2016,2016-03-13,Ligue 1,2015/2016,777,580,197,0.2535392535392535,336,253,83,0.2470238095238095
3901182,training,0c9eeac91df356b344cb05446582c09277356dddb1f07fb3bdbbfac497e05470,male|T3,male,3,2016,2016-03-13,Ligue 1,2015/2016,955,740,215,0.225130890052356,577,472,105,0.1819757365684575
3754002,training,1b1278ce1c7557f4cfc28b7272deb1502f8fc7a320a2cab3ad2627962f36b490,male|T3,male,3,2016,2016-03-14,Premier League,2015/2016,896,692,204,0.2276785714285714,465,365,100,0.2150537634408602
3901184,training,5fe60e872979f99a42a7c7f776ab84decaf7c45359a63a8575a1e446656be3d3,male|T3,male,3,2016,2016-03-18,Ligue 1,2015/2016,980,805,175,0.1785714285714285,546,480,66,0.1208791208791208
3753973,training,5f5b65100f0d92f12531783ef50eba40652b4d97f7d2b2b45b14abf4670fbb7e,male|T3,male,3,2016,2016-03-19,Premier League,2015/2016,860,664,196,0.227906976744186,490,399,91,0.1857142857142857
3753980,training,b1c871b758e8362d8aa02c5f78540c2ee5d352cbf0514e49a35e939f1c643c20,male|T3,male,3,2016,2016-03-19,Premier League,2015/2016,959,750,209,0.2179353493222106,426,348,78,0.1830985915492957
3754052,training,0e8102388a6375da821fbd06a5d69175dc385010f189bb51e5d3444be25bae30,male|T3,male,3,2016,2016-03-19,Premier League,2015/2016,708,456,252,0.3559322033898305,339,244,95,0.28023598820059
3754181,training,8837dc75639b07a898f3fc2eb9c86d72f7b9a9776935683c54adce2d82f7ca2c,male|T3,male,3,2016,2016-03-19,Premier League,2015/2016,738,532,206,0.2791327913279133,356,273,83,0.2331460674157303
3754224,training,21ab1804fcd0e01e7fb2ebabfedc96cb5b9ad5919028da9fa842bfb3f96e4785,male|T3,male,3,2016,2016-03-19,Premier League,2015/2016,837,648,189,0.2258064516129032,395,328,67,0.1696202531645569
3825818,training,2c037d561dbf17f9c3794fc73bb4fc7a9ceeff7bcc0424ecf9a9a1a586425479,male|T3,male,3,2016,2016-03-19,La Liga,2015/2016,856,659,197,0.2301401869158878,414,326,88,0.2125603864734299
3825880,training,82aee89c8867744d5af3413342166c6cadd73db0b69999255095eff3e59d9bb1,male|T3,male,3,2016,2016-03-19,La Liga,2015/2016,828,615,213,0.2572463768115942,411,317,94,0.2287104622871046
3825887,training,5112aee6f33b510d2ae0ed94d2238c32ee6fa62dc2e0fe7586dfefa421365928,male|T3,male,3,2016,2016-03-19,La Liga,2015/2016,721,577,144,0.1997226074895977,325,272,53,0.163076923076923
3825903,training,185cc7700f33de1eb95096b07d823847ab282a4cdc0042484459f63c846fbbc2,male|T3,male,3,2016,2016-03-19,La Liga,2015/2016,859,621,238,0.2770663562281723,460,359,101,0.2195652173913043
3825907,training,66ff7334d24b40e88d92cc397ac3cafdb4fd11c4c3521be4deaf46d7163f0f76,male|T3,male,3,2016,2016-03-19,La Liga,2015/2016,916,691,225,0.2456331877729257,417,332,85,0.2038369304556355
3879788,training,4f33cc5eb1751f106ec9f57f489412183b92521b407fcd0b042600cbb74c548c,male|T3,male,3,2016,2016-03-19,Serie A,2015/2016,901,703,198,0.2197558268590455,382,311,71,0.1858638743455497
3901185,training,83e015611575066882b04c94f9c2f09b80e9a1743a9a7073a33de202a8451567,male|T3,male,3,2016,2016-03-19,Ligue 1,2015/2016,849,647,202,0.237926972909305,498,392,106,0.2128514056224899
3901186,training,8e700a63b42e11f2556e3330b4300e361c9c85627a1a6afa45cfab515ef4b8cf,male|T3,male,3,2016,2016-03-19,Ligue 1,2015/2016,962,744,218,0.2266112266112266,541,430,111,0.2051756007393715
3901187,training,7d69ca65e90469ca8a6f3a71f4a5d840de7690769262bd13ca9407a4c672973e,male|T3,male,3,2016,2016-03-19,Ligue 1,2015/2016,769,575,194,0.2522756827048114,425,341,84,0.1976470588235294
3901188,training,29612fd2a5b1fc3f527afdc74a6d8ec8ac8e000dd026feff58aa32628dfa1f37,male|T3,male,3,2016,2016-03-19,Ligue 1,2015/2016,808,597,211,0.2611386138613861,426,334,92,0.215962441314554
3901189,training,5f181a091ab58255f5cbb226d22a75924545155c15a35053e78baeea2d70dba0,male|T3,male,3,2016,2016-03-19,Ligue 1,2015/2016,869,604,265,0.3049482163406214,479,371,108,0.2254697286012526
266106,training,87f20c495922740520eb34948ac53df072ba4d6099469a5364c8e3b4710b94d9,male|T3,male,3,2016,2016-03-20,La Liga,2015/2016,977,826,151,0.1545547594677584,506,435,71,0.1403162055335968
3754043,training,3102102935db48179e9b9dc11bfffa11c9d33c0acbc1dfca4d418cdcdc51f485,male|T3,male,3,2016,2016-03-20,Premier League,2015/2016,942,762,180,0.1910828025477707,392,342,50,0.1275510204081632
3754064,training,423b83737fdb82f2a0731bfa7d041b7f40f187049a1640e38c7a1a16a5c1dba1,male|T3,male,3,2016,2016-03-20,Premier League,2015/2016,921,739,182,0.1976112920738328,476,400,76,0.1596638655462184
3754100,training,388b6ae8a6adb8bbd9564ce4ea1f1d22632ee983d75d107e2dd2b921c705cf63,male|T3,male,3,2016,2016-03-20,Premier League,2015/2016,723,528,195,0.2697095435684647,420,325,95,0.2261904761904762
3754124,training,6ee6fe536949c707da9106f30da4f459ee336efc2972e71165f88f2f7bd1509f,male|T3,male,3,2016,2016-03-20,Premier League,2015/2016,847,664,183,0.2160566706021251,436,378,58,0.1330275229357798
3825820,training,5bd4c88cef7c5e3193aac86beda7acb3d574a50ea01f0fc5b6fe14cebce78f7e,male|T3,male,3,2016,2016-03-20,La Liga,2015/2016,923,767,156,0.1690140845070422,355,295,60,0.1690140845070422
3879789,training,50328f70094bacc5690c7ee9f60379a677903189170b503bca53edc7867f3c64,male|T3,male,3,2016,2016-03-20,Serie A,2015/2016,769,561,208,0.270481144343303,315,253,62,0.1968253968253968
3879790,training,2f39579fca564b7ce432f20db09b8c14a05b5be38f689c287dd73faa9efada18,male|T3,male,3,2016,2016-03-20,Serie A,2015/2016,766,594,172,0.2245430809399478,383,298,85,0.2219321148825065
3879791,training,0fed50f9b60473b18972f9233479f11715af8c90356bd3c1531a4f3bc9fd443b,male|T3,male,3,2016,2016-03-20,Serie A,2015/2016,802,603,199,0.2481296758104738,425,336,89,0.2094117647058823
3879792,training,212e3ea38f86e947e4ada5de1e54a209296134251e34eecb2bf628ae6c034c6c,male|T3,male,3,2016,2016-03-20,Serie A,2015/2016,804,585,219,0.2723880597014925,348,269,79,0.2270114942528735
3879793,training,72e069d4842dd12ae48ae31cee46e3ced525bd8a2f1bbd0a1bc4f293084af7ce,male|T3,male,3,2016,2016-03-20,Serie A,2015/2016,812,562,250,0.3078817733990148,420,314,106,0.2523809523809524
3879794,training,3a58a0e0a6fcb79bb050bcad75801a4c779bc0a99af0c982f8a148f0c0d54e42,male|T3,male,3,2016,2016-03-20,Serie A,2015/2016,803,608,195,0.2428393524283935,404,326,78,0.193069306930693
3879795,training,3ac8ab91466fc62248ca398dfb59bd4746251060c0b502d2f4d30423b4bba4a6,male|T3,male,3,2016,2016-03-20,Serie A,2015/2016,750,506,244,0.3253333333333333,429,314,115,0.2680652680652681
3879796,training,46ae81f25b6931ff54b51b99c01b72e14fdeb53ff923ff6e14d101787b7d4b41,male|T3,male,3,2016,2016-03-20,Serie A,2015/2016,1062,829,233,0.2193973634651601,523,445,78,0.1491395793499044
3890500,training,a5abc024abd3a2ee2b5ea1ccf65292cfadc3fb98b67c76365645505bce757fe0,male|T3,male,3,2016,2016-03-20,1. Bundesliga,2015/2016,789,554,235,0.2978453738910012,395,298,97,0.2455696202531645
3901191,training,4273152590e1d5a915cdf20143c535ed8451a0339e049284e469d3274e18329a,male|T3,male,3,2016,2016-03-20,Ligue 1,2015/2016,1058,847,211,0.1994328922495274,538,439,99,0.1840148698884758
3901192,training,715244ff99ca36c75311d0693a357bc9f56603256de3db5df86cd2e43f4763cc,male|T3,male,3,2016,2016-03-20,Ligue 1,2015/2016,886,707,179,0.2020316027088036,496,416,80,0.1612903225806451
3901193,training,06088d1cb8844915e43cbfbdcfcc5b2bb6166c0e7d2bee8a25a6b3b74d2c0896,male|T3,male,3,2016,2016-03-20,Ligue 1,2015/2016,1126,965,161,0.1429840142095914,648,566,82,0.1265432098765432
3825885,training,48f6879fcdaa02dc7c4f9d25f295398ad84b0c48de9e12e3c4f528546f4e6ecf,male|T3,male,3,2016,2016-04-01,La Liga,2015/2016,650,451,199,0.3061538461538461,295,230,65,0.2203389830508474
3890502,training,7ab46c0b0dac7c5e86c5300ae80146e62a928a4ac36d7ded36a9c8c832806d15,male|T3,male,3,2016,2016-04-01,1. Bundesliga,2015/2016,843,640,203,0.2408066429418742,426,335,91,0.2136150234741784
3901194,training,1e5049648677f3aaa13d54830c510ad19009bf93804b509d8d55d9ff6b413aaf,male|T3,male,3,2016,2016-04-01,Ligue 1,2015/2016,825,600,225,0.2727272727272727,435,337,98,0.225287356321839
3754075,training,5842560032d9c2d724b62b1bdcec41ac1abf2c3b1ba24ac12812ec841eb1a3bc,male|T3,male,3,2016,2016-04-02,Premier League,2015/2016,1028,845,183,0.1780155642023346,623,522,101,0.1621187800963081
3754118,training,13626be67047e25fd554692db647187a19ac6146e816921271e8da5f320d3ea7,male|T3,male,3,2016,2016-04-02,Premier League,2015/2016,1100,918,182,0.1654545454545454,538,447,91,0.1691449814126394
3754144,training,7104f2b1509cd20f507695e9d5fb459d09cfb75362fcaacc0f4f3a0605291e82,male|T3,male,3,2016,2016-04-02,Premier League,2015/2016,1017,843,174,0.1710914454277286,592,513,79,0.1334459459459459
3754243,training,459bd84a355625bba8ffc7400e8e992bf5252ca14175a006267cc3ca8ed4520b,male|T3,male,3,2016,2016-04-02,Premier League,2015/2016,849,615,234,0.2756183745583039,432,329,103,0.2384259259259259
3825822,training,37cc4fff50e1cb3c8740fe3ddce759c4d06dda649f4ab0cc224ff133c3b34fdd,male|T3,male,3,2016,2016-04-02,La Liga,2015/2016,876,679,197,0.2248858447488584,520,417,103,0.198076923076923
3825872,training,86a47e30f8bd339b518b822c960a58bd8822f971317f5bb9470d0d7141413021,male|T3,male,3,2016,2016-04-02,La Liga,2015/2016,875,682,193,0.2205714285714285,373,301,72,0.1930294906166219
3825898,training,5cc1459078e371eedf5cf37f978fb2bd6b51903380dc721583877784ae1d28e8,male|T3,male,3,2016,2016-04-02,La Liga,2015/2016,829,607,222,0.2677925211097708,332,252,80,0.2409638554216867
3879797,training,02d2d67bc168ebc6dcd1e4e3c29dd5b636bcff0eff11a8d38a444be4e93c6b3b,male|T3,male,3,2016,2016-04-02,Serie A,2015/2016,883,651,232,0.2627406568516421,469,372,97,0.2068230277185501
3879798,training,1d515f849f13321548884488f9e1504c6745ac54d46e44b4e4dbb425420a3b7f,male|T3,male,3,2016,2016-04-02,Serie A,2015/2016,941,769,172,0.1827842720510095,477,399,78,0.1635220125786163
3901197,training,1f5f532597cf4b3463b4bfdfe15d380a0cb8a2fe4c6ff82f4015ee7965665059,male|T3,male,3,2016,2016-04-02,Ligue 1,2015/2016,746,551,195,0.2613941018766756,314,249,65,0.2070063694267516
3901199,training,a0507f1031fed97e179599f8c8a4891cde05e36ce836785a98262a3210c7204a,male|T3,male,3,2016,2016-04-02,Ligue 1,2015/2016,935,725,210,0.2245989304812834,445,358,87,0.195505617977528
3901200,training,133249468e78cd84a3e0ae11943ef7eda007b610e573aeaaea63cf00685ebf03,male|T3,male,3,2016,2016-04-02,Ligue 1,2015/2016,742,471,271,0.3652291105121293,379,268,111,0.2928759894459103
3753982,training,10cdeb527dd8b00f11d37b82a5f21054c253d5ec513e95870bb7af564b8fba5b,male|T3,male,3,2016,2016-04-03,Premier League,2015/2016,786,577,209,0.2659033078880407,395,303,92,0.2329113924050632
3754299,training,19f4e79ac6dcf743f35ea37e1e5e91e6cb7e2dba75e55f7cd88b05a1384b9b6a,male|T3,male,3,2016,2016-04-03,Premier League,2015/2016,931,742,189,0.2030075187969924,512,431,81,0.158203125
3825823,training,9bcdb47b4f1d99c1a2c60264c3e9089fc241192d967dbe8cf5fe8ec48add6f2f,male|T3,male,3,2016,2016-04-03,La Liga,2015/2016,778,571,207,0.2660668380462725,427,338,89,0.2084309133489461
3825877,training,10bc30e0b2df500547070d14605649fe6e9660ee4694ef0cb0eafd1dc2e37b7e,male|T3,male,3,2016,2016-04-03,La Liga,2015/2016,790,595,195,0.2468354430379747,325,266,59,0.1815384615384615
3879800,training,7422d1c10f13c2b014728d7d414289c7c9befc6df9ec0b34a4b99ee040bf58d5,male|T3,male,3,2016,2016-04-03,Serie A,2015/2016,870,699,171,0.196551724137931,372,301,71,0.1908602150537634
3879801,training,615c003cc34af3ae2cad5a08bd2df87792ad1f171630ad4c4b435221d6d6f278,male|T3,male,3,2016,2016-04-03,Serie A,2015/2016,961,846,115,0.1196670135275754,452,411,41,0.0907079646017699
3879804,training,45f4443f7fe80f0b3ad43083efb224cec895946fc1b6bcc66caa5ce7b9abafaa,male|T3,male,3,2016,2016-04-03,Serie A,2015/2016,694,505,189,0.2723342939481268,341,267,74,0.2170087976539589
3879805,training,2a161c5187cd4f1d17b462dcedb114fe87c57d285ac55ee41453519bd1d36265,male|T3,male,3,2016,2016-04-03,Serie A,2015/2016,798,603,195,0.244360902255639,445,349,96,0.2157303370786517
3901201,training,6940a1e7c44fd07d9b0cf711f3e5e3f5e253ba4e3d1b03499a77e2709eb269b7,male|T3,male,3,2016,2016-04-03,Ligue 1,2015/2016,740,586,154,0.2081081081081081,388,325,63,0.1623711340206185
3901203,training,40fa3e4ad8fccae1ccb18b6622f472efe98bb475a3dc2a902b95071139ddcdb6,male|T3,male,3,2016,2016-04-03,Ligue 1,2015/2016,892,653,239,0.2679372197309417,548,424,124,0.2262773722627737
3825825,training,147889f61bdb1277f590b7af9e42535dba82043cf70ff1c1cf8797cbb40bc508,male|T3,male,3,2016,2016-04-04,La Liga,2015/2016,760,536,224,0.2947368421052631,434,337,97,0.2235023041474654
3901204,training,60f7d1ae6f6bd26a3f1249b96c25f7166617bf76c5fe8d2ce1fa04b5f68e1310,male|T3,male,3,2016,2016-04-08,Ligue 1,2015/2016,1055,831,224,0.2123222748815166,725,595,130,0.1793103448275862
266664,training,66cab7fb13577487afdba93af113e0334441e18f2758ba3ebfa91ce0c0fe649a,male|T3,male,3,2016,2016-04-09,La Liga,2015/2016,890,714,176,0.197752808988764,405,346,59,0.145679012345679
3754016,training,7c2c4a5457e8b82888ad70cc8bb2ee3f3a036833fcdd28b2767f79ea1863407e,male|T3,male,3,2016,2016-04-09,Premier League,2015/2016,856,644,212,0.2476635514018691,472,382,90,0.1906779661016949
3754022,training,5e7e15826ca4dc4ece16125be82504e31651e7058180c51f9f9d0b84a53ac6e6,male|T3,male,3,2016,2016-04-09,Premier League,2015/2016,577,345,232,0.4020797227036395,208,128,80,0.3846153846153846
3754035,training,6962a742842e9b07cbfb55f069606e0a754331198d7a6e72027410b69aa872cd,male|T3,male,3,2016,2016-04-09,Premier League,2015/2016,845,672,173,0.2047337278106508,454,378,76,0.1674008810572687
3754116,training,3266349d08268771e59568517aaa23a5b2c0b84ea931f81df0d9db6eb1e4a566,male|T3,male,3,2016,2016-04-09,Premier League,2015/2016,1034,821,213,0.2059961315280464,675,554,121,0.1792592592592592
3754241,training,3a5f4bc43cadd3961a27f1f3f1d477bcb3616a895cc777278a387a575cca370e,male|T3,male,3,2016,2016-04-09,Premier League,2015/2016,900,730,170,0.1888888888888888,437,365,72,0.1647597254004576
3754262,training,424fa71506de84fa26ee569a066f92a4ef96c847319ca3fa9327c1474cfc1e21,male|T3,male,3,2016,2016-04-09,Premier League,2015/2016,911,719,192,0.2107574094401756,387,322,65,0.1679586563307493
3879807,training,67f560454d3a986c2b331bc99dad95aa3b287d525ab1f0dc8ddd0179f042b72f,male|T3,male,3,2016,2016-04-09,Serie A,2015/2016,866,621,245,0.2829099307159353,483,369,114,0.2360248447204969
3879808,training,8f80c6838c2168dad222fc100b217e44ead11eeea7d40cb501c81c8c100f80f5,male|T3,male,3,2016,2016-04-09,Serie A,2015/2016,828,629,199,0.2403381642512077,373,307,66,0.1769436997319035
3879810,training,4fa3712d19a08fd5304f35a2be99ca34ff666b3990d40aa42604e61bd729b2bc,male|T3,male,3,2016,2016-04-09,Serie A,2015/2016,801,647,154,0.1922596754057428,344,292,52,0.1511627906976744
3901206,training,01e49de8bf78c963357f399b85d7f6e1d25bc4133bd1f06e21fa9f9bfb884827,male|T3,male,3,2016,2016-04-09,Ligue 1,2015/2016,830,597,233,0.280722891566265,330,250,80,0.2424242424242424
3901207,training,895fb4ace3a64a0a3523e38b4f2d5dfc97a0117fe2f518948ca6a81f994f0483,male|T3,male,3,2016,2016-04-09,Ligue 1,2015/2016,773,541,232,0.3001293661060802,422,340,82,0.1943127962085308
3901208,training,ab5552552a6269f67def92ab826378a00d9dc0aa6b61cb040bf64db3d33e0464,male|T3,male,3,2016,2016-04-09,Ligue 1,2015/2016,1032,856,176,0.1705426356589147,517,439,78,0.1508704061895551
3901209,training,268d794d380b8a2acb738a549ca17df5f7131932774f10c6f2282cccd22c20b8,male|T3,male,3,2016,2016-04-09,Ligue 1,2015/2016,820,590,230,0.2804878048780488,470,363,107,0.2276595744680851
3901210,training,2f58d441e863d3f33154b7890f8755bb3333a93a6a99b77211d167cf345319f6,male|T3,male,3,2016,2016-04-09,Ligue 1,2015/2016,841,644,197,0.2342449464922711,413,338,75,0.1815980629539951
3753986,training,1fd23f2a26af45652cc1d5e0a7c217d98e806ccff0e8acdd2239910a85b11070,male|T3,male,3,2016,2016-04-10,Premier League,2015/2016,886,700,186,0.2099322799097065,438,358,80,0.182648401826484
3754152,training,1b69b3755f8cbabff9e46663e951163e8d3b4ad9f2521fc92ee54d70976e6155,male|T3,male,3,2016,2016-04-10,Premier League,2015/2016,730,514,216,0.2958904109589041,379,292,87,0.229551451187335
3825829,training,33e42dd5711517947b13a49ec29076336aa8e503b972025caa4a9d8318f52ed6,male|T3,male,3,2016,2016-04-10,La Liga,2015/2016,921,688,233,0.252985884907709,491,383,108,0.219959266802444
3825830,training,6d7617e1a91efa53208abbb330a67eba28badeb0a4204b3a15f3432dd343ea93,male|T3,male,3,2016,2016-04-10,La Liga,2015/2016,813,601,212,0.2607626076260763,411,318,93,0.2262773722627737
3825832,training,ae635ab7b3965848d88fc768248a0166ca87c0fc85b0bcaad25ce95f09d55602,male|T3,male,3,2016,2016-04-10,La Liga,2015/2016,797,596,201,0.2521957340025094,422,334,88,0.2085308056872037
3879811,training,589a74ecadbf7e4306e28eb3767df73b3a4f4c23f477ff33e7fc4287974861f8,male|T3,male,3,2016,2016-04-10,Serie A,2015/2016,1054,878,176,0.1669829222011385,620,542,78,0.1258064516129032
3879813,training,b045a6d75c29e515a3a6c1f17f129b6ddfcb40be4ffac88d0565a1d7690e3fc9,male|T3,male,3,2016,2016-04-10,Serie A,2015/2016,772,569,203,0.2629533678756476,368,285,83,0.2255434782608695
3879814,training,73291c47918a2b0b978fe8f992d16efb3eaaa63e2ea6fb1972fed87f8573c2a5,male|T3,male,3,2016,2016-04-10,Serie A,2015/2016,887,716,171,0.1927846674182638,412,341,71,0.1723300970873786
3890519,training,a7761f9fdad2bfeb0ed89714bd14c06c1e4662e81d39b0f7a07058b0667f0556,male|T3,male,3,2016,2016-04-10,1. Bundesliga,2015/2016,956,745,211,0.2207112970711297,525,412,113,0.2152380952380952
3901213,training,47278fb827aee91b8249e29303633e92aa2a84afb95e29c42cd6d8a1d21e518b,male|T3,male,3,2016,2016-04-10,Ligue 1,2015/2016,940,762,178,0.1893617021276595,521,443,78,0.1497120921305182
3825863,training,4ffce6b4fe4ee8f8181319fe130784f1abf3c2d0a0cb5b25aeb6a2d9d4e2063c,male|T3,male,3,2016,2016-04-11,La Liga,2015/2016,977,801,176,0.18014329580348,515,434,81,0.1572815533980582
3879816,training,7129e678bf03133d886e02c44b7b8afd062e50e57bb9cc696fe74a7ac7d91590,male|T3,male,3,2016,2016-04-11,Serie A,2015/2016,1024,773,251,0.2451171875,477,377,100,0.2096436058700209
3754048,training,33bf783ddaa55d446cc35d1427cd0ce1c8dc26f9f59ad1ab8aac64a40a0053eb,male|T3,male,3,2016,2016-04-13,Premier League,2015/2016,936,729,207,0.2211538461538461,458,367,91,0.1986899563318777
3901214,training,25e88dfc8a679de6145958c4f758a1a556dd7f328c22c2ca39e27993638ab56b,male|T3,male,3,2016,2016-04-15,Ligue 1,2015/2016,898,737,161,0.1792873051224944,449,390,59,0.131403118040089
3754155,training,348a233ffacaf2c9a65eac3f552851a638f7785f88a34b32841473c819a4bb83,male|T3,male,3,2016,2016-04-16,Premier League,2015/2016,778,542,236,0.3033419023136247,464,349,115,0.2478448275862069
3754172,training,537ce9f31986fe6f27f4fbb6e60eac01406cb3cb33b9083d0122e7345cb70123,male|T3,male,3,2016,2016-04-16,Premier League,2015/2016,638,412,226,0.3542319749216301,245,178,67,0.273469387755102
3754322,training,058a6af812ddffafac87032e5cbee190e352c5ce9e7f44a4a5218c5317b1d778,male|T3,male,3,2016,2016-04-16,Premier League,2015/2016,1021,849,172,0.168462291870715,517,443,74,0.1431334622823984
3825889,training,73905e8dc625d9cceb5c50d294dbbe1851a4ac8439b41beba26b5a7015fbcb9f,male|T3,male,3,2016,2016-04-16,La Liga,2015/2016,860,682,178,0.2069767441860465,434,364,70,0.1612903225806451
3825897,training,252052af90e278b84cd0d6aa9573d1b9801d6dca5616409d53a8bea1da997066,male|T3,male,3,2016,2016-04-16,La Liga,2015/2016,790,565,225,0.2848101265822785,419,314,105,0.2505966587112171
3879817,training,a13470c1e487a64bfaf7cc474791773245a46cd60c38e6c9127c73cb05853c1a,male|T3,male,3,2016,2016-04-16,Serie A,2015/2016,1008,817,191,0.1894841269841269,438,366,72,0.1643835616438356
3879818,training,0f3daea341417a6890d154f245dbe8c05da5eee6ad6f7d33e7b199ce760dcd44,male|T3,male,3,2016,2016-04-16,Serie A,2015/2016,1007,858,149,0.1479642502482621,429,379,50,0.1165501165501165
3879819,training,8f6ab50d5301f98321ce8daeb1854286a51c44fe1a62c3cb1c1f833dddcd8c38,male|T3,male,3,2016,2016-04-16,Serie A,2015/2016,769,571,198,0.2574772431729519,386,305,81,0.2098445595854922
3890521,training,56d8439903b160c4d2e4bcb3258205d260977129eb3591acbfd56dd53c24c8d2,male|T3,male,3,2016,2016-04-16,1. Bundesliga,2015/2016,748,547,201,0.2687165775401069,430,320,110,0.2558139534883721
3901215,training,3baef6a077b9f40311f0dfafc2c34b0efae71cbd18f107962ba214ac0423f5e3,male|T3,male,3,2016,2016-04-16,Ligue 1,2015/2016,848,661,187,0.2205188679245283,393,311,82,0.2086513994910941
3901217,training,ab97c3d6b2e73b28a8d85431ccbd854ce5693868e9a1e6d046374f9f38c4304b,male|T3,male,3,2016,2016-04-16,Ligue 1,2015/2016,666,498,168,0.2522522522522522,324,259,65,0.2006172839506173
3901218,training,70ae0f747a438eaae3004a1e19f5eb7720fac6a82b5e76837138094bac725aab,male|T3,male,3,2016,2016-04-16,Ligue 1,2015/2016,895,741,154,0.1720670391061452,509,434,75,0.1473477406679764
3901219,training,3b1836785e736576c8910ef282d79b2a900ebc4e7fcb838b6b5ef1691dfbc61c,male|T3,male,3,2016,2016-04-16,Ligue 1,2015/2016,911,659,252,0.2766190998902305,473,368,105,0.2219873150105708
3901220,training,0bb83c60a6d12a89a2850140cef7f0ab06bdb27295fe572ebec59a501f57dfb6,male|T3,male,3,2016,2016-04-16,Ligue 1,2015/2016,820,582,238,0.2902439024390243,476,368,108,0.226890756302521
266557,training,540ec433cc2a7ac5cc5a8011b89e123f66133bbbfc5d3974060cf9698b20ecf9,male|T3,male,3,2016,2016-04-17,La Liga,2015/2016,875,706,169,0.1931428571428571,382,317,65,0.1701570680628272
3754009,training,003ababf90ef5809e0ecb28ae6af98f438fc883848f6d99420fde90c3562498f,male|T3,male,3,2016,2016-04-17,Premier League,2015/2016,1004,836,168,0.1673306772908366,441,364,77,0.1746031746031746
3754216,training,4786fb73f8d6870a6b8db62ca7d634ca7d1ffe18cd621721dc5719c47bb526ff,male|T3,male,3,2016,2016-04-17,Premier League,2015/2016,974,774,200,0.2053388090349076,566,463,103,0.1819787985865724
3754227,training,aec992bac8096e4f5779eb0e724da3b69e26e2ddd380f766aaf5f2d4cd8c7b1f,male|T3,male,3,2016,2016-04-17,Premier League,2015/2016,707,519,188,0.2659123055162659,300,237,63,0.21
3825834,training,a81120575da5c47fa86166333cb6360a5f9285578012dfe1204f4ddbeca1b0a1,male|T3,male,3,2016,2016-04-17,La Liga,2015/2016,895,694,201,0.2245810055865922,506,416,90,0.1778656126482213
3825835,training,01eef89ad28214b971038822dc7d06f099ef9ae34fbe7584e6f6b1e5425aefdc,male|T3,male,3,2016,2016-04-17,La Liga,2015/2016,783,537,246,0.3141762452107279,440,318,122,0.2772727272727273
3825836,training,1dbf87897c49319c6d87b8c3667677e72bad9c06e7a593e56acc54394f5810b2,male|T3,male,3,2016,2016-04-17,La Liga,2015/2016,885,679,206,0.2327683615819209,404,326,78,0.193069306930693
3825906,training,77b4a9603884c1ca28a83f97fcbe284bf71ca60e4a38dd5df7eaf4ab0e20001f,male|T3,male,3,2016,2016-04-17,La Liga,2015/2016,911,729,182,0.1997804610318331,488,408,80,0.1639344262295081
3879821,training,100ecdd592623f14a02a08528ecc7faf7964d6e8028780b593d3935bd0c5f585,male|T3,male,3,2016,2016-04-17,Serie A,2015/2016,820,624,196,0.2390243902439024,323,257,66,0.2043343653250774
3879822,training,7609c2edb5a063aaaf62b98f3ea3b2fa6e7a00bb0580bd6f0cd6aa1525346263,male|T3,male,3,2016,2016-04-17,Serie A,2015/2016,796,609,187,0.2349246231155778,410,337,73,0.1780487804878048
3879823,training,1ff0d1a5475bde2fad41dea7f487b9f35942882b2e7c6a4fcb2fee2c438001ba,male|T3,male,3,2016,2016-04-17,Serie A,2015/2016,853,659,194,0.227432590855803,439,358,81,0.1845102505694761
3879825,training,b076349f9cc7c4cc471d08e3aa450314e97e0f5086dba51822ef6593fafe0eaa,male|T3,male,3,2016,2016-04-17,Serie A,2015/2016,1019,825,194,0.1903827281648675,621,520,101,0.1626409017713365
3901222,training,3fe947463909483ba1f4c0631787642658f25b7dee17357a68d4a189d87e5d59,male|T3,male,3,2016,2016-04-17,Ligue 1,2015/2016,880,667,213,0.2420454545454545,483,389,94,0.1946169772256728
3754187,training,2c7154c3d032dd2435e4a39ab2481e19c5a4f7a19893ab8cf34b29bac028539e,male|T3,male,3,2016,2016-04-18,Premier League,2015/2016,782,623,159,0.2033248081841432,406,339,67,0.1650246305418719
3879827,training,815050cc0102cd25c2255d6e6d0be3eb56b7d0eebfb9d3e56fd1a55129df2dea,male|T3,male,3,2016,2016-04-19,Serie A,2015/2016,1125,954,171,0.152,634,557,77,0.1214511041009463
3754086,training,472590d350eed591dbe8593e6f4126284ab857372e6fb25ca994786d04453712,male|T3,male,3,2016,2016-04-20,Premier League,2015/2016,794,625,169,0.2128463476070529,438,358,80,0.182648401826484
3754294,training,8cf85a310ba9b9581f03268ecda22cb640ec904848f281976fb1ece2ae846369,male|T3,male,3,2016,2016-04-20,Premier League,2015/2016,892,710,182,0.2040358744394619,521,437,84,0.1612284069097888
3754310,training,5fa6843240bd74a73581dff1680286c252c91a82cdc64270b2c588b0c066bfbe,male|T3,male,3,2016,2016-04-20,Premier League,2015/2016,931,783,148,0.158968850698174,494,429,65,0.131578947368421
3825838,training,0dbea024c9b9db9f57722b2aa165d42186180a7f5b91259c595c9d515828f389,male|T3,male,3,2016,2016-04-20,La Liga,2015/2016,1036,821,215,0.2075289575289575,488,393,95,0.1946721311475409
3825839,training,75b239b0d3691b5d5105660c2823ca671fa1ebd588d0b039605b6238b4f73fd4,male|T3,male,3,2016,2016-04-20,La Liga,2015/2016,872,660,212,0.2431192660550458,460,361,99,0.2152173913043478
3825840,training,b2366f3f5f62748e469a4212b2877a1be8032f36446273275a88d9da453f55df,male|T3,male,3,2016,2016-04-20,La Liga,2015/2016,968,770,198,0.2045454545454545,524,437,87,0.166030534351145
3825843,training,a9da4b92778ae585e23774bb73c3e8a96bc071807332d3b2ce0ad734503e1f3c,male|T3,male,3,2016,2016-04-20,La Liga,2015/2016,716,521,195,0.2723463687150838,383,302,81,0.2114882506527415
3825893,training,125829f919aba2ebe923f5d4a8446138d611fd0070c1384e3f1b8107729445bb,male|T3,male,3,2016,2016-04-20,La Liga,2015/2016,1139,952,187,0.1641791044776119,583,491,92,0.1578044596912521
3879829,training,64391437d7f64e090d009a1996bca62eb5d8a33152516655af785832813a128c,male|T3,male,3,2016,2016-04-20,Serie A,2015/2016,903,716,187,0.2070874861572536,427,344,83,0.1943793911007025
3879831,training,984d54510d1ff43c480a53419bb9519a8327d89ea6731994641f42e56532030a,male|T3,male,3,2016,2016-04-20,Serie A,2015/2016,827,609,218,0.2636033857315598,399,314,85,0.213032581453634
3879835,training,5cc8e19474675ee25c305cb5304d3cb91c3b6d53dfcebd13b820b664bdd371a2,male|T3,male,3,2016,2016-04-20,Serie A,2015/2016,925,787,138,0.1491891891891892,517,451,66,0.1276595744680851
3754284,training,3551ea09378f510eee6e5cd27627f066275aee9e99102619731300b90e40a7bd,male|T3,male,3,2016,2016-04-21,Premier League,2015/2016,982,817,165,0.1680244399185336,461,391,70,0.1518438177874186
3825841,training,15d9f9dd1375e709bb49175bb2a1a9ff7a4633f2398df71d8305177b5c7d31d7,male|T3,male,3,2016,2016-04-21,La Liga,2015/2016,832,655,177,0.2127403846153846,412,335,77,0.1868932038834951
3825896,training,88edf961788fa4fd279fe5a5106acec6772bb396afdc21a60067f27fa33d11fb,male|T3,male,3,2016,2016-04-21,La Liga,2015/2016,727,564,163,0.2242090784044016,399,331,68,0.1704260651629072
3825871,training,01f2da02e1753c4819665213882d2e9637579b6cbb55ce4bb01bf47656d63b5b,male|T3,male,3,2016,2016-04-22,La Liga,2015/2016,928,765,163,0.1756465517241379,439,371,68,0.1548974943052392
3901224,training,4214903698a46a4b6945fc64079906ffee9bdce29d82421d8de01ac4b8f47e7c,male|T3,male,3,2016,2016-04-22,Ligue 1,2015/2016,1047,846,201,0.1919770773638968,635,532,103,0.1622047244094488
265944,training,7d14cf04949f2fb035409aaeb73e82adb27e6c519ba143a29e02a7bad94c33f9,male|T3,male,3,2016,2016-04-23,La Liga,2015/2016,942,780,162,0.1719745222929936,381,331,50,0.1312335958005249
3754154,training,2044c0856fc554bdea6ae86710f9e46d298c2b1d69f6bfadb22debadd1b5c6b6,male|T3,male,3,2016,2016-04-23,Premier League,2015/2016,918,661,257,0.2799564270152505,445,340,105,0.2359550561797752
3754242,training,37ccb76621da3dc4cad294a67ae1af0c66eb677660d08179222318321af9ca43,male|T3,male,3,2016,2016-04-23,Premier League,2015/2016,977,817,160,0.1637666325486182,402,342,60,0.1492537313432835
3754282,training,79b0ce429718f7324dd6567f47dffffa362e75dccdbe82894e4bb102ed49b462,male|T3,male,3,2016,2016-04-23,Premier League,2015/2016,901,726,175,0.1942286348501664,505,427,78,0.1544554455445544
3754307,training,008765223a4e757a02138b6cd2b8f5288e6d3c4b7ca9087049628aea20291c89,male|T3,male,3,2016,2016-04-23,Premier League,2015/2016,904,754,150,0.165929203539823,590,511,79,0.1338983050847457
3825886,training,70ba6a03f24a4bdf0a2104ed748c804db53659060eb0f7b5154bf8fd96425ffc,male|T3,male,3,2016,2016-04-23,La Liga,2015/2016,868,674,194,0.2235023041474654,515,410,105,0.203883495145631
3825890,training,2bc9d832e8db347f55b0e38f87738eb592ae87ed7b3fe6c36ed7e746a5c2cca7,male|T3,male,3,2016,2016-04-23,La Liga,2015/2016,809,568,241,0.2978986402966625,411,317,94,0.2287104622871046
3890534,training,53eb5e1536e9105f1c4cce5ae4c0005b30ed86a652f0194d785fe6d0a4107fa1,male|T3,male,3,2016,2016-04-23,1. Bundesliga,2015/2016,890,702,188,0.2112359550561797,495,409,86,0.1737373737373737
3901225,training,2f1d2b3de0d3a9779b8ddaac51e6c16f1802b995f6614669385a56dcec7d7b14,male|T3,male,3,2016,2016-04-23,Ligue 1,2015/2016,758,540,218,0.287598944591029,360,286,74,0.2055555555555555
3753990,training,319336513ba6eebeec4efcfaa043f3b09f9a46231702de7c4e6a9c0a43e9e9eb,male|T3,male,3,2016,2016-04-24,Premier League,2015/2016,915,697,218,0.2382513661202185,443,341,102,0.2302483069977426
3825842,training,224fe6a7d0e95e5f8ecde4b9b6259638f52f62f3d392d2afb50e542b4fcffee3,male|T3,male,3,2016,2016-04-24,La Liga,2015/2016,815,585,230,0.2822085889570552,372,282,90,0.2419354838709677
3825875,training,93e47a80c6daea53e03db8857b1bd023f454b5a0b3e100e0e78ea533f9697ea2,male|T3,male,3,2016,2016-04-24,La Liga,2015/2016,922,700,222,0.2407809110629067,330,257,73,0.2212121212121212
3825884,training,18677af0d10038fc6e9a81853879ad2aa7c0f1beaff0d9330fb8ad99e2599015,male|T3,male,3,2016,2016-04-24,La Liga,2015/2016,640,462,178,0.278125,319,253,66,0.2068965517241379
3825899,training,791b0e10602a9953e182216fc0132b952776b3cb715f9762782d22e7c4ae676f,male|T3,male,3,2016,2016-04-24,La Liga,2015/2016,807,668,139,0.1722428748451053,475,407,68,0.1431578947368421
3879838,training,45d54fa17906fbff74e213392537eb7eeb89456ee77e04113cee040ae8ae7d66,male|T3,male,3,2016,2016-04-24,Serie A,2015/2016,808,614,194,0.2400990099009901,401,312,89,0.2219451371571072
3879839,training,951de288edf8c9cd110dc51f76d9a82c0abd940333fbd6cc990cf1cf33bf370f,male|T3,male,3,2016,2016-04-24,Serie A,2015/2016,1054,893,161,0.1527514231499051,601,523,78,0.129783693843594
3879840,training,85c9617753e82f1056b1e4d62c8c2e49d6cc014c2dd0ee11e4e1ca08c97499ff,male|T3,male,3,2016,2016-04-24,Serie A,2015/2016,958,774,184,0.1920668058455114,511,429,82,0.1604696673189823
3879841,training,0bbafea025fbf29422f3ddb4621bdf61b35f096e856b945bd93675b8e045a8c7,male|T3,male,3,2016,2016-04-24,Serie A,2015/2016,672,455,217,0.3229166666666667,293,215,78,0.2662116040955631
3879842,training,222e2657c6a1f092d15664fc284cffc5123a15ada920c1c9915b93593b738741,male|T3,male,3,2016,2016-04-24,Serie A,2015/2016,806,570,236,0.292803970223325,388,302,86,0.2216494845360824
3879843,training,07833745735ec209ccdf9258022901c5911ac6876d77e7934bba3211ccbc293b,male|T3,male,3,2016,2016-04-24,Serie A,2015/2016,872,688,184,0.2110091743119266,421,348,73,0.173396674584323
3901226,training,69e31216cb70b809c96923e78671b150fd6a9e5ec636f2a16f7935a39acb8136,male|T3,male,3,2016,2016-04-24,Ligue 1,2015/2016,887,726,161,0.181510710259301,489,410,79,0.1615541922290388
3901228,training,7772282a70c6fba3a53074222e5c1322f414420b59e14a562ee3e1a71a4b470d,male|T3,male,3,2016,2016-04-24,Ligue 1,2015/2016,974,811,163,0.1673511293634497,575,495,80,0.1391304347826087
3901229,training,175535253736ec7c21918e3c3e67cb4eed46440dca37a320726e1f2de0a1d12d,male|T3,male,3,2016,2016-04-24,Ligue 1,2015/2016,880,681,199,0.2261363636363636,474,377,97,0.2046413502109704
3901231,training,2f8f5b604c15822b4e40d5a7411058db9e978e58717386504521b6c553587025,male|T3,male,3,2016,2016-04-24,Ligue 1,2015/2016,873,629,244,0.279495990836197,403,311,92,0.228287841191067
3754332,training,8646c0e6714b660faf68ca58d930be89d2927f5a7eb47e92965be16d67645b6a,male|T3,male,3,2016,2016-04-25,Premier League,2015/2016,757,605,152,0.2007926023778071,296,238,58,0.1959459459459459
3825868,training,a4cae2ad112e7a0da5b1d47376f06e1d3668589cb51f8bd9fc837e68f849b4e3,male|T3,male,3,2016,2016-04-25,La Liga,2015/2016,855,657,198,0.231578947368421,474,386,88,0.1856540084388185
3879844,training,23ee155991ad3e87f2ff38d4b401c4d2c1f192ff557a8ebed6eedebcf1fd9ed6,male|T3,male,3,2016,2016-04-25,Serie A,2015/2016,934,710,224,0.2398286937901499,399,321,78,0.1954887218045112
3879846,training,8ee12a343dc32610d57a0d030edb5e22256d9d3e00444643272c67f5ac88e58c,male|T3,male,3,2016,2016-04-25,Serie A,2015/2016,846,629,217,0.2565011820330969,489,381,108,0.2208588957055214
3901232,training,09c6f6ec3ec17c8f63a9ba12696337e718450a393ce5c6760e316f672a4500ca,male|T3,male,3,2016,2016-04-27,Ligue 1,2015/2016,982,797,185,0.1883910386965376,485,405,80,0.1649484536082474
3901233,training,0f9dcfc316892edc7a954cdb9537666dacde9e550cd1ca69672a6a95e2d15554,male|T3,male,3,2016,2016-04-29,Ligue 1,2015/2016,1208,1046,162,0.1341059602649006,711,617,94,0.1322081575246132
266986,training,007348cdf244ec18c9e5fa5f541c4db40eaa5ced09df223745b4855f3df33e02,male|T3,male,3,2016,2016-04-30,La Liga,2015/2016,971,831,140,0.1441812564366632,388,335,53,0.1365979381443298
3754063,training,724ce64444c00a24303250d5e3d28ed85222dab1ca2881f32db911492a04d7b7,male|T3,male,3,2016,2016-04-30,Premier League,2015/2016,916,726,190,0.2074235807860262,502,427,75,0.149402390438247
3754132,training,902cbd178824179a013fb538fac42e0a9603421e44520b763087bf3528659304,male|T3,male,3,2016,2016-04-30,Premier League,2015/2016,650,455,195,0.3,347,275,72,0.207492795389049
3754170,training,4267466db6f18e18953e708bae5d5ab86b010f86c65a9050abf7604eecd44b68,male|T3,male,3,2016,2016-04-30,Premier League,2015/2016,749,543,206,0.2750333778371162,353,266,87,0.2464589235127478
3754184,training,83baa0e293522127753765441cacfd362e8d58a555aebb62de9b01b5453b66e4,male|T3,male,3,2016,2016-04-30,Premier League,2015/2016,977,788,189,0.1934493346980552,553,446,107,0.1934900542495479
3754192,training,8e42eda51263dbb646aecb86f20d235da781d710cd50c6b50f4b65e2ec47140a,male|T3,male,3,2016,2016-04-30,Premier League,2015/2016,808,599,209,0.2586633663366336,438,351,87,0.1986301369863013
3825864,training,ae28872d4a2456d9d15af6324f9fc6e89c7b926fb271d37244a3dc2fa8542b50,male|T3,male,3,2016,2016-04-30,La Liga,2015/2016,888,688,200,0.2252252252252252,497,397,100,0.2012072434607646
3825878,training,40d95c9c67d9fb7d1a18d6b20bca29ef3a075e5bdbf46703a63a7944ae75db7e,male|T3,male,3,2016,2016-04-30,La Liga,2015/2016,787,551,236,0.2998729351969504,394,289,105,0.266497461928934
3879848,training,34942288c57f81a50c46408f66f745c3f8d2127959be0ff35a8afb8373c22f15,male|T3,male,3,2016,2016-04-30,Serie A,2015/2016,948,777,171,0.180379746835443,471,395,76,0.1613588110403397
3901234,training,ab8c7fcb31506eba70bdf0788e7f71833405661de61a75a56a907869605e6ad0,male|T3,male,3,2016,2016-04-30,Ligue 1,2015/2016,790,582,208,0.2632911392405063,390,304,86,0.2205128205128205
3901235,training,2bf3dcbacdd40492094d92c3c3d70942808f4ff69e032545853f51981d9696a0,male|T3,male,3,2016,2016-04-30,Ligue 1,2015/2016,959,762,197,0.205422314911366,464,383,81,0.1745689655172413
3901236,training,ac079c9eccde1c5723132a514eb757121852fd591a6192d7f7481f3085c41630,male|T3,male,3,2016,2016-04-30,Ligue 1,2015/2016,965,785,180,0.1865284974093264,551,466,85,0.1542649727767695
3901238,training,40cf4bc6b17335f27b768fe5b46f9ec7702a227ad874074b917a7d0baa3d68ee,male|T3,male,3,2016,2016-04-30,Ligue 1,2015/2016,775,604,171,0.2206451612903225,412,334,78,0.1893203883495145
3901240,training,33f270fcfd79ee7c44cd3984c9fcc1c855ccc0eb7aeeba8672b775568086cfd4,male|T3,male,3,2016,2016-04-30,Ligue 1,2015/2016,1005,825,180,0.1791044776119403,527,443,84,0.159392789373814
3901241,training,4a2f706df3932feb3b7680f54eeb5d1721f6246b45a58738db10907f16d41ade,male|T3,male,3,2016,2016-04-30,Ligue 1,2015/2016,952,712,240,0.2521008403361344,542,431,111,0.2047970479704797
3754018,training,77ed9edc73df5bcdd109d38e0ac225ff28f385770952d4834cecc5fcaab321f0,male|T3,male,3,2016,2016-05-01,Premier League,2015/2016,994,834,160,0.1609657947686116,460,387,73,0.158695652173913
3825845,training,4a47697a02ceab6ebe223c1cc8c90d0841f4928be4ba1844e0528465ffc3bf7a,male|T3,male,3,2016,2016-05-01,La Liga,2015/2016,749,553,196,0.2616822429906542,439,356,83,0.1890660592255125
3879849,training,611bf21947165a5b356ae25f4b3a9746ba27915cdb298f815f6b6664a1616939,male|T3,male,3,2016,2016-05-01,Serie A,2015/2016,1061,876,185,0.1743638077285579,637,543,94,0.1475667189952904
3879850,training,228aa946e97cd7fac4315d0c5a22d31b8d42bf9fd7d5a2dced64e840eaa40eae,male|T3,male,3,2016,2016-05-01,Serie A,2015/2016,949,783,166,0.1749209694415174,429,373,56,0.1305361305361305
3879852,training,467ed703ac56869ac0eb4ac9f666088daa4cde5193dffb7b8c735a6dc7cf7259,male|T3,male,3,2016,2016-05-01,Serie A,2015/2016,863,650,213,0.2468134414831981,460,345,115,0.25
3879853,training,733308855542eadb5642cd416c2a4c813867afeb37e342c1db7e4266abb845e4,male|T3,male,3,2016,2016-05-01,Serie A,2015/2016,931,755,176,0.1890440386680988,507,422,85,0.1676528599605522
3879854,training,602a5668f6e735c73fecf8b104b6d113b5220e0219844aca6c0336cd922550c5,male|T3,male,3,2016,2016-05-01,Serie A,2015/2016,858,662,196,0.2284382284382284,403,322,81,0.2009925558312655
3901242,training,4c46b49f179fb78e258a81945741aae1cc14f4048d4fcd60559ffc73f8502063,male|T3,male,3,2016,2016-05-01,Ligue 1,2015/2016,832,627,205,0.2463942307692307,473,380,93,0.1966173361522198
3754092,training,a3af2a947003ec461fd3b8c835f79960e8e285ed4603765996630073638a0b70,male|T3,male,3,2016,2016-05-02,Premier League,2015/2016,734,600,134,0.1825613079019073,376,321,55,0.1462765957446808
3879855,training,55503a8ccaa959b7f8d730c7702fa0e9e1b49ec46505d9972bffbbb40e11b29d,male|T3,male,3,2016,2016-05-02,Serie A,2015/2016,1152,939,213,0.1848958333333333,616,512,104,0.1688311688311688
3879856,training,974277ee3c481a2ed7ca4638e5fe3f6942ee65e795bb039a33d9a2049d309827,male|T3,male,3,2016,2016-05-02,Serie A,2015/2016,927,740,187,0.2017259978425027,491,402,89,0.1812627291242362
3754026,training,6df293cddebe3972068bfdd1796171e80da259209603bbf41eb87903179214dc,male|T3,male,3,2016,2016-05-07,Premier League,2015/2016,665,474,191,0.2872180451127819,360,288,72,0.2
3754033,training,6bb1c5a5e30e21fe42942f9500e5289932a3872a4cf8867d15dea28ba2dcd11b,male|T3,male,3,2016,2016-05-07,Premier League,2015/2016,834,671,163,0.1954436450839328,357,290,67,0.1876750700280112
3754070,training,078eca0b220f706fb77c668af237be42064c1a440b23edddd6c6af4be5a840e3,male|T3,male,3,2016,2016-05-07,Premier League,2015/2016,880,693,187,0.2125,372,309,63,0.1693548387096774
3754108,training,1a36e8c8b001ba0c19cc1680ddf62f1d356ded3d736492f98b5c34f04ca7086f,male|T3,male,3,2016,2016-05-07,Premier League,2015/2016,923,745,178,0.1928494041170097,453,369,84,0.1854304635761589
3754158,training,29aa3fc32cb662725333fa1dab43081e8f85b6bc58eab6639c85ce62043f01b9,male|T3,male,3,2016,2016-05-07,Premier League,2015/2016,843,671,172,0.2040332147093713,484,400,84,0.1735537190082644
3754210,training,0fcf4ffb94c1f21ea30caee3d07f2c908b164e8776f6b97e3038ffc942df714d,male|T3,male,3,2016,2016-05-07,Premier League,2015/2016,835,630,205,0.2455089820359281,437,341,96,0.2196796338672768
3754225,training,1750c6f37c8d6b4eef14eb27f7d4cb659ddb06780779c7f8a29e2f63ebcfda0a,male|T3,male,3,2016,2016-05-07,Premier League,2015/2016,836,657,179,0.2141148325358851,360,293,67,0.1861111111111111
3879857,training,77ba5067fd15a269655cce6a2ffb4a31a17664e54652108339bb7b2a9686a85a,male|T3,male,3,2016,2016-05-07,Serie A,2015/2016,978,781,197,0.2014314928425357,482,398,84,0.1742738589211618
3879858,training,7f30a536b7d331ff7df3d32899ab5db1e0df937f4aa9d9e1c5d847bfadf7aefb,male|T3,male,3,2016,2016-05-07,Serie A,2015/2016,903,726,177,0.1960132890365448,485,400,85,0.1752577319587628
3890550,training,769f7517ed7c48ce01e85219a0c26f57c19b361c67d06e07333b73554531646c,male|T3,male,3,2016,2016-05-07,1. Bundesliga,2015/2016,892,684,208,0.2331838565022421,505,405,100,0.198019801980198
3901243,training,607b5b597ac538f11af048eb1d244f6bcff21fbca7390a39af9a3dff7212a32b,male|T3,male,3,2016,2016-05-07,Ligue 1,2015/2016,860,664,196,0.227906976744186,386,315,71,0.1839378238341968
3901246,training,399b0fa24098837ab83b887b125003d99ef75fa851869d811a6cac846597d24e,male|T3,male,3,2016,2016-05-07,Ligue 1,2015/2016,940,742,198,0.2106382978723404,467,377,90,0.1927194860813704
3901247,training,54f020fc2ffb66a7bcce8ebac4511355b3e2ecd1f9698e44eb7415b6a5e0bce7,male|T3,male,3,2016,2016-05-07,Ligue 1,2015/2016,1120,948,172,0.1535714285714285,599,522,77,0.1285475792988314
3901249,training,8d2471616db8583f313e1453286bc659e1567ecde7399631f914cc2104641ab3,male|T3,male,3,2016,2016-05-07,Ligue 1,2015/2016,1030,857,173,0.1679611650485437,594,508,86,0.1447811447811448
3901251,training,6b5be446fa37afb866373b48e7cf0ea2039f66623543d39ddfc4504dfb09b562,male|T3,male,3,2016,2016-05-07,Ligue 1,2015/2016,837,660,177,0.2114695340501792,397,325,72,0.181360201511335
3901252,training,3aedcb6b0019e145ccf7a7c6192bcba01f1ac643fd0cdc1ee930c9be7d1f1f95,male|T3,male,3,2016,2016-05-07,Ligue 1,2015/2016,855,714,141,0.1649122807017544,359,310,49,0.1364902506963788
265958,training,3b071ea34422edd82f5f92083a19d5ec63cada223c68344d12c2c87f0a10f3c6,male|T3,male,3,2016,2016-05-08,La Liga,2015/2016,833,682,151,0.1812725090036014,406,344,62,0.1527093596059113
3753992,training,1c4fea626ed158343a65505dcd89fd6ef42c3895dbf9a3eb9235d2870b42688d,male|T3,male,3,2016,2016-05-08,Premier League,2015/2016,853,660,193,0.2262602579132473,328,252,76,0.2317073170731707
3754314,training,48cf7d6547d022978e51e58a1cfa212d37176721c6ce131ae407bf56f1e94de3,male|T3,male,3,2016,2016-05-08,Premier League,2015/2016,837,630,207,0.2473118279569892,378,306,72,0.1904761904761904
3825850,training,011bad7970bc0bd0cde3e28b504dcfe31daa3d4995f0bb03dd852bf35cba7375,male|T3,male,3,2016,2016-05-08,La Liga,2015/2016,945,729,216,0.2285714285714285,571,455,116,0.2031523642732049
3825851,training,2c59a2ee70f51e2f7e6647415bd49870fd0414519edc85547967b07325d4f6cd,male|T3,male,3,2016,2016-05-08,La Liga,2015/2016,927,757,170,0.1833872707659115,482,399,83,0.1721991701244813
3825853,training,0df1f036214ceb95431c2a8f1f4f8cb3bf2b779de5251cefb509364f36ee1777,male|T3,male,3,2016,2016-05-08,La Liga,2015/2016,763,584,179,0.2346002621231979,398,314,84,0.2110552763819095
3825860,training,2065ed3905e27d165500deaaf4c916d21fa1840fe30f9b09b934e5a85a9bb195,male|T3,male,3,2016,2016-05-08,La Liga,2015/2016,1036,836,200,0.193050193050193,585,494,91,0.1555555555555555
3825866,training,a223f7ef9406a679dc1b7d1bcbf3af5dd68fc19c4c53b71539c30c9aaea6d509,male|T3,male,3,2016,2016-05-08,La Liga,2015/2016,1048,828,220,0.2099236641221374,609,494,115,0.1888341543513957
3825901,training,2fa215ecd32d616a5d3165563ffdb1bd66cee70c2b4dde91f9b9188f5f777d2e,male|T3,male,3,2016,2016-05-08,La Liga,2015/2016,1115,973,142,0.1273542600896861,561,510,51,0.0909090909090909
3825904,training,a5a6a1a92388cc179cd2a88668a008dbcbd13250fb61c955f21f6be5d3f718ac,male|T3,male,3,2016,2016-05-08,La Liga,2015/2016,931,690,241,0.2588614393125671,461,364,97,0.210412147505423
3879859,training,6cd8a68cd0f29e691d16233d100517b86fbb6ea4628eb9aa1b3aeb5c8076be89,male|T3,male,3,2016,2016-05-08,Serie A,2015/2016,751,554,197,0.2623169107856192,463,361,102,0.2203023758099352
3879860,training,87bc0269e38a818bc66a2df77e5d963f8aba3f7cc18930cf44913eb43b193ddd,male|T3,male,3,2016,2016-05-08,Serie A,2015/2016,840,685,155,0.1845238095238095,473,403,70,0.1479915433403805
3879861,training,9a37ae913043a27b0f2148261ea12619bb5fb6686e24220c51cabd76bc042213,male|T3,male,3,2016,2016-05-08,Serie A,2015/2016,660,484,176,0.2666666666666666,308,252,56,0.1818181818181818
3879862,training,2e1bdbe14104b386606e40e09a83328933be7253532335a9573567719037cb30,male|T3,male,3,2016,2016-05-08,Serie A,2015/2016,1028,866,162,0.1575875486381323,483,421,62,0.1283643892339544
3879863,training,6e5f49df59ce95ca7cc1e12bc353f08365e32aadc5c5c714b28423c42dc5520a,male|T3,male,3,2016,2016-05-08,Serie A,2015/2016,970,772,198,0.2041237113402061,364,297,67,0.184065934065934
3879866,training,270d89012e06c025afd7b76705d79e1bc3f99e7fccccee0eb3f97df12c5136c7,male|T3,male,3,2016,2016-05-08,Serie A,2015/2016,1100,951,149,0.1354545454545454,580,507,73,0.1258620689655172
3754134,training,321c6b30f7b6168d509f47da486e73acb6dfa96e845426cb18cc56fc4bb8f512,male|T3,male,3,2016,2016-05-10,Premier League,2015/2016,757,559,198,0.261558784676354,365,286,79,0.2164383561643835
3753989,training,40341a478617ba25ab74115096f92c72c395448a4aad774a9cdaf1ee8caf7632,male|T3,male,3,2016,2016-05-11,Premier League,2015/2016,919,719,200,0.2176278563656148,462,360,102,0.2207792207792207
3754207,training,443f599c1ef41a853f763068f52dfa1985c9205437c1b1ae31597beac0a27ca6,male|T3,male,3,2016,2016-05-11,Premier League,2015/2016,901,689,212,0.2352941176470588,569,470,99,0.1739894551845342
3901253,training,9cceea47eca84b7d9325342cbaad81d93d6b4e56cffec825cfa0dc8942d02d1f,male|T3,male,3,2016,2016-05-11,Ligue 1,2015/2016,1127,926,201,0.1783496007098491,603,518,85,0.1409618573797678
267506,training,8c05acbc1d4473cb487f591ce99ce31ed18abde03421324da52cd2907c2465fe,male|T3,male,3,2016,2016-05-14,La Liga,2015/2016,824,687,137,0.1662621359223301,382,323,59,0.1544502617801047
3825846,training,66341258f79d858f3830147720a506e68c4d167758dc860e6d1e3c40a46c73dc,male|T3,male,3,2016,2016-05-14,La Liga,2015/2016,1105,956,149,0.134841628959276,664,589,75,0.1129518072289156
3879867,training,76b947b34598f12600fc82113034b7b787962694d127972ee0c40fe6c830ecbe,male|T3,male,3,2016,2016-05-14,Serie A,2015/2016,974,832,142,0.1457905544147844,583,512,71,0.1217838765008576
3879868,training,69b2700dfe167561eeb359b941ade6769d943866c98f07db6cfbc9e055d12146,male|T3,male,3,2016,2016-05-14,Serie A,2015/2016,927,751,176,0.1898597626752966,458,388,70,0.1528384279475982
3879870,training,67f4b7fa1a14a998c50827659a7d03dd30193a52469a84cc49b103398d44fd43,male|T3,male,3,2016,2016-05-14,Serie A,2015/2016,880,751,129,0.146590909090909,482,424,58,0.1203319502074688
3890563,training,666b6d1b60fbbdfa9f3b36a13ecfca681e93050cb5001f214c038c4d6e54baa1,male|T3,male,3,2016,2016-05-14,1. Bundesliga,2015/2016,660,456,204,0.3090909090909091,338,256,82,0.2426035502958579
3901254,training,846b129dadac4f1df321bbca15d4c9fa483419c93052212bb5bd415d07ee8fde,male|T3,male,3,2016,2016-05-14,Ligue 1,2015/2016,844,691,153,0.1812796208530805,383,318,65,0.1697127937336814
3901256,training,4a8bc7b10880cb55b1aa8a3f729027b642c2c12916db532fd6e763c825d98f0f,male|T3,male,3,2016,2016-05-14,Ligue 1,2015/2016,944,746,198,0.2097457627118644,503,424,79,0.1570576540755467
3901258,training,1ed2259c3b28da371205c89eb3594c274c44c86886da3f255a051f9df78d2b59,male|T3,male,3,2016,2016-05-14,Ligue 1,2015/2016,1084,912,172,0.1586715867158671,720,624,96,0.1333333333333333
3901261,training,abc9cd4992d20461152706e2cff800f3f631759255ac19ec5a4126bff99ea4f8,male|T3,male,3,2016,2016-05-14,Ligue 1,2015/2016,1055,900,155,0.1469194312796208,648,561,87,0.1342592592592592
3901263,training,02fbd1f9c45732de6dbf487e6af49cc5d45fef574b7ff0e9eec21aa042ae8b16,male|T3,male,3,2016,2016-05-14,Ligue 1,2015/2016,879,691,188,0.2138794084186575,545,448,97,0.1779816513761468
3753994,training,5c338f497025194744b773c225c086441e6f98ee6f4f7e3409c34d41990e4324,male|T3,male,3,2016,2016-05-15,Premier League,2015/2016,796,625,171,0.214824120603015,384,318,66,0.171875
3754042,training,3a752372ed6ffbcab61fbaf3301fa3afd39d5780f292ca5a7c9708b8f178a0f8,male|T3,male,3,2016,2016-05-15,Premier League,2015/2016,849,671,178,0.2096584216725559,341,271,70,0.2052785923753665
3754123,training,44eb7166ebf410e2b0931eedcdb02e874620067000d54722ffb68db968bb1433,male|T3,male,3,2016,2016-05-15,Premier League,2015/2016,842,654,188,0.2232779097387173,447,373,74,0.1655480984340044
3754149,training,2bd63f98c1c3b0682a6886c6a61ebed7c95dda3af44438e202b1a1b5d1fb4013,male|T3,male,3,2016,2016-05-15,Premier League,2015/2016,976,770,206,0.2110655737704918,482,402,80,0.1659751037344398
3754199,training,274dc6ad133b7bf795b7c0d74187d84593f3a104ec56b2c2e07f71f8cd3b4e31,male|T3,male,3,2016,2016-05-15,Premier League,2015/2016,708,566,142,0.2005649717514124,345,290,55,0.1594202898550724
3754333,training,814151ade616503624d670a65e6296dbd6250d4a0d46a446af81d0ed6664f162,male|T3,male,3,2016,2016-05-15,Premier League,2015/2016,909,762,147,0.1617161716171617,480,411,69,0.14375
3825883,training,39788f7f4c2904faad599b3b0e2ed8149f6e29a2a874ba9e8c748dc875645c06,male|T3,male,3,2016,2016-05-15,La Liga,2015/2016,891,732,159,0.1784511784511784,558,467,91,0.1630824372759856
3825900,training,162833c1f5ca276bfb409548aa833bfe778ca0bc64c2ce03ee53c854e73f47bd,male|T3,male,3,2016,2016-05-15,La Liga,2015/2016,1023,859,164,0.1603128054740958,542,451,91,0.1678966789667896
3825902,training,2f992aff276247ec42374126a476974f46e69b9d9bc91cfaf56b1a96e509f20e,male|T3,male,3,2016,2016-05-15,La Liga,2015/2016,924,721,203,0.2196969696969697,487,408,79,0.162217659137577
3825908,training,8c0744470ac78e3824e62c3c1323561d205f63e21b6646a31ccbbee9588bb577,male|T3,male,3,2016,2016-05-15,La Liga,2015/2016,866,615,251,0.289838337182448,528,407,121,0.2291666666666666
3879871,training,4a0c54cbe41c8a44ec67a11a2a37331b0d3fd6dc674199fda7152456848360e7,male|T3,male,3,2016,2016-05-15,Serie A,2015/2016,845,636,209,0.2473372781065088,522,424,98,0.1877394636015325
3879872,training,96d10abe513d72d393b3a4dbb967810f37f09fe00956117725dad4c65e0ccd9f,male|T3,male,3,2016,2016-05-15,Serie A,2015/2016,1035,850,185,0.178743961352657,480,406,74,0.1541666666666666
3879874,training,2356b8678b886bb6cb8d2e7d493382b2659dae7a608d211db35a852ab134a6f4,male|T3,male,3,2016,2016-05-15,Serie A,2015/2016,977,799,178,0.1821903787103377,457,383,74,0.161925601750547
3879875,training,1827c91bde9744b47cf94fee22f027f85e3d356e80bf00de5491b4e322a1e5e0,male|T3,male,3,2016,2016-05-15,Serie A,2015/2016,875,739,136,0.1554285714285714,452,395,57,0.1261061946902655
3879876,training,2ac6b7743d4076cfd040a1b0fa07b5b563121cb5a012dafcf2ba520274570bfc,male|T3,male,3,2016,2016-05-15,Serie A,2015/2016,833,644,189,0.226890756302521,401,327,74,0.1845386533665835
18243,training,4cfacad3efdec688275bf7775a426272f4aefe4ddbcbab996f81b9c41f75236f,male|T3,male,3,2016,2016-05-28,Champions League,2015/2016,1228,1010,218,0.1775244299674267,688,600,88,0.127906976744186
267670,training,7b5321087582f9734dfc1f5910184be0161c36629b8f3ca817caf5a74f0efa99,male|T3,male,3,2016,2016-08-20,La Liga,2016/2017,909,760,149,0.1639163916391639,346,296,50,0.1445086705202312
266892,training,02a279a0361cdb0ec869ee764c3b963276b1b3ef92dc729a37704a4e660459cb,male|T3,male,3,2016,2016-08-28,La Liga,2016/2017,920,740,180,0.1956521739130435,442,363,79,0.1787330316742081
267220,training,aa7518f7aba552a51f9b12722298d0edb1274524fc18d7844fc40b874cf27ecb,male|T3,male,3,2016,2016-09-21,La Liga,2016/2017,1002,862,140,0.1397205588822355,423,368,55,0.1300236406619385
266989,training,5cc5f40df1c9be60c49c90797953ebbcdafd73cf53487a021d41026ac4576eb3,male|T3,male,3,2016,2016-11-06,La Liga,2016/2017,903,752,151,0.1672203765227021,488,412,76,0.1557377049180328
266191,training,5dd2b4a45f587696ef62cd763fd6f8e84d225606126b0b6c94d0ecbc6a74a2a5,male|T3,male,3,2016,2016-11-27,La Liga,2016/2017,849,660,189,0.2226148409893993,353,288,65,0.1841359773371104
267076,training,0519bf4d557e35b95238ebf466a0e7855f49e250b559ab535a36d6910d5bd163,male|T3,male,3,2016,2016-12-03,La Liga,2016/2017,962,803,159,0.1652806652806653,402,347,55,0.1368159203980099
266528,training,6bb4d12497758a5132405edd991996931ca297c263ab844437e80941dfa03620,male|T3,male,3,2016,2016-12-18,La Liga,2016/2017,881,736,145,0.1645856980703745,363,312,51,0.140495867768595
266477,training,2322ecda7fdc136626ebd56952b173221b9d6acd6ee6c09fb04c576e897eef20,male|T3,male,3,2017,2017-01-08,La Liga,2016/2017,961,809,152,0.1581685744016649,492,424,68,0.1382113821138211
267395,training,3cb36dfe3023c3bdd8e9912abd53cb137e8321c47ba4c4a6c6d3cc9dcaf31feb,male|T3,male,3,2017,2017-01-14,La Liga,2016/2017,899,765,134,0.1490545050055617,435,385,50,0.1149425287356321
266731,training,b03657dec241ed1eb8ce3690f70adbdb05177a89c9c4ac35c034af0fd28380cc,male|T3,male,3,2017,2017-01-22,La Liga,2016/2017,918,695,223,0.2429193899782135,478,377,101,0.2112970711297071
266516,training,1dec232d2929d9299df2827891e21e7f9b4905be498f992873ccc9256725eb02,male|T3,male,3,2017,2017-01-29,La Liga,2016/2017,794,631,163,0.2052896725440806,356,287,69,0.1938202247191011
266874,training,4c6d5bed0802863b5ee13914dcf1d77ac5140a8b4f0294efe05b3eff8b48b5eb,male|T3,male,3,2017,2017-02-04,La Liga,2016/2017,902,735,167,0.1851441241685144,484,408,76,0.1570247933884297
266273,training,aa4e830ecffa206c9212518b46589b6d98cb5f8c37ffe755111ec31d17fd51d1,male|T3,male,3,2017,2017-02-11,La Liga,2016/2017,962,817,145,0.1507276507276507,474,411,63,0.1329113924050632
267596,training,937f4cf464c4e70474f4dfdd071ff739ca49aa047f2416bdfcbd4b4ea082004d,male|T3,male,3,2017,2017-02-19,La Liga,2016/2017,1028,868,160,0.1556420233463035,533,459,74,0.1388367729831144
267464,training,656d7fb6430f6b15572f4d9c261946594a930851874955c11e9ad4c6628a5e62,male|T3,male,3,2017,2017-02-26,La Liga,2016/2017,737,551,186,0.2523744911804613,347,280,67,0.1930835734870317
266299,training,666ce963e8df60afd3a9011794cc739d8c722559e709dbe5f2a6ce03057f9daf,male|T3,male,3,2017,2017-03-04,La Liga,2016/2017,968,791,177,0.1828512396694215,474,391,83,0.1751054852320675
267660,training,9519c2274b430c7a2fe192425dc14824a1557fd1b3164b49f0095cd44e6c5673,male|T3,male,3,2017,2017-03-12,La Liga,2016/2017,971,783,188,0.1936148300720906,526,434,92,0.1749049429657794
266440,training,4b89ed6a2bce58302ccc3eb6af979430594d9d7a1359c848a9dff6f27c70de98,male|T3,male,3,2017,2017-03-19,La Liga,2016/2017,836,693,143,0.1710526315789473,371,317,54,0.1455525606469002
266280,training,9e5eb7049c34f30bf323476b28a465632bd2fbc1258bf24230ce9320a70ae62a,male|T3,male,3,2017,2017-04-05,La Liga,2016/2017,1006,863,143,0.1421471172962226,604,524,80,0.1324503311258278
267590,training,a06e7550f7f0bc3452ee266096b1ff16306e2379b6c9fe5284640845f98f6f11,male|T3,male,3,2017,2017-04-08,La Liga,2016/2017,888,704,184,0.2072072072072072,422,342,80,0.1895734597156398
267373,training,9fc7eedeb2a3bc6ac7434e6cc639a97ebc2931081fca94c3a29db952a4c18bac,male|T3,male,3,2017,2017-04-15,La Liga,2016/2017,937,791,146,0.1558164354322305,460,401,59,0.1282608695652174
267101,training,ae0dbdff4a7e2748a057ac6ee3ce940c0d6d282fd7528cfeb85925b0326852b9,male|T3,male,3,2017,2017-04-26,La Liga,2016/2017,1031,872,159,0.1542192046556741,502,425,77,0.1533864541832669
267077,training,87c3828b3ab7fd9cd3049b0b6bbfc943dcdfd3253de7240f6fd49c4fbd3bc4ab,male|T3,male,3,2017,2017-04-29,La Liga,2016/2017,929,725,204,0.2195909580193756,516,426,90,0.1744186046511628
266952,training,8a0505713a6ec150fa61ce82de2e649e36533cd923ba8bf4e29b4fac64cc63eb,male|T3,male,3,2017,2017-05-06,La Liga,2016/2017,1048,904,144,0.1374045801526717,563,490,73,0.1296625222024866
267039,training,81a38a78c0b00f454f2b3fd547bb0f4894d64e9aa4795770177990521df9b2af,male|T3,male,3,2017,2017-05-14,La Liga,2016/2017,1022,868,154,0.1506849315068493,522,456,66,0.1264367816091954
267432,training,6eb2e8d10038b8baad04cc21d358cc6b4341958120079dd0aa4b6f862c6553c5,male|T3,male,3,2017,2017-05-21,La Liga,2016/2017,774,615,159,0.2054263565891473,313,250,63,0.2012779552715655
9592,training,af6d4d33eca8bf2211b9c520955d495f1ac5e3930797f5aefd9c3549c7bf95d5,male|T3,male,3,2017,2017-09-09,La Liga,2017/2018,914,758,156,0.1706783369803063,302,251,51,0.1688741721854304
9602,training,47fb72af5ba65a3301c560f440c239e869a9feb32412a16045d0ef37e27687a1,male|T3,male,3,2017,2017-09-16,La Liga,2017/2018,921,759,162,0.1758957654723127,399,333,66,0.1654135338345864
9609,training,57338cece72478485612204830dced86fe6e430d2dda47cef4c24b04025dc7cd,male|T3,male,3,2017,2017-09-19,La Liga,2017/2018,977,801,176,0.18014329580348,515,438,77,0.1495145631067961
9642,training,3f5e60f1404ca556ac1fee816316925cd8523042d05febde30d15152f754b0a1,male|T3,male,3,2017,2017-10-14,La Liga,2017/2018,1056,885,171,0.1619318181818181,533,451,82,0.1538461538461538
9650,training,89f18d405e9b83a3c89e6dc627f8085407893749ba9c3bdcff4627a2c65e394c,male|T3,male,3,2017,2017-10-21,La Liga,2017/2018,1084,929,155,0.1429889298892989,628,562,66,0.1050955414012738
9673,training,9e76f6974da6934db9a04fb1a4e3b76632f50fa33499fd01c787e34018c7a519,male|T3,male,3,2017,2017-11-04,La Liga,2017/2018,1098,932,166,0.151183970856102,666,571,95,0.1426426426426426
9700,training,288b19d3c774d68a718729bde568691b308947e0d660bb94b5eb51ddf082547f,male|T3,male,3,2017,2017-12-02,La Liga,2017/2018,1117,933,184,0.1647269471799463,666,568,98,0.1471471471471471
9726,training,4f766818930c2a92a5d7d5e7d23021fecec544b9e446c2f72a08c795ea61746a,male|T4,male,4,2017,2017-12-17,La Liga,2017/2018,1060,902,158,0.1490566037735849,705,603,102,0.1446808510638297
9736,training,35768261e112d26aaaf6614945b6e5dde1e9e007948d1b7dede91e96aadd5a71,male|T4,male,4,2017,2017-12-23,La Liga,2017/2018,1017,870,147,0.1445427728613569,663,575,88,0.1327300150829562
9742,training,56e1fbb4e8621aef68b0afade0f41c04f906ee221d82be00a8d690147c4917fa,male|T4,male,4,2018,2018-01-07,La Liga,2017/2018,924,801,123,0.1331168831168831,356,311,45,0.1264044943820224
9754,training,2c56b58888b9492eb6867f8dd9f18309d94b43ba5de08aa9ad8bd34d0799f9e9,male|T4,male,4,2018,2018-01-14,La Liga,2017/2018,901,755,146,0.1620421753607103,397,341,56,0.1410579345088161
9774,training,30c1dd741ec2a779c8401cbd9285b2e4775ce2833aded86d0435d6c323bbc783,male|T4,male,4,2018,2018-01-28,La Liga,2017/2018,915,743,172,0.1879781420765027,496,410,86,0.1733870967741935
9783,training,90230fa09bb99d3e3e22452835ca21cb087bd4a05bb71c9184c663b76b9fa2aa,male|T4,male,4,2018,2018-02-04,La Liga,2017/2018,789,601,188,0.238276299112801,285,232,53,0.1859649122807017
9794,training,5224ee918ef05c139319e366a5f084b8f5c8887fe60db0c915d06ee7d9b4fd24,male|T4,male,4,2018,2018-02-11,La Liga,2017/2018,968,778,190,0.1962809917355372,433,345,88,0.2032332563510392
9811,training,8faa8b4199531c80bc1907fd196ce4408ebe18137d434c8759544dcf2bae4fd1,male|T4,male,4,2018,2018-02-24,La Liga,2017/2018,924,769,155,0.1677489177489177,422,353,69,0.1635071090047393
9827,training,9fc0cea688662dab3a35d15f567e6f90915aca811bced0dfbd96f30f978c27a9,male|T4,male,4,2018,2018-03-01,La Liga,2017/2018,818,669,149,0.1821515892420538,354,296,58,0.1638418079096045
9837,training,3e956d017ac32bc66d08e81ecd3b98570ca7475ed165f4e1581ded4bf11a995d,male|T4,male,4,2018,2018-03-04,La Liga,2017/2018,1019,831,188,0.1844946025515211,590,491,99,0.1677966101694915
9855,training,b12398e9e0d219a9e4812905ce36d178dde6e72f636cd9ea86d36bea12c0c319,male|T4,male,4,2018,2018-03-18,La Liga,2017/2018,993,803,190,0.1913393756294058,551,455,96,0.1742286751361161
9860,training,3c627c743949be5dd5ad61ca05134153a6172155504f4ebcbaa9d48058138885,male|T4,male,4,2018,2018-03-31,La Liga,2017/2018,992,839,153,0.1542338709677419,476,419,57,0.1197478991596638
9870,training,066004003e4a193ad0ec05af09c04831d09dad0a16bb117e697ef912059c7b1d,male|T4,male,4,2018,2018-04-07,La Liga,2017/2018,983,813,170,0.17293997965412,414,354,60,0.144927536231884
9889,training,a5db5b0cd4d29a9b145700ea6248302aa330237acfd380b356cdacb95e54e02e,male|T4,male,4,2018,2018-04-17,La Liga,2017/2018,950,759,191,0.2010526315789473,626,529,97,0.1549520766773162
7443,training,3f35e6c6f55d01c6911e8a355ad3ce01f8dfaab1126fd3697436118272f6a378,female|T4,female,4,2018,2018-05-05,NWSL,2018,711,474,237,0.3333333333333333,447,306,141,0.3154362416107382
9924,training,26beb0de032cd55b17515215087a0f999e60349240f172fb683ccf89db5e8f6a,male|T4,male,4,2018,2018-05-06,La Liga,2017/2018,1073,949,124,0.1155638397017707,576,518,58,0.1006944444444444
7456,training,6e96b4bde767718519ba0c024e4fadf952460f092b1593df1c59bfa35d1c89cb,female|T4,female,4,2018,2018-05-20,NWSL,2018,667,483,184,0.2758620689655172,456,355,101,0.2214912280701754
9948,training,a35082b5f02ddee7941fcdceadab7a64c3b4988b20aec9c3c0123c73c7366826,male|T4,male,4,2018,2018-05-20,La Liga,2017/2018,960,831,129,0.134375,530,476,54,0.1018867924528302
7457,training,7274a6f308806d8a42d7a87ab57ff8b853f001157003deac74946f55cee7cf8c,female|T4,female,4,2018,2018-05-24,NWSL,2018,776,532,244,0.3144329896907216,492,370,122,0.2479674796747967
18245,training,1622727455eee25a85cae2884c541e39e2d2fff58da1c3c2b67b2ad5fe1100b0,male|T4,male,4,2018,2018-05-26,Champions League,2017/2018,935,784,151,0.1614973262032085,393,339,54,0.1374045801526717
7520,training,116167dcce22f19361193496dd790ba67e508271b9b0c0d668636ee10ed5f3f2,female|T4,female,4,2018,2018-06-03,NWSL,2018,822,536,286,0.3479318734793187,477,330,147,0.3081761006289308
7521,training,085fe8374ee820340b568c4470f85edbc444e967b02e12dc71849243793a89bf,female|T4,female,4,2018,2018-06-03,NWSL,2018,760,523,237,0.3118421052631579,517,376,141,0.2727272727272727
7522,training,4f05a20908b83f805165aea491ba2c4e2a76ef7db4b0cb7a773a72cfefb96c0b,female|T4,female,4,2018,2018-06-04,NWSL,2018,865,588,277,0.3202312138728324,621,434,187,0.3011272141706924
7523,training,69956923d67300d9553968a4edafdd5d1aeffd93e57bced4a8987657fbc49b59,female|T4,female,4,2018,2018-06-04,NWSL,2018,838,490,348,0.4152744630071599,433,288,145,0.3348729792147806
7525,training,1405c7f9a1fc3195858654c6c26977e4f342b1405d2254ed639b768c253aea32,male|T4,male,4,2018,2018-06-14,FIFA World Cup,2018,868,666,202,0.2327188940092165,490,391,99,0.2020408163265306
7576,training,6b17f0913eb0c5377d7192b96eed8a8e4c1bd69cf40f9c331053c76b1f98697a,male|T4,male,4,2018,2018-06-15,FIFA World Cup,2018,1106,984,122,0.1103074141048824,678,608,70,0.103244837758112
7578,training,335cfbe5e1967426132df8a6c2ef86f71ed42e66acb3b7069eb2e29de06cef73,male|T4,male,4,2018,2018-06-15,FIFA World Cup,2018,1032,813,219,0.2122093023255813,797,653,144,0.1806775407779172
7530,training,ae9c2df6c42c863732674162bcef5ac896955764629c201f1c13ae14c153182f,male|T4,male,4,2018,2018-06-16,FIFA World Cup,2018,918,728,190,0.2069716775599128,611,499,112,0.1833060556464811
7531,training,748fa9c7e4698f61e557e3e312f801485fff517263f7c20addfd8fce0eb1200a,male|T4,male,4,2018,2018-06-16,FIFA World Cup,2018,955,788,167,0.1748691099476439,519,438,81,0.1560693641618497
7534,training,53b9cec61da9a3af6bfdae804c5c0a1e05a1628f3f4218779ec027caaa33803e,male|T4,male,4,2018,2018-06-17,FIFA World Cup,2018,877,716,161,0.1835803876852907,610,515,95,0.1557377049180328
7535,training,1ca3b490ca82c65b16eb0bf236e381c7c782b0895e243371867c33d7eb285ea3,male|T4,male,4,2018,2018-06-17,FIFA World Cup,2018,846,655,191,0.2257683215130023,552,453,99,0.1793478260869565
7536,training,a67381b5ede897bb75637c0156a7fe547bfb8a2647e8f35f6f463970bdf28e79,male|T4,male,4,2018,2018-06-18,FIFA World Cup,2018,892,740,152,0.1704035874439461,425,350,75,0.1764705882352941
7539,training,340bd075ec7ecb2b22b549696f04d4050657eaab5d71d77a26d5dbc5009a7b8c,male|T4,male,4,2018,2018-06-19,FIFA World Cup,2018,900,718,182,0.2022222222222222,579,466,113,0.1951640759930915
7541,training,bad8d624accd3ffdd0925c64e768a8bee10a0e90b98d717b56cba7e0d9455bdf,male|T4,male,4,2018,2018-06-19,FIFA World Cup,2018,973,785,188,0.1932168550873587,556,458,98,0.1762589928057553
7542,training,ab013cb7921850ebeca618a937115ef9ac01163c0d6bcddabf459aa5f1ef89e2,male|T4,male,4,2018,2018-06-20,FIFA World Cup,2018,825,601,224,0.2715151515151515,472,358,114,0.2415254237288135
7545,training,89c646be74874f0472e62235d422af30b5e998d4c39133fae729c379b77562ba,male|T4,male,4,2018,2018-06-21,FIFA World Cup,2018,835,626,209,0.2502994011976048,468,360,108,0.2307692307692307
7546,training,476bec2ce5dec4c59df0ab1bdf881ec5b8e5c5158096bb038882c2eb9b681c62,male|T4,male,4,2018,2018-06-21,FIFA World Cup,2018,890,698,192,0.2157303370786517,507,428,79,0.155818540433925
7549,training,696aa1617baba01c85b8de3f0ededf49f4d994b489d8d5c5de92eeebcc743fe7,male|T4,male,4,2018,2018-06-22,FIFA World Cup,2018,796,596,200,0.2512562814070351,516,407,109,0.2112403100775193
7551,training,96c3091dec1f13ada0454a6bfa2af2e766963df5ed314e9b244d2e82aaa2782c,male|T4,male,4,2018,2018-06-23,FIFA World Cup,2018,885,737,148,0.1672316384180791,636,546,90,0.1415094339622641
7552,training,12d5ade5cecc59761b6aade2d286f42c9e93dd5cb78e3093aabff9996d105926,male|T4,male,4,2018,2018-06-23,FIFA World Cup,2018,858,699,159,0.1853146853146853,547,453,94,0.1718464351005484
7553,training,af5b4066d4fd42df8537b18a0b05ca8f458be6f84d8257a7a4a689c58766b375,male|T4,male,4,2018,2018-06-23,FIFA World Cup,2018,787,649,138,0.1753494282083862,514,428,86,0.1673151750972762
7554,training,101eea24e4e6474f137fe789829310fd8313256aec3d81664d58fdecbcbd30fe,male|T4,male,4,2018,2018-06-24,FIFA World Cup,2018,948,852,96,0.1012658227848101,488,448,40,0.081967213114754
7555,training,b55d1bf5b104a71482855b7ee15ab773885a031814c7ab458b51b2b1e3f617fb,male|T4,male,4,2018,2018-06-24,FIFA World Cup,2018,925,717,208,0.2248648648648648,694,564,130,0.1873198847262248
7556,training,985869dd3f919ef2bbddec232b41ca7acafdf88b71561b8fa90e82a8ecd59e93,male|T4,male,4,2018,2018-06-24,FIFA World Cup,2018,793,595,198,0.2496847414880201,471,373,98,0.208067940552017
7558,training,30ee2fb15e09643c0f44ed545fe19416ea7d311ad7bf20588a5bf8e3ec252e2f,male|T4,male,4,2018,2018-06-25,FIFA World Cup,2018,823,673,150,0.1822600243013366,470,397,73,0.1553191489361702
7559,training,5795a17778782d11a87fedf35a3a2fb2cc8396e70be7cdea219aecf1fec8713b,male|T4,male,4,2018,2018-06-25,FIFA World Cup,2018,995,839,156,0.1567839195979899,673,576,97,0.1441307578008915
7560,training,0403f734b91e056714d3f2bea78be3d9a0ac3a27de0ad804151403377478dfcc,male|T4,male,4,2018,2018-06-25,FIFA World Cup,2018,948,824,124,0.1308016877637131,676,595,81,0.1198224852071005
7561,training,27d0069195198747aa65144c9ab9ba0fa0ce92d54d744c57ffcb6893f1261b03,male|T4,male,4,2018,2018-06-26,FIFA World Cup,2018,796,637,159,0.1997487437185929,528,437,91,0.1723484848484848
7562,training,9f300ae9353e00c0f2f7d6ddd50d0b27fda797eb46358307e9e419e58a36f172,male|T4,male,4,2018,2018-06-26,FIFA World Cup,2018,920,759,161,0.175,479,398,81,0.1691022964509394
7563,training,4e8149a91d6adcea89f85823bc9b0e2fd86d04af9e1a93f619aec8d4fc55926c,male|T4,male,4,2018,2018-06-26,FIFA World Cup,2018,982,790,192,0.1955193482688391,666,556,110,0.1651651651651651
7564,training,a24ea4031cabac346c468967af1e96106871102bf4e1fcd084a590e3ca946c2f,male|T4,male,4,2018,2018-06-26,FIFA World Cup,2018,822,624,198,0.2408759124087591,441,345,96,0.2176870748299319
7567,training,83da6412f7f0113855527b70e52021c0e743503faaee94f5f3db771c2e8bc2fb,male|T4,male,4,2018,2018-06-27,FIFA World Cup,2018,912,758,154,0.168859649122807,533,444,89,0.1669793621013133
7568,training,0f335f6118e02cb6b9d92a444878ad0b013fed1d32447eb4a89a6606e47137fb,male|T4,male,4,2018,2018-06-27,FIFA World Cup,2018,888,730,158,0.1779279279279279,534,447,87,0.1629213483146067
7569,training,8b92e475575e4c797186ea7faf1b195f03c41a3f3a477eaa890da279707f6fb5,male|T4,male,4,2018,2018-06-28,FIFA World Cup,2018,859,698,161,0.1874272409778812,514,447,67,0.1303501945525292
7570,training,b147374b20252589c0303f6e34cb69cbb0fe98c208692f586d36c458f4431698,male|T4,male,4,2018,2018-06-28,FIFA World Cup,2018,1014,868,146,0.1439842209072978,629,550,79,0.1255961844197138
7571,training,62b3988a1cf57716711f122c7540a27463fef5281d5520d6b3c0d54ff90e66e9,male|T4,male,4,2018,2018-06-28,FIFA World Cup,2018,703,534,169,0.2403982930298719,404,325,79,0.1955445544554455
7572,training,55bde7fdc104bf4e9acfb8e017a30be99db6657f75978310bc40a9f0abac0897,male|T4,male,4,2018,2018-06-28,FIFA World Cup,2018,1003,832,171,0.1704885343968095,580,514,66,0.1137931034482758
7471,training,9d6cd1d8bb26bf00169bb9cab01fd61b3f687880e5f2002461df7400350e60b1,female|T4,female,4,2018,2018-06-30,NWSL,2018,844,593,251,0.2973933649289099,626,467,159,0.2539936102236422
7579,training,82299463b1b214d170446352a97e3f02445057a8e086245d00bbfce59c4e9a80,male|T4,male,4,2018,2018-06-30,FIFA World Cup,2018,810,625,185,0.228395061728395,535,434,101,0.1887850467289719
7580,training,59800a15e2c2916615e373fc395f28d6fbc89c62f3c99e4627cbec3d646dc35e,male|T4,male,4,2018,2018-06-30,FIFA World Cup,2018,826,686,140,0.1694915254237288,590,508,82,0.1389830508474576
7581,training,a4e036d61f4b391a9345a6f7346e1c6f43694faa0f8c2009e9eb21c15156dbcd,male|T4,male,4,2018,2018-07-01,FIFA World Cup,2018,1132,884,248,0.2190812720848056,599,486,113,0.1886477462437395
7583,training,417d27439ac3ea73a3dedbc1f283bd0ff1b861b9e0a6ceff830c2b1fd9ae1d34,male|T4,male,4,2018,2018-07-02,FIFA World Cup,2018,762,630,132,0.1732283464566929,471,405,66,0.1401273885350318
7584,training,2cc52b7b664272fc03d9667469ff668225f6b0811821c4dcdcac18cd8b4895d3,male|T4,male,4,2018,2018-07-02,FIFA World Cup,2018,1005,832,173,0.172139303482587,691,589,102,0.1476121562952243
7585,training,99a65f32f71b94e959bb4aeb80ec668342105e057efda612c8d347222f236515,male|T4,male,4,2018,2018-07-03,FIFA World Cup,2018,1062,838,224,0.2109227871939736,678,571,107,0.1578171091445427
7586,training,6e9037a08e1645a37416a6d6c447fabd585b476fef66c16dd703b0f3db25e623,male|T4,male,4,2018,2018-07-03,FIFA World Cup,2018,836,660,176,0.2105263157894736,411,337,74,0.1800486618004866
7475,training,88ba72c913532354eaaa06884828e3ac3292eafab15d36ab5590aa5875cfaecc,female|T4,female,4,2018,2018-07-05,NWSL,2018,783,551,232,0.2962962962962963,424,323,101,0.2382075471698113
7477,training,5915a09751ccc4b42022cb9c5949b5e3642cb2ddb5316cdc3e2140a93fbc9072,female|T4,female,4,2018,2018-07-07,NWSL,2018,782,565,217,0.2774936061381074,611,456,155,0.2536824877250409
8651,training,b61dc931a697cd7a31cffa89feadfab037ed076c41f4dc5212a7a3bdfddffc41,male|T4,male,4,2018,2018-07-07,FIFA World Cup,2018,873,655,218,0.2497136311569301,475,377,98,0.2063157894736842
7478,training,3ef9828587bc5d947a0665e54a6dbfc053bfdfc9c97ee37a2b9ad54c3e55e18d,female|T4,female,4,2018,2018-07-08,NWSL,2018,904,587,317,0.3506637168141593,566,399,167,0.2950530035335689
7479,training,2c89845c6d622dd3fedd2bb77d5b9d71f4a31080908eda117abbab1cf858d32a,female|T4,female,4,2018,2018-07-08,NWSL,2018,887,646,241,0.2717023675310034,681,517,164,0.2408223201174743
8655,training,09ed463659dfa587ef0ad108ae2c9ad2bb5e59abe9b9b0008967fff335ab10aa,male|T4,male,4,2018,2018-07-10,FIFA World Cup,2018,922,804,118,0.1279826464208243,542,484,58,0.1070110701107011
8656,training,97d751292d748d8bc853b298b72dec7f21fcb4028f11a069062d1976ceb03a14,male|T4,male,4,2018,2018-07-11,FIFA World Cup,2018,1065,798,267,0.2507042253521127,569,452,117,0.2056239015817223
7482,training,73194415c3321eaed2933f8e11c3990197467f00fa7bdf7151af7cc5be0e7bbb,female|T4,female,4,2018,2018-07-12,NWSL,2018,867,646,221,0.2549019607843137,593,467,126,0.2124789207419898
7524,training,9d504d815205cae34a01e28de7bef7afe8b995af2c719bc8e06df8ed0d59a3ec,female|T4,female,4,2018,2018-07-12,NWSL,2018,832,594,238,0.2860576923076923,528,403,125,0.2367424242424242
8657,training,45411ee1aaac4bda779a5ecf2cc92bed0ad9efefc67a0798998a0b2a184f7073,male|T4,male,4,2018,2018-07-14,FIFA World Cup,2018,1140,1010,130,0.1140350877192982,849,757,92,0.1083627797408716
7484,training,1a1e7161359d9a0c6fee89216722244e016e1b1cc1ddef01fd4d1fdfb5366622,female|T4,female,4,2018,2018-07-15,NWSL,2018,776,572,204,0.2628865979381443,570,437,133,0.2333333333333333
7485,training,0c2cfbb3e56e1f7a45a770a1a8900d1e18836940b9e4ca22d0a81f62bf967149,female|T4,female,4,2018,2018-07-15,NWSL,2018,844,602,242,0.2867298578199052,538,410,128,0.2379182156133829
8658,training,2a8a33ffe5b80e1957a14424c420986adf0f49d454847a859cf637e6c11cdaad,male|T4,male,4,2018,2018-07-15,FIFA World Cup,2018,769,597,172,0.223667100130039,535,432,103,0.1925233644859813
7486,training,51519eb43841b14152a069bc7b03605f8e34cb516a188037f2c41118c9815b13,female|T4,female,4,2018,2018-07-16,NWSL,2018,825,593,232,0.2812121212121212,510,378,132,0.2588235294117647
7487,training,2c8e849ea586ff01b01d2a2fb13884c03f8f4df55b74ceaa0ebbac0a3f11c674,female|T4,female,4,2018,2018-07-21,NWSL,2018,781,529,252,0.322663252240717,428,315,113,0.264018691588785
7490,training,2ae95685f47ea262dc7959daefca875ef9bbef6653d3f80df6b964c151680ba1,female|T4,female,4,2018,2018-07-22,NWSL,2018,843,608,235,0.2787663107947805,515,402,113,0.2194174757281553
7492,training,b3ba7bf92a32cb39d3ae007a732ee7307460962bcda900aa7b1376e483bf12fa,female|T4,female,4,2018,2018-08-06,NWSL,2018,777,565,212,0.2728442728442728,505,391,114,0.2257425742574257
7493,training,917a6dc3418d80762469ee68b2f9e816bedf608fd8cfb5d21a605141545734ad,female|T4,female,4,2018,2018-08-06,NWSL,2018,829,580,249,0.3003618817852834,471,337,134,0.2845010615711252
7494,training,8445169c7ad2fdd21910f86df5c23b0a0ce89dcb3d21a8c9536c45c704a1f86d,female|T4,female,4,2018,2018-08-06,NWSL,2018,974,739,235,0.2412731006160164,761,606,155,0.2036793692509855
7496,training,b43b34b2d7e1fec970adc66770989750131ca752dce2b1d131844f5a3eb19e6a,female|T4,female,4,2018,2018-08-09,NWSL,2018,770,560,210,0.2727272727272727,531,409,122,0.2297551789077213
7497,training,b45828767958fed12dbe2268176b9db61879a0ce9a668fb6ffde50f257549a6b,female|T4,female,4,2018,2018-08-11,NWSL,2018,811,537,274,0.3378545006165228,511,360,151,0.2954990215264187
7500,training,11abe071d7aaf1bb34a82bf32280cf3ba23e0153a5e9c0aeb95339c389a11470,female|T4,female,4,2018,2018-08-12,NWSL,2018,696,472,224,0.3218390804597701,357,274,83,0.2324929971988795
15956,training,6bcb9a3f8b016c72a3a5986f4228ad4549ef2e0b2a39570bbe208dada411152d,male|T4,male,4,2018,2018-08-25,La Liga,2018/2019,900,728,172,0.1911111111111111,473,390,83,0.175475687103594
15973,training,6f9ece8bb8dd53b53beb0f3787061561d3300faee4460d1c20c01eeefbca1430,male|T4,male,4,2018,2018-09-02,La Liga,2018/2019,955,831,124,0.1298429319371727,374,338,36,0.0962566844919786
19714,training,0fbdccef38c54f63c654c93f744167870ceb59f64c3d166856468da2e1dd196c,female|T4,female,4,2018,2018-09-09,FA Women's Super League,2018/2019,831,589,242,0.2912154031287605,394,293,101,0.2563451776649746
19716,training,9204f007ecfdc60a37ce623424a7c2cf210c2c9572b6873067e5fb08acd54aef,female|T4,female,4,2018,2018-09-09,FA Women's Super League,2018/2019,789,563,226,0.2864385297845374,470,369,101,0.2148936170212766
19718,training,ab03554f0929180023b0e5b0c1151e508224d422a05c26edc3208b7fc8ae5cdf,female|T4,female,4,2018,2018-09-09,FA Women's Super League,2018/2019,858,653,205,0.2389277389277389,505,419,86,0.1702970297029703
15978,training,b1e07bc835ccf26f26d35f6306f6bdd47f056a8cb3cbb037b368ab17b2ac7529,male|T4,male,4,2018,2018-09-15,La Liga,2018/2019,1060,892,168,0.1584905660377358,577,500,77,0.1334488734835355
19719,training,5b9d8333a1f2e328b39e0fd7ab5fed68e2a4f8c3ed47dd25bf90e600709e5547,female|T4,female,4,2018,2018-09-19,FA Women's Super League,2018/2019,551,295,256,0.4646098003629764,259,182,77,0.2972972972972973
19720,training,4538f24539b3bd9426492b1dc4731c3a7f874fd35286f84d0ab948b590259b01,female|T4,female,4,2018,2018-09-19,FA Women's Super League,2018/2019,879,633,246,0.2798634812286689,374,275,99,0.2647058823529412
19722,training,502aa65da201fb22ec94b408ab26fa4ff1aaf0ae8089eb11db304406fba831ad,female|T4,female,4,2018,2018-09-19,FA Women's Super League,2018/2019,909,691,218,0.2398239823982398,622,485,137,0.2202572347266881
19725,training,6f9de621986585059232e095edeadb9abd713de088991e74bf662a13b6119bff,female|T4,female,4,2018,2018-09-23,FA Women's Super League,2018/2019,763,504,259,0.3394495412844037,409,302,107,0.2616136919315403
19730,training,80002d8e8877b471dc248afb469a7d1efac73065e7864336871502b564dccc84,female|T4,female,4,2018,2018-09-30,FA Women's Super League,2018/2019,863,665,198,0.2294322132097334,405,326,79,0.1950617283950617
19731,training,42a4da64bfb8352dbad32f005e1a803e104d85cfda1ff8db02ce0a27f1885c35,female|T4,female,4,2018,2018-09-30,FA Women's Super League,2018/2019,711,479,232,0.3263009845288326,262,185,77,0.2938931297709923
19733,training,1c91edcda621694019a95980917185eb07a9ad08f9cd5919863255b607b33554,female|T4,female,4,2018,2018-09-30,FA Women's Super League,2018/2019,931,685,246,0.2642320085929108,604,460,144,0.23841059602649
16023,training,1cfcdd5fb652024a6f88ec5ae0f98d55ae0721a64f37a71845c80dda846ffacc,male|T4,male,4,2018,2018-10-07,La Liga,2018/2019,1316,1141,175,0.1329787234042553,728,633,95,0.1304945054945055
19735,training,63ab001815ef1e7742a978c0660a32ebf98d8287e17e7d0559d6d30cd5eb6dcb,female|T4,female,4,2018,2018-10-14,FA Women's Super League,2018/2019,1097,864,233,0.2123974475843209,568,473,95,0.1672535211267605
19737,training,b28ba90f4e39ffaae119e045591e70ac9865ee1a2a597b6cd6e0bef60c58abcd,female|T4,female,4,2018,2018-10-14,FA Women's Super League,2018/2019,721,497,224,0.3106796116504854,363,257,106,0.2920110192837465
19738,training,4b2270a0703499355b97abcddf2f00ebd7a24669b620d9eae6cc3180899d49c7,female|T4,female,4,2018,2018-10-14,FA Women's Super League,2018/2019,940,723,217,0.2308510638297872,645,523,122,0.1891472868217054
16029,training,9d88b99083ac3a43b16cd265d5d6f664ac9fc7971565c08e01291dd33b849eb9,male|T4,male,4,2018,2018-10-20,La Liga,2018/2019,869,723,146,0.1680092059838895,371,308,63,0.1698113207547169
19740,training,7befd64ca182e867460a5969673f44f6bee6ef0365bd53ac425695f0c2410603,female|T4,female,4,2018,2018-10-21,FA Women's Super League,2018/2019,713,483,230,0.3225806451612903,350,258,92,0.2628571428571428
19741,training,673813fa1cac4aa4eb89947d5e09deaf34a48a8f2717b9566778fca0acf0d357,female|T4,female,4,2018,2018-10-21,FA Women's Super League,2018/2019,781,574,207,0.2650448143405889,431,342,89,0.2064965197215777
19747,training,3b0c5164e56a68b43e88525a3af7d9140d020ba54694e4eb51cc2e0677c527ab,female|T4,female,4,2018,2018-10-26,FA Women's Super League,2018/2019,797,530,267,0.3350062735257214,461,337,124,0.2689804772234273
19744,training,9d90167f139bd3f7e6cbbf7f9572e54b5d16ec18abca01808dbf869012aa4f6d,female|T4,female,4,2018,2018-10-28,FA Women's Super League,2018/2019,974,770,204,0.2094455852156057,597,490,107,0.1792294807370184
19745,training,62fb781a37a5a64b4a169b21996737206375de2466c1d30bd550a9d832581f29,female|T4,female,4,2018,2018-10-28,FA Women's Super League,2018/2019,533,313,220,0.4127579737335834,213,141,72,0.3380281690140845
19748,training,037f457be6950f025c8826f68030b247af985bb83972e3716dce96cfb85e7b4a,female|T4,female,4,2018,2018-10-28,FA Women's Super League,2018/2019,844,612,232,0.2748815165876777,405,318,87,0.2148148148148148
19750,training,4e8d4027097ce98c250b120d609dc5da00bce814856a12ef0b53cb140f560e21,female|T4,female,4,2018,2018-11-04,FA Women's Super League,2018/2019,642,448,194,0.3021806853582554,351,262,89,0.2535612535612536
19751,training,20e1c13c07fc2affd6c62028503844c11bcc1a66f17e01081b89b81831869009,female|T4,female,4,2018,2018-11-04,FA Women's Super League,2018/2019,780,571,209,0.2679487179487179,265,209,56,0.2113207547169811
16056,training,6dd6ac0a3a1d58b4aa70104a4706f31cb9e2fe69a7e618e0b3c3ff755b72b5e4,male|T4,male,4,2018,2018-11-11,La Liga,2018/2019,887,748,139,0.1567080045095828,445,379,66,0.148314606741573
19761,training,3aa2f5c4e746c0b8caac4e026827e219ded5b6af5fd5fc27b22807a55eb45885,female|T4,female,4,2018,2018-11-17,FA Women's Super League,2018/2019,594,378,216,0.3636363636363636,265,187,78,0.2943396226415094
19759,training,956ed84c8394e404808278eaf0caba86070274a32b6442170f5d07c89918cee8,female|T4,female,4,2018,2018-11-18,FA Women's Super League,2018/2019,807,587,220,0.2726146220570012,454,358,96,0.211453744493392
19760,training,2f40b5d9189a971227a8a3b9d931973ec91ad9729f9b51519e547cebd9d3452b,female|T4,female,4,2018,2018-11-18,FA Women's Super League,2018/2019,827,645,182,0.2200725513905683,381,304,77,0.2020997375328084
19762,training,0f267528c28a79a76c099c9a0c3de15f0e7bd69732b3b7a314c3b00f13955cb8,female|T4,female,4,2018,2018-11-18,FA Women's Super League,2018/2019,765,537,228,0.2980392156862745,424,337,87,0.205188679245283
19763,training,21904f5776c3ac2708926c0075bb9e674d500e0421efd4820f8375f03f252e59,female|T4,female,4,2018,2018-11-18,FA Women's Super League,2018/2019,803,598,205,0.2552926525529265,425,323,102,0.24
16073,training,1891646060fe86f1b429ea3988bd148acd4dba1aa0427483fab53f68b565bf67,male|T4,male,4,2018,2018-11-24,La Liga,2018/2019,1034,895,139,0.1344294003868472,561,498,63,0.1122994652406417
19764,training,2f5476a5bf2261da59cd2f1e4aa0e0220f70d8cb2982e668cc50ce7acd071e76,female|T4,female,4,2018,2018-11-25,FA Women's Super League,2018/2019,945,709,236,0.2497354497354497,603,481,122,0.2023217247097844
19766,training,3e189844ce5b22bae2b41710e4147dce8a1dcffebd56a0d7708bfa1cdb0a8f3e,female|T4,female,4,2018,2018-11-25,FA Women's Super League,2018/2019,835,673,162,0.1940119760479041,488,405,83,0.1700819672131147
19767,training,928161c2e16ddff259f3a5bb56c81036bec6ee98f2f1bd1d369fcee2a9a4301a,female|T4,female,4,2018,2018-11-25,FA Women's Super League,2018/2019,761,506,255,0.3350854139290407,443,325,118,0.2663656884875846
16079,training,b64af7ed1e6deb698421c4989f1435bb325a8f066286fee0e64aae5752cdc62b,male|T4,male,4,2018,2018-12-02,La Liga,2018/2019,1072,941,131,0.1222014925373134,466,417,49,0.1051502145922746
19769,training,6b66e89ac96c4c40c6dc1c1d14098e8d1e87c1dcc7a399f6e8fd23fc3be050ce,female|T4,female,4,2018,2018-12-02,FA Women's Super League,2018/2019,720,487,233,0.3236111111111111,331,250,81,0.2447129909365558
19770,training,adff31de4361b1a5b89cfe0d2a6d9411a5016fb9a90230b5040d6af280852a14,female|T4,female,4,2018,2018-12-02,FA Women's Super League,2018/2019,861,673,188,0.2183507549361208,491,400,91,0.185336048879837
19772,training,43354c2b18a62a7ba98249bd572a3eb0cc6c63663b41286b5ebc67984a9efb3a,female|T4,female,4,2018,2018-12-02,FA Women's Super League,2018/2019,784,502,282,0.3596938775510204,414,293,121,0.2922705314009662
16086,training,4351cec3ccad8f8395da9f788217774e1a60af1fd88c2170d0c3e7959cefbb04,male|T4,male,4,2018,2018-12-08,La Liga,2018/2019,1032,874,158,0.1531007751937984,516,453,63,0.1220930232558139
19774,training,57d5015650d3b3dd6ccd31359b88d945c79ae99f70951d0b1a42bf8c9e9f1d15,female|T4,female,4,2018,2018-12-09,FA Women's Super League,2018/2019,685,454,231,0.3372262773722628,335,243,92,0.2746268656716418
19775,training,9059faf7251bcf377096691ee7644556fdad30c8e317bcf4e3105bbbf92e1ac8,female|T4,female,4,2018,2018-12-09,FA Women's Super League,2018/2019,889,590,299,0.3363329583802025,446,319,127,0.2847533632286995
19776,training,0702bc1dad9f71e9b856d5826cb6a06156af3ff5dbeee4d091ac8773e11d36e2,female|T4,female,4,2018,2018-12-09,FA Women's Super League,2018/2019,823,583,240,0.2916160388821385,358,263,95,0.2653631284916201
19777,training,6492c823ca481788f96507e035e4d5cb35eb79d9058452b53c1571831670b90a,female|T4,female,4,2018,2018-12-09,FA Women's Super League,2018/2019,738,525,213,0.2886178861788618,490,376,114,0.2326530612244897
19778,training,63d003581868a68fd7f427ddd5c7fc32436f4d351cc1d72ead88db21c59eaf70,female|T4,female,4,2018,2018-12-09,FA Women's Super League,2018/2019,994,828,166,0.1670020120724346,644,550,94,0.1459627329192546
16095,training,47fc8d349fbef79c9f178ddc3dfc5ed6988c9602aeb73638ec993c019bdef113,male|T4,male,4,2018,2018-12-16,La Liga,2018/2019,893,760,133,0.1489361702127659,468,406,62,0.1324786324786324
16109,training,9cc8efc360c20b883e7bddff0fbb0ab1dfe524663de880b6c6deb4e787066bc5,male|T4,male,4,2018,2018-12-22,La Liga,2018/2019,1033,884,149,0.1442400774443369,544,471,73,0.1341911764705882
16120,training,9c5420420a18002f3db8ef99d5dcfb36fb35f2ddf2027f60de7b0580803dc3a4,male|T4,male,4,2019,2019-01-06,La Liga,2018/2019,926,791,135,0.1457883369330453,450,395,55,0.1222222222222222
19779,training,7d94c6f3e414c56dd93340d6858f0da58805ec53e2e8d8201ffa745b950001a3,female|T4,female,4,2019,2019-01-06,FA Women's Super League,2018/2019,881,689,192,0.2179341657207718,524,429,95,0.1812977099236641
19780,training,14bae09f2b8fefa2b29abcd97aec2abf395ab4730f694728eb27fe30af8669a9,female|T4,female,4,2019,2019-01-06,FA Women's Super League,2018/2019,734,515,219,0.2983651226158038,399,307,92,0.2305764411027568
19781,training,80ae4b177f7e1e796294fb5dae7aff49e3da28247eaa932cbb6678bb81a96aad,female|T4,female,4,2019,2019-01-06,FA Women's Super League,2018/2019,792,595,197,0.2487373737373737,425,329,96,0.2258823529411764
19782,training,1e4129340bc9775be5e0ae3f2c6fde1c5afdf1085116b184656a4ec5ff05c507,female|T4,female,4,2019,2019-01-06,FA Women's Super League,2018/2019,641,396,245,0.3822152886115444,324,231,93,0.287037037037037
19784,training,a54dd90af2bbf27957ba8777b25cc7d2d70718284faf46b16dc08abeb04263b9,female|T4,female,4,2019,2019-01-13,FA Women's Super League,2018/2019,618,404,214,0.3462783171521035,337,253,84,0.2492581602373887
19785,training,66b7569006d6bd5430fec95e87856ecd3060c4e1d5160bffd85cd24b4944846e,female|T4,female,4,2019,2019-01-13,FA Women's Super League,2018/2019,794,570,224,0.2821158690176322,387,291,96,0.2480620155038759
19786,training,9529fbc5aa68cc941386bf392b4749b056978d3ab1964eb9e4593c8f1c6ccfc9,female|T4,female,4,2019,2019-01-13,FA Women's Super League,2018/2019,764,554,210,0.2748691099476439,371,281,90,0.2425876010781671
19787,training,3acd809331b274cbe8cb91126532c10cab9b4898a1c07079e8a445c78ceadd72,female|T4,female,4,2019,2019-01-13,FA Women's Super League,2018/2019,690,511,179,0.2594202898550725,348,268,80,0.2298850574712643
19788,training,8ee229142a1428db132a1e805536c07cfcaf120b8af53c0e7f4f867c4319d308,female|T4,female,4,2019,2019-01-13,FA Women's Super League,2018/2019,660,444,216,0.3272727272727272,384,277,107,0.2786458333333333
16136,training,7510ad71db1fffb693675ff0ad1c3ce48bbfb9737956dab76e592933ee240492,male|T4,male,4,2019,2019-01-20,La Liga,2018/2019,1055,866,189,0.1791469194312796,560,467,93,0.1660714285714285
19789,training,80539381a4b7ba817ab3f3294e402d761cc79f537b3f68edb5abe6c35e082db9,female|T4,female,4,2019,2019-01-27,FA Women's Super League,2018/2019,922,698,224,0.2429501084598698,503,408,95,0.1888667992047713
19790,training,63faf2860f48efa48fdf66f6f426f47a5733a632c7a3de056c2fd83aeac09a3b,female|T4,female,4,2019,2019-01-27,FA Women's Super League,2018/2019,929,747,182,0.1959095801937567,471,398,73,0.1549893842887473
19791,training,a8afc5c7db8269b8eb7f950ec8c2eceb2dd4db79cf005240f40f1399e64eda93,female|T4,female,4,2019,2019-01-27,FA Women's Super League,2018/2019,683,501,182,0.2664714494875549,381,292,89,0.2335958005249344
19792,training,6d528eca3dad90be84bbdf20d5354303696a4942ee6906b7fc8c8b1993c1c5cd,female|T4,female,4,2019,2019-01-27,FA Women's Super League,2018/2019,636,398,238,0.3742138364779874,326,226,100,0.3067484662576687
16157,training,bcf5af38bcdb817d0f101b29e95206c4bbe1a61fab7472f12180202f20dcb42d,male|T4,male,4,2019,2019-02-02,La Liga,2018/2019,1127,980,147,0.1304347826086956,678,598,80,0.1179941002949852
16173,training,3420a564f8b5b9ffe5762b6187e89b1a8b19edf61be378bf25988af2f844c8ef,male|T4,male,4,2019,2019-02-10,La Liga,2018/2019,1014,856,158,0.155818540433925,435,375,60,0.1379310344827586
19755,training,4f65aa9e0a1d312b0b91839e34e32c67ecf500a38776d129bd681cb249eda918,female|T4,female,4,2019,2019-02-10,FA Women's Super League,2018/2019,802,585,217,0.270573566084788,348,268,80,0.2298850574712643
19757,training,a3641f02e71f37f1c2f0b2b11d89dec06eea9e1e9574585ba2e4fd405e65dd23,female|T4,female,4,2019,2019-02-10,FA Women's Super League,2018/2019,676,425,251,0.371301775147929,289,202,87,0.301038062283737
16182,training,70fa4a7295ca7ea06335080d9db513892ab146ab95529d78c7c0564e57c23262,male|T4,male,4,2019,2019-02-16,La Liga,2018/2019,1144,969,175,0.1529720279720279,664,567,97,0.1460843373493976
19795,training,5a481b5e987f062041aebb60c807ec8dbb7258cd26d6a0c1df6124248c346e7f,female|T4,female,4,2019,2019-02-20,FA Women's Super League,2018/2019,633,391,242,0.382306477093207,352,238,114,0.3238636363636363
19796,training,95ddd16167f4888ba63c86ea2c6c04c8f16c599e0551f25cad08a7a265057797,female|T4,female,4,2019,2019-02-20,FA Women's Super League,2018/2019,918,665,253,0.275599128540305,395,290,105,0.2658227848101265
19797,training,8c287f426b508185d6102ad81f58a4865addc2315b2439263d544a0e124ef574,female|T4,female,4,2019,2019-02-20,FA Women's Super League,2018/2019,783,609,174,0.2222222222222222,310,250,60,0.1935483870967742
19798,training,942b982a8ec373fcc64e69b01d958e1b06bab869e24430f64af9ff4314f2944f,female|T4,female,4,2019,2019-02-20,FA Women's Super League,2018/2019,826,625,201,0.2433414043583535,349,288,61,0.1747851002865329
19802,training,44a8e0ca1f56f2839f82e231118a1d730aa078c32a68b7427a41002014535afa,female|T4,female,4,2019,2019-03-13,FA Women's Super League,2018/2019,561,346,215,0.3832442067736185,271,188,83,0.3062730627306273
19803,training,6470146e4a35911e21523798eebc1cc8b1ebc2ede6ee7386bc75a943b41561fd,female|T4,female,4,2019,2019-03-13,FA Women's Super League,2018/2019,640,437,203,0.3171875,256,186,70,0.2734375
19800,training,919392143834369be0083221d088ffe03e7759e06ea056118bf3eb8b9c75aad9,female|T4,female,4,2019,2019-03-14,FA Women's Super League,2018/2019,867,691,176,0.2029988465974625,500,415,85,0.17
16215,training,b58a9c16c15125fb524741889bbc553d3de58346608d69596863ed280b0f6353,male|T4,male,4,2019,2019-03-17,La Liga,2018/2019,1034,894,140,0.1353965183752417,593,514,79,0.133220910623946
19729,training,8726bd21053bdeb5281593d0c6a024bd247e02c0525ca5db71d9dbe16cb3a692,female|T4,female,4,2019,2019-03-24,FA Women's Super League,2018/2019,695,470,225,0.3237410071942446,356,261,95,0.2668539325842696
19754,training,4ff30f03a3124a0c86ab223d9f1df1439bdbbdee90a79e1d855c43a725cfde1e,female|T4,female,4,2019,2019-03-24,FA Women's Super League,2018/2019,935,749,186,0.1989304812834224,489,405,84,0.1717791411042944
16231,training,8953bab7caccc9fb049fe7e89e2a43a6a6165744b04cfd72387d7873f4fc481b,male|T4,male,4,2019,2019-03-30,La Liga,2018/2019,970,802,168,0.1731958762886598,481,412,69,0.1434511434511434
19804,training,abe2c08b439372908486a883de399faf0c0179551ce0711a95f699e1645eda7f,female|T4,female,4,2019,2019-03-31,FA Women's Super League,2018/2019,697,512,185,0.2654232424677188,358,271,87,0.2430167597765363
19805,training,952fe37fafab2641c06f18025bc9ee617fb9e17c37316f30b3fa53a09a6e12d8,female|T4,female,4,2019,2019-03-31,FA Women's Super League,2018/2019,736,508,228,0.3097826086956521,293,210,83,0.2832764505119454
16240,training,84d109032b2fb95e2f42c11b49591ab9b4d81f132b1d10a9e749ad849bb3269f,male|T4,male,4,2019,2019-04-02,La Liga,2018/2019,976,842,134,0.1372950819672131,387,334,53,0.1369509043927648
16248,training,5ef1124390f0ab58b160f5ca0151ef72fda533eb91d854f275270363c2013993,male|T4,male,4,2019,2019-04-06,La Liga,2018/2019,1114,973,141,0.1265709156193895,604,534,70,0.1158940397350993
19756,training,1697157c73080743ae18b62d906b001aca0bbd17cb357bf39d37f2c3594c65c5,female|T4,female,4,2019,2019-04-17,FA Women's Super League,2018/2019,585,358,227,0.388034188034188,261,187,74,0.2835249042145594
19758,training,945e745e7e4fccc5d8cb6d50ef0c09841b0cfab376fb943e39b5d138f768c5fa,female|T4,female,4,2019,2019-04-17,FA Women's Super League,2018/2019,752,564,188,0.25,393,306,87,0.2213740458015267
16265,training,b4248a4b2e8ead4eb4c330f1ce5a686fdbbbee43dfeb94889c09f1e6e2574b3a,male|T4,male,4,2019,2019-04-20,La Liga,2018/2019,1038,850,188,0.1811175337186898,599,502,97,0.1619365609348914
19809,training,17036b21952b9b34841e32914bc2638a09385f27045f1e6e6b5b5cc7de37144e,female|T4,female,4,2019,2019-04-20,FA Women's Super League,2018/2019,696,521,175,0.2514367816091954,385,313,72,0.187012987012987
19810,training,7dcfd214d999ee158045a9bbff5df8ecb90c67e166ded6f68cf0ca72ee2e0475,female|T4,female,4,2019,2019-04-21,FA Women's Super League,2018/2019,650,410,240,0.3692307692307692,350,240,110,0.3142857142857143
19811,training,ac1bd1cc7968549ce22ef5f71e622401783d7cfe326f3c2493aa671cd5e7f37c,female|T4,female,4,2019,2019-04-21,FA Women's Super League,2018/2019,828,649,179,0.216183574879227,389,319,70,0.1799485861182519
19813,training,ae4f618da6a1d940522fa319938235192393097f78ed8851c2ce15598e82608b,female|T4,female,4,2019,2019-04-21,FA Women's Super League,2018/2019,795,602,193,0.2427672955974842,398,318,80,0.2010050251256281
16275,training,2aac76400b2042147b07cbcfd6632a1f79af5be79701f10de65c210eede02f5c,male|T4,male,4,2019,2019-04-23,La Liga,2018/2019,973,818,155,0.1593011305241521,443,379,64,0.1444695259593679
16289,training,9f14d1b3783075129e3fc3f6f468eec0a37f0b5815e0d0632e5003b7401a3d69,male|T4,male,4,2019,2019-04-27,La Liga,2018/2019,954,797,157,0.1645702306079664,445,384,61,0.1370786516853932
19814,training,6b0a4de1cd62e79563dcaa9ef15385fa9460585df2608562fd990602a5dcc6ba,female|T4,female,4,2019,2019-04-28,FA Women's Super League,2018/2019,719,494,225,0.3129346314325452,344,258,86,0.25
19815,training,020d18144bf8f3692fa5b8cbd61b927825f153a2428c012162ee29121d41b3b2,female|T4,female,4,2019,2019-04-28,FA Women's Super League,2018/2019,886,708,178,0.200902934537246,440,371,69,0.1568181818181818
19818,training,2d6d1d63dee450ad6d7450d541eddf047e8fc02be0a66799d7a9be692e2fc68e,female|T4,female,4,2019,2019-04-28,FA Women's Super League,2018/2019,860,677,183,0.2127906976744186,511,415,96,0.1878669275929549
19819,training,730336d58b3abeb3aa549fd2a5e14647ae2239f5aca1d7e2a3ff5aa5bad4e1da,female|T4,female,4,2019,2019-05-11,FA Women's Super League,2018/2019,764,534,230,0.3010471204188482,384,281,103,0.2682291666666667
19821,training,68bcce4f4991af7e4e11679577fd1c0c71e7a7ed74e31e05ff1fa76e66ce8d86,female|T4,female,4,2019,2019-05-11,FA Women's Super League,2018/2019,920,756,164,0.1782608695652174,485,408,77,0.1587628865979381
16306,training,746e554aa45e040d645e43d77f332177d105bd2c96161c7c0bb15fcb2b80a703,male|T4,male,4,2019,2019-05-12,La Liga,2018/2019,1103,908,195,0.1767905711695376,407,335,72,0.1769041769041769
22924,training,55963e27822b95007d8372aa63518d098a85358e6c051bafbf25b9dc5e951bc3,female|T4,female,4,2019,2019-06-08,Women's World Cup,2019,707,506,201,0.2842998585572843,440,339,101,0.2295454545454545
22926,training,1ac9e367690e17227434fa06cd4d56f387db8233aa1c2b2bb0ef6ee736e1ff3e,female|T4,female,4,2019,2019-06-08,Women's World Cup,2019,766,518,248,0.3237597911227154,361,261,100,0.2770083102493075
22930,training,711e281d9ea395a80bec1ac4e13868f2d2f9098554fc06ec3b22309d25854bee,female|T4,female,4,2019,2019-06-08,Women's World Cup,2019,751,554,197,0.2623169107856192,431,335,96,0.222737819025522
22933,training,9db3c9748e3ef814159490dbe2e6f62db972a3113dff672aa9ceb542db1a609b,female|T4,female,4,2019,2019-06-09,Women's World Cup,2019,678,481,197,0.2905604719764011,283,222,61,0.215547703180212
22934,training,5d7e0cae451d98a37a22adc23deb17b934b0a1a183d396fee69325b8d03baa2b,female|T4,female,4,2019,2019-06-09,Women's World Cup,2019,671,481,190,0.2831594634873323,339,254,85,0.2507374631268436
22936,training,2e5d0522143a7efe140a5538511963b27b6750b192ac78784019b62a13788f1e,female|T4,female,4,2019,2019-06-09,Women's World Cup,2019,893,728,165,0.1847704367301231,490,412,78,0.1591836734693877
22939,training,4bf1f23159c97376f4efaec0baf644d1e08331f0f29ec84e08a7f1b3e3e82841,female|T4,female,4,2019,2019-06-10,Women's World Cup,2019,736,538,198,0.2690217391304347,416,339,77,0.1850961538461538
22942,training,6522aa438bb2e4561884b1741ae536caea74f699829ae6a69e281e730d797189,female|T4,female,4,2019,2019-06-11,Women's World Cup,2019,953,727,226,0.2371458551941238,476,386,90,0.1890756302521008
22943,training,8c0120a83980361f7ca6c66e6c7d9899091cf8524f60e02351cc9567a29b656d,female|T4,female,4,2019,2019-06-11,Women's World Cup,2019,865,652,213,0.2462427745664739,541,432,109,0.2014787430683918
22944,training,34631869fd3926ff339bdcee2905920a515cde9fd875fe211779f2e8df307220,female|T4,female,4,2019,2019-06-11,Women's World Cup,2019,753,564,189,0.250996015936255,425,333,92,0.2164705882352941
22945,training,8dd0ad491f1c4ba4fcf9e054ae0cf4cf787c51810f4f73b1a6c16a7b89043dde,female|T4,female,4,2019,2019-06-12,Women's World Cup,2019,765,601,164,0.2143790849673202,370,298,72,0.1945945945945946
22948,training,9a7eb0b8abb61954b5a552e72a0fc8ac155aa5d68111e23a84cd67b8fb12652a,female|T4,female,4,2019,2019-06-12,Women's World Cup,2019,688,478,210,0.3052325581395348,344,262,82,0.2383720930232558
22955,training,869b92c61dc5e3acc51043cf886b547744d74ff56bbafc4756c14cec703dad0d,female|T4,female,4,2019,2019-06-13,Women's World Cup,2019,852,655,197,0.2312206572769953,445,354,91,0.2044943820224719
22961,training,78461a4c2045cda1b159a4d5fab23c036929dcf2927a3217059b47aac08e69f8,female|T4,female,4,2019,2019-06-14,Women's World Cup,2019,906,742,164,0.1810154525386313,476,412,64,0.134453781512605
22962,training,6818bc986075cc463f211d5e9eb62ccd1884312dda87acc26a0112d0a8356cdf,female|T4,female,4,2019,2019-06-14,Women's World Cup,2019,744,557,187,0.2513440860215054,384,308,76,0.1979166666666666
22963,training,33136f5b42a314d54521d18c164d94e3d1c79caa516e17c90baf300fcf269dc7,female|T4,female,4,2019,2019-06-14,Women's World Cup,2019,754,574,180,0.2387267904509283,457,367,90,0.1969365426695842
22964,training,72f94cbd88f2625a5c7941a48b3ff231903979f0985faad7d12fb567451d30ab,female|T4,female,4,2019,2019-06-15,Women's World Cup,2019,778,553,225,0.2892030848329049,422,306,116,0.2748815165876777
22966,training,6ea8414cd1d2810fd6e44a3acc9d74967bab51f907315a8854c848f8b35d03b0,female|T4,female,4,2019,2019-06-15,Women's World Cup,2019,853,657,196,0.2297772567409144,447,362,85,0.1901565995525727
22973,training,7e38dd94972b723e6f3890471707a5f69b789ee93051d874fa5e617c02b3df78,female|T4,female,4,2019,2019-06-16,Women's World Cup,2019,823,662,161,0.1956257594167679,483,404,79,0.1635610766045548
22974,training,053f09d3b356081fa4d534c1131a334b47bf4afebe85acd2e194bc0417516482,female|T4,female,4,2019,2019-06-16,Women's World Cup,2019,776,627,149,0.1920103092783505,423,359,64,0.1513002364066193
22983,training,8093961c83d173b9ef87153c3353650e1a8bb953e4bdb6229d0d7a650793a0f1,female|T4,female,4,2019,2019-06-17,Women's World Cup,2019,838,606,232,0.2768496420047732,492,376,116,0.2357723577235772
22984,training,02c122e3f0f35969c9572277b39c8e0fa02575977e03bc6062eaa0a110a4b6c7,female|T4,female,4,2019,2019-06-17,Women's World Cup,2019,899,707,192,0.2135706340378198,589,476,113,0.1918505942275042
68311,training,a6951b1cf734236615437d76e6e912d7b928e5d2cfb404765c30a00223e422b4,female|T4,female,4,2019,2019-06-18,Women's World Cup,2019,873,681,192,0.2199312714776632,410,329,81,0.1975609756097561
68312,training,8e5fd4f9299d008ee81c80262c5a4ed4d2c86b261315e3643bb583ce3a129bde,female|T4,female,4,2019,2019-06-18,Women's World Cup,2019,699,537,162,0.2317596566523605,287,231,56,0.1951219512195122
68337,training,62361f5edd7a638f098b031efed6c2160fb7704c83cfcb2d07ff4439305fb0a7,female|T4,female,4,2019,2019-06-19,Women's World Cup,2019,991,800,191,0.1927346115035318,525,442,83,0.1580952380952381
68338,training,65fd295e8b0fa191f82b11ccb2af7b4d71fcfcddfc62c6c7c301239b73d8c03a,female|T4,female,4,2019,2019-06-19,Women's World Cup,2019,679,492,187,0.2754050073637702,340,265,75,0.2205882352941176
68344,training,af1cc36c1236ae51b645960a00cddb90ed62dea64dedddae3f3a842bd7c1c576,female|T4,female,4,2019,2019-06-20,Women's World Cup,2019,786,582,204,0.2595419847328244,393,310,83,0.2111959287531806
68346,training,283c10bc2409022e755bd2b9296089d808fb09f13b1b697a6fae8efe238ccf97,female|T4,female,4,2019,2019-06-20,Women's World Cup,2019,712,462,250,0.351123595505618,294,210,84,0.2857142857142857
68355,training,2f7897d76c8a2ac593be099617e4f9aca457ced79c85025677a6ba063ea956c7,female|T4,female,4,2019,2019-06-22,Women's World Cup,2019,574,411,163,0.28397212543554,250,188,62,0.248
68357,training,32cca01b998fa2ba065b3d8480968a39e51bed26e42371cd490ec717e68b6a19,female|T4,female,4,2019,2019-06-22,Women's World Cup,2019,1106,832,274,0.2477396021699819,605,483,122,0.2016528925619834
69137,training,5f1a260e3cbef17e744dda64a5214814cb12add20ca128db8c487b19c2992e54,female|T4,female,4,2019,2019-06-23,Women's World Cup,2019,823,595,228,0.2770352369380316,413,308,105,0.2542372881355932
69161,training,370027850c07f92bc79931470e81aa7d0b5b3db26f852c20a1c7865efb3eec86,female|T4,female,4,2019,2019-06-24,Women's World Cup,2019,696,525,171,0.2456896551724137,368,299,69,0.1875
69163,training,1669478df50ebd6f7d2acbfe52103078879b39deb8dd8c224ae917738d8d5db8,female|T4,female,4,2019,2019-06-24,Women's World Cup,2019,832,614,218,0.2620192307692308,412,330,82,0.1990291262135922
69191,training,2408bae7b2163246b52900fe285fb4aff9779412ed99b6323492a6083cbd51fe,female|T4,female,4,2019,2019-06-25,Women's World Cup,2019,813,582,231,0.2841328413284132,425,320,105,0.2470588235294117
69199,training,09f9f29cc170d7d2b4b5c9f0db5ee843a39e94e58ef6778042c32809945dc0aa,female|T4,female,4,2019,2019-06-27,Women's World Cup,2019,891,711,180,0.202020202020202,583,499,84,0.144082332761578
69202,training,11c53123199ae34eb7ca184e0c3083d5aecbd3ab66f029355652088fb761ac5f,female|T4,female,4,2019,2019-06-28,Women's World Cup,2019,710,509,201,0.2830985915492958,350,261,89,0.2542857142857143
69208,training,074b11615c0a4e2d7ebb5fe3d78b5fabcded0df3f37f2108c2260f866b482ae9,female|T4,female,4,2019,2019-06-29,Women's World Cup,2019,802,587,215,0.2680798004987531,388,306,82,0.211340206185567
69258,training,4f7e8014d37018b67d82bb295bb5a2574b0167485da76783b9ce73a4516fd530,female|T4,female,4,2019,2019-07-02,Women's World Cup,2019,768,560,208,0.2708333333333333,404,319,85,0.2103960396039604
69301,training,34983738b69f862c0689c3995f9ab632d69251c37f5e6dc31c95777db1ede55b,female|T4,female,4,2019,2019-07-06,Women's World Cup,2019,815,615,200,0.2453987730061349,474,368,106,0.2236286919831223
69321,training,a77612f9afeb5c47f7cf0741f0faa3778db21026b3da5984d5ea1977bce56560,female|T4,female,4,2019,2019-07-07,Women's World Cup,2019,721,500,221,0.3065187239944521,375,274,101,0.2693333333333333
2275061,training,9faf9fe3aec4b5cb65eca0b13bd11b9a51300dc69913cab7bc8a4d8aa3cda5e8,female|T4,female,4,2019,2019-09-07,FA Women's Super League,2019/2020,690,472,218,0.3159420289855073,447,326,121,0.2706935123042505
2275136,training,30e2ff79adc229d65bd9fb0d3262185af8042a2d52d9fbd8266844b3f0652489,female|T4,female,4,2019,2019-09-07,FA Women's Super League,2019/2020,884,710,174,0.1968325791855203,481,409,72,0.1496881496881497
2275096,training,282dbe111dc918109b6e6d79439c91e29bb900a419a503403081def36451155e,female|T4,female,4,2019,2019-09-08,FA Women's Super League,2019/2020,907,747,160,0.1764057331863285,561,480,81,0.1443850267379679
2275099,training,b04046d865e477ceb0a6ace4ad2162a4427f3e39da643f28973ab0acac51174e,female|T4,female,4,2019,2019-09-08,FA Women's Super League,2019/2020,713,505,208,0.2917251051893408,354,273,81,0.2288135593220339
2275120,training,7140b075aefdb5645fbbbdfc3e0931a9a9119a0909462622388c4be02d718445,female|T4,female,4,2019,2019-09-08,FA Women's Super League,2019/2020,721,522,199,0.276005547850208,413,319,94,0.2276029055690072
2275132,training,3212699c9a62f64e3d4b4355aaed9923ca82a09282019829a20cf16e22e37a40,female|T4,female,4,2019,2019-09-08,FA Women's Super League,2019/2020,826,678,148,0.1791767554479419,480,415,65,0.1354166666666666
2275034,training,640ed86b9a60eaf3f6bfe26cc6df9bf792a4c9e732efe943d76ad263350e6eb4,female|T4,female,4,2019,2019-09-15,FA Women's Super League,2019/2020,786,615,171,0.2175572519083969,341,284,57,0.1671554252199413
2275094,training,a9c05721a2ec8b2d910f6a7d65854b78de15c53d3eed59f570dcd876640694d1,female|T4,female,4,2019,2019-09-15,FA Women's Super League,2019/2020,698,526,172,0.2464183381088825,338,271,67,0.1982248520710059
2275107,training,6204cb085fafba3d16338e22d8b1ba0815ada105f93c7b623fc861fdcc5f4257,female|T4,female,4,2019,2019-09-15,FA Women's Super League,2019/2020,925,712,213,0.2302702702702702,548,447,101,0.1843065693430657
2275156,training,7070f93ee9a5866c5ee6335cc1d3512a394c1677f1fcc70908ef2d2d63ec9487,female|T4,female,4,2019,2019-09-16,FA Women's Super League,2019/2020,904,720,184,0.2035398230088495,396,324,72,0.1818181818181818
303666,training,6c3f8b71273b96e52562bc7b17022fc57f151e87c80ea2b77f1e1c17711e3fd5,male|T4,male,4,2019,2019-09-21,La Liga,2019/2020,844,703,141,0.1670616113744076,312,253,59,0.1891025641025641
303430,training,00c7fa2296a8db61221978e832fda7175787b9f63e8af470f58f20c92b210379,male|T4,male,4,2019,2019-09-24,La Liga,2019/2020,1097,949,148,0.1349134001823154,542,478,64,0.1180811808118081
2275138,training,0e6a89b22ec5d1de6514067680827769c926d480680d8ba3d61570f997c2f405,female|T4,female,4,2019,2019-09-28,FA Women's Super League,2019/2020,707,536,171,0.2418670438472418,341,280,61,0.1788856304985337
2275048,training,a48687d127953b4c3c89c63276ac4aac0986f64505e0402290c10c1ff80819eb,female|T4,female,4,2019,2019-09-29,FA Women's Super League,2019/2020,593,417,176,0.296795952782462,266,201,65,0.244360902255639
2275108,training,89d2b7d035e87c1771d677e51769944fe3decc878aa74372769c3650dee0ca88,female|T4,female,4,2019,2019-09-29,FA Women's Super League,2019/2020,817,629,188,0.230110159118727,349,280,69,0.1977077363896848
2275121,training,6c6d71019031b25ca1a91419cce575e8f7aa4bd6c07c776fb0ea36091d10f05e,female|T4,female,4,2019,2019-09-29,FA Women's Super League,2019/2020,1158,970,188,0.1623488773747841,673,578,95,0.1411589895988113
303473,training,988897d80faff13110b67b402a6c70ade8728cf3b1fe0eabce05e18ae4019fa5,male|T4,male,4,2019,2019-10-06,La Liga,2019/2020,971,843,128,0.1318228630278063,499,446,53,0.1062124248496994
2275028,training,a78d7d825f8a6ade6175c19e5c2d0c7b46cd9903af12c52137d3cb11788e618a,female|T4,female,4,2019,2019-10-12,FA Women's Super League,2019/2020,973,819,154,0.158273381294964,552,482,70,0.1268115942028985
2275040,training,af7d367e8a3ca630573f84fa00d1cb910c935a658b45ebeb500662756fbb9f09,female|T4,female,4,2019,2019-10-13,FA Women's Super League,2019/2020,695,483,212,0.3050359712230215,311,232,79,0.2540192926045016
2275063,training,a4d3f30217abdafe9b1a70b60cf975953343a152e03b7007877847cdc01daf9c,female|T4,female,4,2019,2019-10-13,FA Women's Super League,2019/2020,930,738,192,0.2064516129032258,470,385,85,0.1808510638297872
2275070,training,42bb30f92fadf72c7117d5dfb16c8b60789c6fb261e0cff7f53d5ab0380b6898,female|T4,female,4,2019,2019-10-13,FA Women's Super League,2019/2020,709,492,217,0.306064880112835,376,285,91,0.2420212765957446
303700,training,2825f3d96b077f1336bf09ecaa64d14cd2a181674054eab1cc6bbc1d9d96db91,male|T4,male,4,2019,2019-10-19,La Liga,2019/2020,1009,825,184,0.1823587710604559,483,401,82,0.1697722567287784
2275051,training,135bf4a27f4af0ddb2395a8a5217f37c138cd2051174cb97f107a1dd6cc144b5,female|T4,female,4,2019,2019-10-27,FA Women's Super League,2019/2020,633,413,220,0.3475513428120063,287,205,82,0.2857142857142857
2275084,training,466497785a40ea2d7898f8894872a118c0176a4018ff2f73ab2b99221ba3cdd3,female|T4,female,4,2019,2019-10-27,FA Women's Super League,2019/2020,796,582,214,0.2688442211055276,396,305,91,0.2297979797979798
2275110,training,90839b1d287a3f5dd38e1cc1ed61af22946d94f7f55c97d780fce4932c5719a1,female|T4,female,4,2019,2019-10-27,FA Women's Super League,2019/2020,755,566,189,0.2503311258278146,425,343,82,0.1929411764705882
2275157,training,a93934a7388fe237405b794e4e9c3d753b0548e31edafadd44f1fe5eaf4dab1f,female|T4,female,4,2019,2019-10-27,FA Women's Super League,2019/2020,545,324,221,0.4055045871559633,177,116,61,0.3446327683615819
303600,training,0723527285064ec777830b9b59f7ed9be4e7488a77eaf8ac7c11f1c97897e9c4,male|T4,male,4,2019,2019-10-29,La Liga,2019/2020,1010,849,161,0.1594059405940594,414,351,63,0.1521739130434782
303504,training,1a5c3885d10087cbb889fbca5600cb31644c7423d1b1ef943ecd6e3a84412095,male|T4,male,4,2019,2019-11-02,La Liga,2019/2020,987,836,151,0.1529888551165147,538,466,72,0.1338289962825278
303487,training,58966bfaa5fa1f27b68740bd1d60d884fcaa87359fc4ceb0a310c11d91c6041c,male|T4,male,4,2019,2019-11-09,La Liga,2019/2020,1077,929,148,0.1374187558031569,624,558,66,0.1057692307692307
2275042,training,94e3585eb3496c6c53f514c67efe27875d66a6c821a993bbbd6b0ca2cc564fb6,female|T4,female,4,2019,2019-11-17,FA Women's Super League,2019/2020,820,654,166,0.2024390243902439,407,343,64,0.1572481572481572
2275056,training,0bbe44a3f4fcd08d14f23a39171777eafddc2dbe4de6f5c92ecf38df70c3c204,female|T4,female,4,2019,2019-11-17,FA Women's Super League,2019/2020,783,570,213,0.2720306513409962,428,342,86,0.2009345794392523
2275065,training,0fadadae6d7a7e4e95f09825ce7a2bc0085a10da2df8bee90681d35c8af88b30,female|T4,female,4,2019,2019-11-17,FA Women's Super League,2019/2020,784,613,171,0.2181122448979592,470,376,94,0.2
2275082,training,96dfe764b451e5d47968c32bdde2d91a9449d422522b21f1b266c74cb319d85b,female|T4,female,4,2019,2019-11-17,FA Women's Super League,2019/2020,901,736,165,0.1831298557158712,541,463,78,0.144177449168207
2275122,training,7c7cdc215054e8efb34b3726b47babdf0539e509fbfd46a646cb900c082d0ec8,female|T4,female,4,2019,2019-11-17,FA Women's Super League,2019/2020,799,557,242,0.3028785982478097,391,292,99,0.2531969309462916
2275154,training,30afbf70ac1280ea300c3125425ca274e44f48a0545cd9f10a0b3af1d051afb7,female|T4,female,4,2019,2019-11-17,FA Women's Super League,2019/2020,736,554,182,0.2472826086956521,309,247,62,0.2006472491909385
2275049,training,991e90ab920c29cf8b7c7ac4c551deb4b4b918f4ef9dd34c67ab0b299431e521,female|T4,female,4,2019,2019-11-24,FA Women's Super League,2019/2020,590,387,203,0.3440677966101695,251,179,72,0.2868525896414343
2275079,training,4bca63662b57367717b1c22787f4f2a910c1007615baf5e84af3806d1cb111ae,female|T4,female,4,2019,2019-11-24,FA Women's Super League,2019/2020,958,782,176,0.1837160751565762,530,450,80,0.1509433962264151
2275093,training,3248fc0adfc2f90d1ec03abf0e38af7da9231b808df28100d74670eef6a939c7,female|T4,female,4,2019,2019-11-24,FA Women's Super League,2019/2020,871,701,170,0.1951779563719862,427,359,68,0.1592505854800937
2275126,training,489da1406833e21dbc8411d67f16088d68e9c066f0f206ba8957580d53ad4cab,female|T4,female,4,2019,2019-11-24,FA Women's Super League,2019/2020,727,517,210,0.2888583218707015,355,279,76,0.2140845070422535
303524,training,6ae0312a5bbaef7bd4335a924b9dea3a4f5e948f055ecea67166f8f10892bfdf,male|T4,male,4,2019,2019-12-01,La Liga,2019/2020,1006,850,156,0.1550695825049702,404,359,45,0.1113861386138613
303451,training,3cd58dfcf5c53480742a234477f72cba406b3eb3e464c7932bc8fd430bd97b38,male|T4,male,4,2019,2019-12-07,La Liga,2019/2020,1064,923,141,0.1325187969924812,502,435,67,0.1334661354581673
2275091,training,9e47fa7b8926bf883dbe8b0a7e97bd611289cf799dbfbb98689c9071d7e00d10,female|T4,female,4,2019,2019-12-08,FA Women's Super League,2019/2020,791,560,231,0.2920353982300885,401,319,82,0.2044887780548628
2275130,training,5a4279a8947b02ec1e4fdd4d4b76576e7ca4cf7d024bebcc586083c372e79fa2,female|T4,female,4,2019,2019-12-08,FA Women's Super League,2019/2020,865,658,207,0.2393063583815028,497,401,96,0.193158953722334
2275146,training,20c34c78d27049425d6c636f6c65812011d72913d10efa6721f4b5b678a482a3,female|T4,female,4,2019,2019-12-08,FA Women's Super League,2019/2020,833,592,241,0.2893157262905162,408,305,103,0.2524509803921568
303664,training,afec67a592bf330d83bdadf6793b28512aae7af00b98e658ae6fe4fd1f279ccf,male|T4,male,4,2019,2019-12-14,La Liga,2019/2020,1063,925,138,0.1298212605832549,441,391,50,0.1133786848072562
2275045,training,79a24f8475478faca0a9d518a173adc6b78dfbcc14ae2e4040382d0fdf806582,female|T4,female,4,2019,2019-12-15,FA Women's Super League,2019/2020,734,492,242,0.329700272479564,408,284,124,0.3039215686274509
2275075,training,6e803bada97d4c59396c034b4e605efc35907bf619b51615055ecce65bd32a0b,female|T4,female,4,2019,2019-12-15,FA Women's Super League,2019/2020,653,446,207,0.3169984686064318,314,234,80,0.2547770700636942
2275097,training,76c1b7185828362adc6b96734d0daaba05d2a56613704d7ddf99ce43a885b487,female|T4,female,4,2019,2019-12-15,FA Women's Super League,2019/2020,852,676,176,0.2065727699530516,484,403,81,0.1673553719008264
2275117,training,6e4d2e13dccff51cc9c54e5f97021af996fd718aa1640567263796db3bd275c7,female|T4,female,4,2019,2019-12-15,FA Women's Super League,2019/2020,1012,793,219,0.2164031620553359,536,441,95,0.1772388059701492
303517,training,78bff1ef239071b8297365044be9db2d589774ce631c535d8e4fd0dcdd48061b,male|T4,male,4,2019,2019-12-21,La Liga,2019/2020,1083,929,154,0.1421975992613111,622,538,84,0.135048231511254
303652,training,374f342815ed0cdc069d849c7b7521f8b991907d5bb42682fe6633c9c9489f61,male|T4,male,4,2020,2020-01-04,La Liga,2019/2020,1003,856,147,0.1465603190428714,497,436,61,0.1227364185110664
2275054,training,7f63ebd34da9f774f607c94e11cf582cf69460a9829e2cce7494579ca869ba2a,female|T4,female,4,2020,2020-01-05,FA Women's Super League,2019/2020,648,418,230,0.3549382716049383,372,278,94,0.2526881720430107
2275085,training,3264bc2ef9a7a4de1a123a2e8b72fd43035cbb29902a4fd5f18e8fbc381b5d4b,female|T4,female,4,2020,2020-01-05,FA Women's Super League,2019/2020,901,740,161,0.1786903440621531,553,469,84,0.1518987341772152
2275142,training,6e823e73c24f6efe718f193901e24475095fd78148155902b8cfc2d20ad85dfa,female|T4,female,4,2020,2020-01-05,FA Women's Super League,2019/2020,764,569,195,0.2552356020942408,371,290,81,0.2183288409703504
2275078,training,348731fcf780432ba6564dfe124fa50fc9e8e66f5500283be3131182ee65845e,female|T4,female,4,2020,2020-01-11,FA Women's Super League,2019/2020,1037,881,156,0.150433944069431,622,544,78,0.1254019292604501
2275050,training,abcdd3a981111a34f4c6ddda9d5f66aca42e4199ab8a3ef94c6747e8f7f5aae3,female|T4,female,4,2020,2020-01-12,FA Women's Super League,2019/2020,762,494,268,0.3517060367454068,426,301,125,0.2934272300469484
2275080,training,9b54bb72f2e3a8daea451ecdc598515b8169fcab02d9c1043de745051917a2ae,female|T4,female,4,2020,2020-01-12,FA Women's Super League,2019/2020,877,680,197,0.2246294184720638,477,383,94,0.1970649895178197
2275029,training,0622149fd84d0a1b00959bbd8ff8d75b60701d35a043d00164ad26e14302cd1c,female|T4,female,4,2020,2020-01-19,FA Women's Super League,2019/2020,596,385,211,0.3540268456375839,303,207,96,0.3168316831683168
2275036,training,28e93db4ccdf7d93b661c3f2b48c05f80006d860fb06976779cb4f8350d5f641,female|T4,female,4,2020,2020-01-19,FA Women's Super League,2019/2020,618,360,258,0.4174757281553398,303,200,103,0.3399339933993399
2275092,training,35aa9a3fca10bf03f8c14e7a8fe2a8c249739c5a40d7fa059ee7099a239a17eb,female|T4,female,4,2020,2020-01-19,FA Women's Super League,2019/2020,950,784,166,0.1747368421052631,492,415,77,0.1565040650406504
2275113,training,059c721332b9d426b43ab2285219cf76931f6b198f32cf7726d49096a85937fa,female|T4,female,4,2020,2020-01-19,FA Women's Super League,2019/2020,700,507,193,0.2757142857142857,352,268,84,0.2386363636363636
2275137,training,053896a944edd6d864b655b7f3d704d74bb410ae2de365af842af068de73bbb4,female|T4,female,4,2020,2020-01-19,FA Women's Super League,2019/2020,732,553,179,0.244535519125683,421,347,74,0.175771971496437
303610,training,108a850481923790dca35df6165b4cc6cd2abb9faef1af09a71bb8c9decdb235,male|T4,male,4,2020,2020-01-19,La Liga,2019/2020,1187,1027,160,0.134793597304128,517,452,65,0.1257253384912959
2275027,training,52fd4b7d6bc65f6895264f3b42eef63d2bb3e84701904d73facf91d2ef5b9705,female|T4,female,4,2020,2020-02-02,FA Women's Super League,2019/2020,701,490,211,0.3009985734664764,326,252,74,0.2269938650306748
2275037,training,379714e84c5d02541905cb8a33d576c707ee7414bb6e0bff7b7faa8222fc011d,female|T4,female,4,2020,2020-02-02,FA Women's Super League,2019/2020,964,776,188,0.1950207468879668,551,465,86,0.1560798548094374
2275057,training,a6d4cffb5f71d0c8fb884ffd31e2dc397c6d9ca1437ed9fb4656b96d9da245dc,female|T4,female,4,2020,2020-02-02,FA Women's Super League,2019/2020,715,518,197,0.2755244755244755,386,304,82,0.2124352331606217
2275153,training,2d3b4ffac719331cdc3cee503b75fbda5400e3de92867575b8a942973920a37a,female|T4,female,4,2020,2020-02-02,FA Women's Super League,2019/2020,613,391,222,0.3621533442088091,262,184,78,0.2977099236641221
303707,training,0bc7b149246198b439feaa21c13450a25f984aa1b966f0811d9f113bf82115e5,male|T4,male,4,2020,2020-02-09,La Liga,2019/2020,970,855,115,0.1185567010309278,447,397,50,0.1118568232662192
2275073,training,9a648583a9000fa1ef797f26aafef6ee9bba56540ffaf0a60f20b6fa559525db,female|T4,female,4,2020,2020-02-12,FA Women's Super League,2019/2020,872,603,269,0.3084862385321101,444,345,99,0.2229729729729729
2275151,training,5bdc7e3f268142c2ab969f06f821efcbf84d498ac7cec3fb9866c5e0baeb2d29,female|T4,female,4,2020,2020-02-12,FA Women's Super League,2019/2020,858,621,237,0.2762237762237762,490,386,104,0.2122448979591836
2275062,training,3fb12d674a941b01ebfd8359267fb9b8b0f0445d4485ae010bc62652b9be1220,female|T4,female,4,2020,2020-02-13,FA Women's Super League,2019/2020,834,629,205,0.2458033573141486,484,396,88,0.1818181818181818
303377,training,16f3472fa8415e6d535df5fa7cb7338cb9c315a0e452c14cf1d89d2daf3160bb,male|T4,male,4,2020,2020-02-15,La Liga,2019/2020,861,677,184,0.213704994192799,263,203,60,0.2281368821292775
303731,training,85bdb66e2353fbcf908446e683c0d83f9509a71fcb698054619c4602f0cd2d78,male|T4,male,4,2020,2020-02-22,La Liga,2019/2020,978,793,185,0.189161554192229,441,381,60,0.1360544217687075
2275030,training,4b602833b059e9e507319286e02a9879225a637f4efa009af71a03c6b7809677,female|T4,female,4,2020,2020-02-23,FA Women's Super League,2019/2020,621,403,218,0.3510466988727858,215,157,58,0.2697674418604651
2275083,training,98c0c51b94bb6598363c1e89247e290ae676a841e9a2e77ecf6934d6e704b954,female|T4,female,4,2020,2020-02-23,FA Women's Super League,2019/2020,759,553,206,0.2714097496706192,393,314,79,0.2010178117048346
2275105,training,3df9e26d2233c818cff7494767237267726038ef5f75276e6de6e7044e286690,female|T4,female,4,2020,2020-02-23,FA Women's Super League,2019/2020,920,718,202,0.2195652173913043,459,378,81,0.1764705882352941
2275144,training,0efeb9594ff2428d23c7e383d0ff9baec1b610192b9765586f4d7f9e2bfae7af,female|T4,female,4,2020,2020-02-23,FA Women's Super League,2019/2020,640,378,262,0.409375,287,200,87,0.3031358885017421
303479,training,965d464977e96b52e20542d1b2b5a7fc5c036591e5a184ae8393c30b74a0d118,male|T4,male,4,2020,2020-03-07,La Liga,2019/2020,955,791,164,0.1717277486910994,492,431,61,0.1239837398373983
303493,training,897b4d474df35487e3285fcf11dca135fc1d7f30b9ad56617db35ae51a47b0ee,male|T4,male,4,2020,2020-06-23,La Liga,2019/2020,1041,859,182,0.1748318924111431,475,401,74,0.1557894736842105
303516,training,b92ee5ebeea51292647b8dd2fbafd87876ce82ab8b918fbfc303f03020c4a966,male|T4,male,4,2020,2020-06-27,La Liga,2019/2020,934,794,140,0.1498929336188436,478,417,61,0.1276150627615062
303696,training,75d753fc3c7fe4f3139433ccc993ce98215591186e194819fc3d609e507b18b8,male|T4,male,4,2020,2020-06-30,La Liga,2019/2020,1026,907,119,0.1159844054580896,567,513,54,0.0952380952380952
303725,training,4cd129455f73fb877d580fcde745c8e6771d34cf89efa15ef034f498ffb9884f,male|T4,male,4,2020,2020-07-05,La Liga,2019/2020,1189,1056,133,0.1118587047939445,715,650,65,0.0909090909090909
303615,training,38a11a5ecd28239f05160806c7c54df15b8a44de0f7b12299d67178187426cbb,male|T4,male,4,2020,2020-07-08,La Liga,2019/2020,1075,922,153,0.1423255813953488,611,538,73,0.1194762684124386
303680,training,b2013bde0da1c35ec59b1490cfc875b61879b6713ab05529f955d345728a28f0,male|T4,male,4,2020,2020-07-11,La Liga,2019/2020,1098,926,172,0.1566484517304189,648,554,94,0.1450617283950617
303634,training,2025ac47274b3a638ceb53380d9e60a2a7dd61d2b0c8a0af4fb53a645743c988,male|T4,male,4,2020,2020-07-16,La Liga,2019/2020,1015,854,161,0.1586206896551724,560,479,81,0.1446428571428571
3764230,training,b0cb269f18f8d5a93f3e3e9e363e4ee889f913872d8f2f92f0d42d5676314af4,female|T4,female,4,2020,2020-09-06,FA Women's Super League,2020/2021,866,630,236,0.2725173210161662,503,398,105,0.2087475149105367
3764233,training,2ad9bd91c9ac8703be5dbb528c005b7868c2ffac4fc516b467253030e84483f1,female|T4,female,4,2020,2020-09-06,FA Women's Super League,2020/2021,819,629,190,0.231990231990232,418,332,86,0.2057416267942583
3764240,training,173c6c7e809d1072196fd40c74d4f773f8b8c82e2944f164f9db956a004c418f,female|T4,female,4,2020,2020-09-06,FA Women's Super League,2020/2021,811,631,180,0.2219482120838471,372,306,66,0.1774193548387097
3764235,training,1eea71052978f7a64655c272e34f5e614ecccac334ca33107e7c295776ba09f1,female|T4,female,4,2020,2020-09-13,FA Women's Super League,2020/2021,949,773,176,0.1854583772391991,565,481,84,0.1486725663716814
3764236,training,48500ae415508ce1863dc2ef53307f191f7b26d315552c15b86924d6e6e07e19,female|T4,female,4,2020,2020-09-13,FA Women's Super League,2020/2021,606,414,192,0.3168316831683168,324,243,81,0.25
3764241,training,19d51f311a4d7855d67bd58b065e86bcf45d9f6648bff57a9e3cae1040a52976,female|T4,female,4,2020,2020-09-13,FA Women's Super League,2020/2021,931,708,223,0.2395273899033297,478,383,95,0.1987447698744769
3773593,training,0f6a12023dd5ea6783970518113cc38517009cbce32187d5822744cee63066e1,male|T4,male,4,2020,2020-09-27,La Liga,2020/2021,1237,1063,174,0.1406628940986257,694,600,94,0.1354466858789625
3773466,training,54430b734129844fca0e5d76727df2a4fa23b4339780d5f922e50f0a585a8d98,male|T4,male,4,2020,2020-10-01,La Liga,2020/2021,965,804,161,0.1668393782383419,471,404,67,0.1422505307855626
3775545,training,7131df698c288ac4c7827082affaafae386bcad6072465eceb1b77b2905653ed,female|T4,female,4,2020,2020-10-04,FA Women's Super League,2020/2021,803,654,149,0.1855541718555417,392,340,52,0.1326530612244898
3775562,training,811c718d7cffba27a11eea87a685c9ecd84bfa24573a906e785689ccea71175d,female|T4,female,4,2020,2020-10-04,FA Women's Super League,2020/2021,727,532,195,0.2682255845942228,340,272,68,0.2
3775572,training,5fba8a652ed67071d47dec476c45162d1a89812fd1d0e893029e838f713b4adc,female|T4,female,4,2020,2020-10-04,FA Women's Super League,2020/2021,878,705,173,0.1970387243735763,384,320,64,0.1666666666666666
3775657,training,6f5186824d8b30da0e7f337bd601d8bd30c62654ac72624655ede604c9547f5c,female|T4,female,4,2020,2020-10-04,FA Women's Super League,2020/2021,1083,869,214,0.1975992613111726,617,509,108,0.1750405186385737
3775611,training,48eefb12f32df4b988f827d5ad03c960bfb1af7c955d4d2ad87b605042aa9292,female|T4,female,4,2020,2020-10-11,FA Women's Super League,2020/2021,890,653,237,0.2662921348314607,451,354,97,0.2150776053215077
3775620,training,2a069d1014b17fc1822abeaa75d64afad4d95c57cd7c36c45d70452242e0b1e2,female|T4,female,4,2020,2020-10-11,FA Women's Super League,2020/2021,814,582,232,0.285012285012285,382,289,93,0.2434554973821989
3773587,training,56dd779c3093cb0a35d23a4b557861a1f622d759c41d1b688defc8d48adf6838,male|T4,male,4,2020,2020-10-17,La Liga,2020/2021,820,655,165,0.2012195121951219,442,365,77,0.17420814479638
3775561,training,0c3d591a79a10e6070392a531c29517d23525707ed7d5e2c9f8ec55ec95827f1,female|T4,female,4,2020,2020-10-18,FA Women's Super League,2020/2021,764,513,251,0.3285340314136126,329,247,82,0.2492401215805471
3775582,training,70bfc79c741fb5bee3624ef0a792b28aa9035ab9dad0866c591d1680d795f111,female|T4,female,4,2020,2020-10-18,FA Women's Super League,2020/2021,706,475,231,0.3271954674220963,396,290,106,0.2676767676767677
3775659,training,a73f06a6ab32fa5e70a76c5d13cd6cbf0a1e57097729a47abcc4248dd4aa91fd,female|T4,female,4,2020,2020-10-18,FA Women's Super League,2020/2021,787,584,203,0.2579415501905972,319,248,71,0.2225705329153605
3773477,training,944ba858ad233a26b8efadfe159e27eff33921f2e306278f44dd4a83c18133f7,male|T4,male,4,2020,2020-11-07,La Liga,2020/2021,1020,882,138,0.1352941176470588,552,483,69,0.125
3775551,training,0b827aa49560e86834d65c81e2d76dfbe587ca47faf23acbeac559bd5efca197,female|T4,female,4,2020,2020-11-08,FA Women's Super League,2020/2021,854,615,239,0.2798594847775175,444,339,105,0.2364864864864864
3775553,training,a4bdd9b3d90eebe604e8663b1a3b692de75bbe2e8dd1b84b887d264a7187153a,female|T4,female,4,2020,2020-11-08,FA Women's Super League,2020/2021,791,578,213,0.2692793931731985,440,342,98,0.2227272727272727
3775556,training,6fbdf056b1f563780891047495515d42ba8166be115321d4e57cf4e6de9d016f,female|T4,female,4,2020,2020-11-08,FA Women's Super League,2020/2021,737,545,192,0.2605156037991858,339,272,67,0.1976401179941003
3775645,training,ad70caa09bf00809f4a2f09e74db7b412f9831414c63d82d5dac726c039ed5f1,female|T4,female,4,2020,2020-11-08,FA Women's Super League,2020/2021,895,687,208,0.2324022346368715,521,414,107,0.2053742802303263
3775624,training,638c4ea06f6d4acc4959e6c67a9a4f10e9cc2ce5915bec688ada7dc4987e9d5c,female|T4,female,4,2020,2020-11-14,FA Women's Super League,2020/2021,737,558,179,0.242876526458616,237,185,52,0.2194092827004219
3775631,training,9fbd68e1489a64b18785768c4b1b721808dfcf1774480184b6a9cf9f415861eb,female|T4,female,4,2020,2020-11-14,FA Women's Super League,2020/2021,628,459,169,0.269108280254777,323,249,74,0.2291021671826625
3775641,training,6a68ae3c7563734af71747766219117c1efdf79d886c13d434bb599abbf8f80a,female|T4,female,4,2020,2020-11-14,FA Women's Super League,2020/2021,740,545,195,0.2635135135135135,354,270,84,0.2372881355932203
3775623,training,2596cc26a8ec9e7ce46e10508fc89efeeae035aba1743d20230544cebcb771e7,female|T4,female,4,2020,2020-11-15,FA Women's Super League,2020/2021,705,493,212,0.300709219858156,391,293,98,0.2506393861892583
3775627,training,756498aabe41c122e7cfb52f4f7e7f912a8062043116e1b352bf2adbecf1518f,female|T4,female,4,2020,2020-11-15,FA Women's Super League,2020/2021,816,580,236,0.2892156862745098,414,318,96,0.2318840579710145
3773428,training,4a1e54e534ed45536ff01007f44d427b99617c9f19f95c903685908c6f5af46b,male|T4,male,4,2020,2020-12-05,La Liga,2020/2021,1029,857,172,0.1671525753158406,442,369,73,0.1651583710407239
3775566,training,a7f7cb44c1fc556916a3ec9b35f01c1e9dfe9c30ada7b2d75273c44eaddd3ff8,female|T4,female,4,2020,2020-12-05,FA Women's Super League,2020/2021,826,625,201,0.2433414043583535,423,337,86,0.2033096926713948
3775584,training,213487bc621419cd98905f5751837aeb3604a6757e8bed7891f1412b86c3bbee,female|T4,female,4,2020,2020-12-06,FA Women's Super League,2020/2021,850,677,173,0.2035294117647058,462,376,86,0.1861471861471861
3775588,training,6c62424e229cfc033ebd1d5869c00e273cb80b772e1cd43d6382a50840252ade,female|T4,female,4,2020,2020-12-06,FA Women's Super League,2020/2021,689,447,242,0.3512336719883889,375,268,107,0.2853333333333333
3775621,training,6e4064ac46352d79c2796d53cb8041ba036911b9d4fe8e44e665708770db52fd,female|T5,female,5,2020,2020-12-06,FA Women's Super League,2020/2021,743,544,199,0.2678331090174966,354,272,82,0.231638418079096
3775632,training,172111a4d8677f47e9473a45c63d82ac803886ae188ef4b2e4f02265ef94f106,female|T5,female,5,2020,2020-12-06,FA Women's Super League,2020/2021,905,717,188,0.2077348066298342,502,422,80,0.1593625498007968
3775650,training,1b30b1e759a3db89cc5f4bc44e2c8583510ac753252dfeebbee6fb425e5e5efc,female|T5,female,5,2020,2020-12-06,FA Women's Super League,2020/2021,862,682,180,0.2088167053364269,468,391,77,0.1645299145299145
3775637,training,432b0ca46d9c50b000eab31829e281cf8a5f14e25363d1e2533d729e1c9f390f,female|T5,female,5,2020,2020-12-09,FA Women's Super League,2020/2021,821,633,188,0.2289890377588307,421,333,88,0.2090261282660332
3775580,training,88e02fc79bb81ad719b8a9b45be4652b6a4ad0d698865ac342312118dbfc57e6,female|T5,female,5,2020,2020-12-13,FA Women's Super League,2020/2021,1040,821,219,0.210576923076923,464,383,81,0.1745689655172413
3775615,training,794d41b6d453e5d25845ff00810904c6dc80809cd6572636c862efcb39e40258,female|T5,female,5,2020,2020-12-13,FA Women's Super League,2020/2021,846,654,192,0.226950354609929,451,367,84,0.1862527716186252
3773523,training,950b5d6194cc057411ab04b2e5f1eba8aa7593c970b75a8aa3955e4ecff26db8,male|T5,male,5,2020,2020-12-16,La Liga,2020/2021,929,772,157,0.1689989235737352,462,402,60,0.1298701298701298
3773377,training,8d5db6b0bdb5c44f66cd4c8f4c2046ef7da58098efaaaaf1abf50d12b5f1b08e,male|T5,male,5,2020,2020-12-19,La Liga,2020/2021,980,825,155,0.1581632653061224,506,439,67,0.1324110671936759
3775619,training,0b66dc80f6dbfc7cfa67ad7ae669b97a741382a2b102875f461c259ef32b7c72,female|T5,female,5,2020,2020-12-20,FA Women's Super League,2020/2021,766,558,208,0.2715404699738903,406,310,96,0.2364532019704433
3764661,training,910d4456fe72c0a8b3ae8c968dd656f89257e91b481d913725b0bb0876297c53,male|T5,male,5,2021,2021-01-06,La Liga,2020/2021,1122,977,145,0.1292335115864527,557,502,55,0.0987432675044883
3773565,training,92a98a7fde57b497ee1e078a00f45a2a6298eaf4f6337579f4a90d2c37c7b6d6,male|T5,male,5,2021,2021-01-09,La Liga,2020/2021,1081,958,123,0.1137835337650323,416,364,52,0.125
3775542,training,a8b13fec00d2f125e8e6de4f1fbf8c8e882e2ab02744fd89427bbc57be0f2698,female|T5,female,5,2021,2021-01-17,FA Women's Super League,2020/2021,839,648,191,0.2276519666269368,406,334,72,0.1773399014778325
3775567,training,6de053237899a6805f11af7973de0cacb1a2e991c9cd45715959ba9dc23abf1d,female|T5,female,5,2021,2021-01-17,FA Women's Super League,2020/2021,764,532,232,0.3036649214659686,343,260,83,0.2419825072886297
3775589,training,0e4a7fb01b833e93dee0a13964f1044029a0d11873861eec9a7417ba722fc42d,female|T5,female,5,2021,2021-01-17,FA Women's Super League,2020/2021,724,494,230,0.3176795580110497,308,225,83,0.2694805194805195
3775608,training,82d2e72ba3bdf0936939d8dac622c55201176c37a867cb0b6b68780435c29268,female|T5,female,5,2021,2021-01-17,FA Women's Super League,2020/2021,817,590,227,0.2778457772337821,436,333,103,0.2362385321100917
3775647,training,1a28c4aebce49a894433581470bb4c495717aad141f8f2e0be256bea3bdd0f15,female|T5,female,5,2021,2021-01-17,FA Women's Super League,2020/2021,758,548,210,0.2770448548812665,450,332,118,0.2622222222222222
3775629,training,55e1d0d4650c88d20c4c092f41dc7ff18d1e6a4ba52ff799433252afa54ced01,female|T5,female,5,2021,2021-01-24,FA Women's Super League,2020/2021,1109,952,157,0.1415689810640216,573,501,72,0.1256544502617801
3775595,training,81f65037133694a7a5bc2742f7fa5c2324c48a4144f835070f3a7fc69415f477,female|T5,female,5,2021,2021-01-30,FA Women's Super League,2020/2021,742,475,267,0.3598382749326145,429,283,146,0.3403263403263403
3775587,training,3b018b1d214b44e75e3ec28d153331304348f6cbe10555aa38d61dbd9e93dd3e,female|T5,female,5,2021,2021-01-31,FA Women's Super League,2020/2021,933,699,234,0.2508038585209003,542,419,123,0.2269372693726937
3775651,training,0b3a28c5b8c32ebd920fa895062872f2b3cd9b83584874e374f9bdd36117bccd,female|T5,female,5,2021,2021-01-31,FA Women's Super League,2020/2021,1010,837,173,0.1712871287128713,572,488,84,0.1468531468531468
3775633,training,7f994b1a20dae470822c039e400f06ccc1e0a11b488c964c977a3f29308b0d32,female|T5,female,5,2021,2021-02-06,FA Women's Super League,2020/2021,738,502,236,0.3197831978319783,283,199,84,0.2968197879858657
3775600,training,44e4fef57788e587f9d165c8564a4cdc9d9087012b88786f167103e2330a0747,female|T5,female,5,2021,2021-02-07,FA Women's Super League,2020/2021,883,677,206,0.2332955832389581,461,375,86,0.1865509761388286
3775652,training,aee4ef091d5dece76be3f19f4e2e288d6aaa4e90ead9cf736d143ff03d7946d4,female|T5,female,5,2021,2021-02-07,FA Women's Super League,2020/2021,919,737,182,0.1980413492927094,432,355,77,0.1782407407407407
3775655,training,5f890669b068023e74951d18b7651ac6ab714079b00a874b9e91ef08d862e954,female|T5,female,5,2021,2021-02-07,FA Women's Super League,2020/2021,645,381,264,0.4093023255813953,299,203,96,0.3210702341137124
3775548,training,a37a3d53cc23a8366d0e8f86e898b7eb2c5d7cd86f44563745e541d6ac49a64e,female|T5,female,5,2021,2021-02-10,FA Women's Super League,2020/2021,891,655,236,0.2648709315375982,432,339,93,0.2152777777777778
3775603,training,644eb37ddf05d0eae8c8faff34d4c3854db9ed2709175a7d24f74df12e2517c8,female|T5,female,5,2021,2021-02-10,FA Women's Super League,2020/2021,765,499,266,0.3477124183006536,400,285,115,0.2875
3775658,training,235545b0d0124aff8aeb08e9b4cb2f2b7407d30667d6d50722c26583df3f3cf6,female|T5,female,5,2021,2021-02-12,FA Women's Super League,2020/2021,863,669,194,0.2247972190034762,450,367,83,0.1844444444444444
3773526,training,908f8aeaf40f00dd2411ffba92f8aacb575343862ab08de3a77a7cf0b3a141fa,male|T5,male,5,2021,2021-02-13,La Liga,2020/2021,1142,987,155,0.1357267950963222,546,471,75,0.1373626373626373
3775578,training,000f2ab39687465b06fc4b6580bb41ff1a65485b43ccc249aaed96d0e7b0c28a,female|T5,female,5,2021,2021-02-14,FA Women's Super League,2020/2021,750,524,226,0.3013333333333333,366,277,89,0.2431693989071038
3775614,training,5abab87e1a6abded876c554529c7a7789c971415d101746f9c0d45127a2bd891,female|T5,female,5,2021,2021-02-14,FA Women's Super League,2020/2021,905,665,240,0.2651933701657458,507,400,107,0.2110453648915187
3773415,training,a7f4fb0c32045fa3f89b75f38efd22d7005ed82206ab124ba2c12baf3f275bbd,male|T5,male,5,2021,2021-02-21,La Liga,2020/2021,1070,907,163,0.1523364485981308,374,320,54,0.1443850267379679
3764440,training,87a94c54f0fcf94792d0a7ec4d64b7fc856e0277afa2424e50cdef241e2c381c,male|T5,male,5,2021,2021-02-24,La Liga,2020/2021,1148,1025,123,0.1071428571428571,596,535,61,0.1023489932885906
3775552,training,6d66eae2db214a4f69fda04ea8974a699d039ff038f339b7b9baa14ae5eafb64,female|T5,female,5,2021,2021-02-28,FA Women's Super League,2020/2021,788,561,227,0.2880710659898477,372,293,79,0.2123655913978494
3775648,training,79c68ed3cb86bfd2073fd5b3298be7cf26997c6c8372429ae1fd7ff8497986e1,female|T5,female,5,2021,2021-02-28,FA Women's Super League,2020/2021,936,753,183,0.1955128205128205,472,391,81,0.1716101694915254
3773665,training,1ad9d8e2ca34cbbaa1a681f6894a11cd366a39de828ee052a4ca94e92c4c6310,male|T5,male,5,2021,2021-03-06,La Liga,2020/2021,1130,964,166,0.1469026548672566,749,662,87,0.1161548731642189
3775541,training,7ce8f7d3f742a36e9927db86375130e77a9ba64688e10b146d1b9f2b7e38b357,female|T5,female,5,2021,2021-03-07,FA Women's Super League,2020/2021,883,678,205,0.232163080407701,456,364,92,0.2017543859649122
3775630,training,93fb77a069e0bf0495498cff1fcd1c5e8827c020e53ef770a40d9564f32bd38c,female|T5,female,5,2021,2021-03-07,FA Women's Super League,2020/2021,902,748,154,0.1707317073170731,477,411,66,0.1383647798742138
3775638,training,084e7b7b476c967ae6d8538d5e670e79100519f5521d0062808b11b51e7cf9e0,female|T5,female,5,2021,2021-03-07,FA Women's Super League,2020/2021,793,570,223,0.2812105926860025,450,344,106,0.2355555555555555
3775639,training,532c86013f59169823d3fbaa109326d0e9db2bef83d8e9904474266a19e20b00,female|T5,female,5,2021,2021-03-07,FA Women's Super League,2020/2021,1000,826,174,0.174,590,515,75,0.1271186440677966
3775607,training,4766a0e6efdc729fa41efa3eec2cd798cf837dc9f2eda214c5393141b916fd86,female|T5,female,5,2021,2021-03-08,FA Women's Super League,2020/2021,661,460,201,0.3040847201210287,235,168,67,0.2851063829787234
3775653,training,5053db044f3ef42eba3ebba6649decc98dfca84a2127564fb0670e332ae9e69f,female|T5,female,5,2021,2021-03-11,FA Women's Super League,2020/2021,932,738,194,0.2081545064377682,527,440,87,0.1650853889943074
3775598,training,319e9e45c4b272cc7677be3ae2220230298cdf1ff85ca9c128ecef30b6ae552d,female|T5,female,5,2021,2021-03-14,FA Women's Super League,2020/2021,714,515,199,0.2787114845938375,382,290,92,0.2408376963350785
3773369,training,862cb092e767a786dd12787366d381f1511d95bec4abb08d20f7127ff614b1af,male|T5,male,5,2021,2021-03-15,La Liga,2020/2021,1284,1156,128,0.0996884735202492,652,589,63,0.0966257668711656
3775642,training,68dd666f7ba655394e1bada40b3e4c0f0f72f5cf61d8e52b1ae1270ce90e3979,female|T5,female,5,2021,2021-03-17,FA Women's Super League,2020/2021,673,441,232,0.3447251114413076,277,197,80,0.2888086642599278
3775643,training,2a1028edaad67b991c88c4300d4ae17f33c0d1552ceab79346e05f07a039bdff,female|T5,female,5,2021,2021-03-17,FA Women's Super League,2020/2021,694,430,264,0.3804034582132565,325,223,102,0.3138461538461538
3775597,training,0857d8eaeb487e9ef0068ee218cb216c0533b5e046b9c8221ac615dacb948d50,female|T5,female,5,2021,2021-03-19,FA Women's Super League,2020/2021,792,605,187,0.2361111111111111,441,351,90,0.2040816326530612
3773597,training,9efdfabd76fb019b7a37db481cd310806359968eee8b71fbc66c9483a9df934c,male|T5,male,5,2021,2021-03-21,La Liga,2020/2021,1054,925,129,0.1223908918406072,636,567,69,0.1084905660377358
3775546,training,480d4a2913108ce91b738154a8ee29cd32433ef4e8a09e233111b881eeb8d26d,female|T5,female,5,2021,2021-03-21,FA Women's Super League,2020/2021,682,466,216,0.3167155425219941,288,221,67,0.2326388888888889
3775628,training,3edf26b8d28cdbc2e4b94a9a8f48fd851e072dd572c295b08c2475270c2f7bad,female|T5,female,5,2021,2021-03-27,FA Women's Super League,2020/2021,766,595,171,0.2232375979112271,417,325,92,0.2206235011990407
3775570,training,18836405eb378fff547ad183ba6d4d6efa728540cde88f67bb4d790e0b937f52,female|T5,female,5,2021,2021-03-28,FA Women's Super League,2020/2021,861,654,207,0.2404181184668989,386,317,69,0.1787564766839378
3775581,training,9e622f7ff2c2d94aeb6b6be89b2dcdaa2e8eb2d2f8124b78b54fd1c8ff97b1db,female|T5,female,5,2021,2021-03-28,FA Women's Super League,2020/2021,872,670,202,0.231651376146789,500,408,92,0.184
3775654,training,76ff6979c6c152117933fae049bc981352ce517bcc96c998fb412e07da07e670,female|T5,female,5,2021,2021-03-28,FA Women's Super League,2020/2021,654,437,217,0.3318042813455658,331,250,81,0.2447129909365558
3775565,training,0af1e4ec2ed536e7ab85f373004c12f97287887b49876050d8b6826aecdbaf73,female|T5,female,5,2021,2021-04-04,FA Women's Super League,2020/2021,860,679,181,0.2104651162790697,450,372,78,0.1733333333333333
3775569,training,5f6f26cf0bb9d3dbeacc9b84f29c518be317fbee2efa0a9c613582392d1ee135,female|T5,female,5,2021,2021-04-04,FA Women's Super League,2020/2021,886,695,191,0.2155756207674943,471,386,85,0.1804670912951167
3775604,training,4d8ae322da97b4062168f01edb134ae1a31d80216d8f546a68e47410dad7a106,female|T5,female,5,2021,2021-04-04,FA Women's Super League,2020/2021,964,802,162,0.1680497925311203,527,462,65,0.1233396584440227
3775634,training,2365ff71edb8bdc1e79a1693a1127dcf689115a20d951c53103294d0af2324c8,female|T5,female,5,2021,2021-04-04,FA Women's Super League,2020/2021,767,563,204,0.2659713168187744,407,321,86,0.2113022113022113
3773474,training,29d0ee57e61a44491b42afa4c8f135a8e80c0d6a9262ae2bfa9bef9aa981e5a8,male|T5,male,5,2021,2021-04-05,La Liga,2020/2021,1011,849,162,0.1602373887240356,561,462,99,0.1764705882352941
3773497,training,b093a3a506f3805b048c3cd77e57171b1671f9b61398d268885e48103c09babc,male|T5,male,5,2021,2021-04-10,La Liga,2020/2021,1010,857,153,0.1514851485148514,489,418,71,0.1451942740286298
3775599,training,65953981ed133a274699db5efa2769a441e156dd4f408dcdad33c72b507792d3,female|T5,female,5,2021,2021-04-20,FA Women's Super League,2020/2021,556,295,261,0.4694244604316547,181,109,72,0.3977900552486187
3775576,training,4faf6c178c60223c9b45740b49f74f7df92f9ab83851d5e32b40711d51e2dedd,female|T5,female,5,2021,2021-04-21,FA Women's Super League,2020/2021,793,613,180,0.2269861286254728,386,312,74,0.1917098445595854
3773661,training,9ece370d9844e231870db82d98a5b49f5c00f7a2b7bcfe06d36f39f2f98544af,male|T5,male,5,2021,2021-04-22,La Liga,2020/2021,1122,975,147,0.1310160427807486,361,307,54,0.149584487534626
3773689,training,1a919ec794738f0014146340648bfe62d4520f6e4abbdb21ef36e81057883b43,male|T5,male,5,2021,2021-04-25,La Liga,2020/2021,1026,883,143,0.1393762183235867,521,462,59,0.1132437619961612
3775557,training,6a558e0bbf9286a04706b82ea012bd23634032416d3090708853e4fe34393a0c,female|T5,female,5,2021,2021-04-25,FA Women's Super League,2020/2021,915,740,175,0.1912568306010929,393,324,69,0.1755725190839694
3775612,training,2d9b066c3ad6b8c68272a975cec94fa18f5e04e5e069afa25bf25bba65c1018c,female|T5,female,5,2021,2021-04-25,FA Women's Super League,2020/2021,862,676,186,0.2157772621809744,491,396,95,0.1934826883910387
3775622,training,10df19d1fcc9edac30aa91c855dd65a66abc74bf32adefdc07d1361b66ea0a1e,female|T5,female,5,2021,2021-04-25,FA Women's Super League,2020/2021,741,556,185,0.2496626180836707,388,316,72,0.1855670103092783
3775568,training,2bd2c563166744f4ef9c02f757e5913f5664c2ec44a998514ea4c33e826e0a63,female|T5,female,5,2021,2021-04-28,FA Women's Super League,2020/2021,521,317,204,0.3915547024952015,246,166,80,0.3252032520325203
3775609,training,2469003813f7fd36fde4de4a13892eecdbc68d360ba2cc691656c36a3bc966c4,female|T5,female,5,2021,2021-04-28,FA Women's Super League,2020/2021,873,668,205,0.2348224513172966,451,366,85,0.188470066518847
3773695,training,5eabbb1c56136b310ad36874a7b1c2d0ffb9a6010beb97af37ab0b6e14b18a64,male|T5,male,5,2021,2021-05-02,La Liga,2020/2021,1116,969,147,0.1317204301075268,604,528,76,0.1258278145695364
3775544,training,509ad8e07535a12a4810c588a54c41ccbd41c024db5cfdad6882e89f2b4e829a,female|T5,female,5,2021,2021-05-02,FA Women's Super League,2020/2021,671,439,232,0.34575260804769,409,307,102,0.2493887530562347
3775574,training,20c739b89dfe9962836aecbea2568996b7cac1332ccee4daf60d5b92160d692a,female|T5,female,5,2021,2021-05-02,FA Women's Super League,2020/2021,923,784,139,0.1505958829902491,602,522,80,0.132890365448505
3775579,training,17ce7e4214abd4287772ac8ee44e166ac33805d49875bc45c218df261d05c1c3,female|T5,female,5,2021,2021-05-02,FA Women's Super League,2020/2021,877,680,197,0.2246294184720638,602,485,117,0.1943521594684385
3773372,training,ac7b4901898f5041d23858904647409f3b1857ea87b60a7aab14d6c4e311602f,male|T5,male,5,2021,2021-05-08,La Liga,2020/2021,980,861,119,0.1214285714285714,403,365,38,0.0942928039702233
3775560,training,95f4320b0452a84e72a144baa683f6e73089f0598bed05acf61bb9351116bd29,female|T5,female,5,2021,2021-05-09,FA Women's Super League,2020/2021,838,662,176,0.2100238663484487,337,273,64,0.1899109792284866
3775563,training,87f4564b83bc2722682dcb845974f6828470f658b53fb681abf441408c03d74b,female|T5,female,5,2021,2021-05-09,FA Women's Super League,2020/2021,893,701,192,0.2150055991041433,510,416,94,0.1843137254901961
3775573,training,9ba5c6697e6e794b85f2f58b6755ed5d8e82cc4f5b01173b2dd44b05ebef6de4,female|T5,female,5,2021,2021-05-09,FA Women's Super League,2020/2021,762,569,193,0.2532808398950131,399,308,91,0.2280701754385964
3775585,training,44e8ccfa16d9914ca65f95c76d166f5fe2bf90671fccd492ac91a509f3041a6d,female|T5,female,5,2021,2021-05-09,FA Women's Super League,2020/2021,609,395,214,0.3513957307060755,281,203,78,0.2775800711743772
3775593,training,b7cee4621da1934958138e2535317ad0b4bc7c6815c6598959c7f6a04305541c,female|T5,female,5,2021,2021-05-09,FA Women's Super League,2020/2021,932,760,172,0.1845493562231759,540,451,89,0.1648148148148148
3773387,training,12146757da2334164214c479d660094c81b539fa9bdd93f11e0c37f055a3fd6c,male|T5,male,5,2021,2021-05-11,La Liga,2020/2021,1005,860,145,0.1442786069651741,535,464,71,0.1327102803738317
3788741,training,327628e6eecfe13879413591f3d7bba6131cf6809a21e1c8866fc5165b129e80,male|T5,male,5,2021,2021-06-11,UEFA Euro,2020,961,811,150,0.1560874089490114,446,384,62,0.1390134529147982
3788744,training,7a06015ae402510ab85b951771ee4344cfe12f08dfbcc575e557a8ce72a2b2f3,male|T5,male,5,2021,2021-06-12,UEFA Euro,2020,808,673,135,0.1670792079207921,433,373,60,0.138568129330254
3788745,training,7ea5443e18027812bb5c4cbdd377382f7705e85057f62f25e05e2a1b3a7ead71,male|T5,male,5,2021,2021-06-13,UEFA Euro,2020,874,743,131,0.1498855835240274,505,442,63,0.1247524752475247
3788746,training,2c4da6166dd3f8c7e3f2528529a82fbb69a8552f05fb553e78f2e3612e0748c1,male|T5,male,5,2021,2021-06-13,UEFA Euro,2020,1079,924,155,0.1436515291936978,516,456,60,0.1162790697674418
3788747,training,82af56c272bfd8db9b9e193af7cdcf628892cf3d42efc361062ce9e84f0ac44c,male|T5,male,5,2021,2021-06-13,UEFA Euro,2020,847,675,172,0.2030696576151121,344,287,57,0.1656976744186046
3788748,training,17a1b69e98c38e10efa15fa846e8da031a8c2b3cec5efdefa7e65518737bd2b3,male|T5,male,5,2021,2021-06-14,UEFA Euro,2020,786,591,195,0.2480916030534351,413,323,90,0.2179176755447942
3788749,training,83e0a5c87be15b0f5ef5305bb8b035fb37be44648b9147664d93725c8b33b1ce,male|T5,male,5,2021,2021-06-14,UEFA Euro,2020,922,774,148,0.1605206073752711,361,304,57,0.1578947368421052
3788750,training,14029a9fe2337813bd624ffd4db0392942be2066802601ed92c7dc43c12f7c16,male|T5,male,5,2021,2021-06-14,UEFA Euro,2020,1042,881,161,0.1545105566218809,531,454,77,0.1450094161958568
3788753,training,850edb219fce4739d03932d18ae15c8e2b3c467f32efd40bc3180e89893b074f,male|T5,male,5,2021,2021-06-16,UEFA Euro,2020,943,782,161,0.1707317073170731,543,464,79,0.14548802946593
3788759,training,679b0769346e9e369c15a183118a0a3430b2265a93149de50bff113f2ddbbd44,male|T5,male,5,2021,2021-06-18,UEFA Euro,2020,882,765,117,0.1326530612244898,486,436,50,0.102880658436214
3788762,training,9ac9434bd28a1a1e41301accbba8e17165a1b0e2c76fac2da3fce76c8eb4ccb1,male|T5,male,5,2021,2021-06-19,UEFA Euro,2020,897,726,171,0.1906354515050167,366,313,53,0.1448087431693989
3788763,training,20396a5a5f24ac113b1f602fafc238f95bbe19d84294c9659ea316b142aa1574,male|T5,male,5,2021,2021-06-19,UEFA Euro,2020,959,826,133,0.1386861313868613,379,330,49,0.129287598944591
3788764,training,68fce302993e3dc9126ace4dcb0dff3e0b87daa37fbfff164855c895220d6033,male|T5,male,5,2021,2021-06-19,UEFA Euro,2020,960,844,116,0.1208333333333333,553,505,48,0.0867992766726944
3788765,training,56108e3b43b8fa59b159346e0dafbe701bf77d2cb1d909ea4195e524cba110db,male|T5,male,5,2021,2021-06-20,UEFA Euro,2020,926,800,126,0.1360691144708423,480,425,55,0.1145833333333333
3788766,training,9e86c2e3ed20c59a541f7780363fe27733f908bcf442114661e29ea48422d1fe,male|T5,male,5,2021,2021-06-20,UEFA Euro,2020,815,715,100,0.1226993865030674,315,284,31,0.0984126984126984
3788768,training,702303262b7e0aacc257152eb64b2b7fa233b40ed520496f169ed77cf0923345,male|T5,male,5,2021,2021-06-21,UEFA Euro,2020,1110,968,142,0.1279279279279279,591,517,74,0.1252115059221658
3788770,training,12315c1ec5d7d1e8bc0eccec95f5aa17d81307634a1afbb506f5522d561108ad,male|T5,male,5,2021,2021-06-21,UEFA Euro,2020,968,810,158,0.1632231404958677,539,451,88,0.1632653061224489
3788771,training,45dca07a6f1e0c0c96e9224fc1462597ac44baae31067c57714bdef47700beaa,male|T5,male,5,2021,2021-06-22,UEFA Euro,2020,936,796,140,0.1495726495726495,532,460,72,0.1353383458646616
3788772,training,a74a7e551fd6867c8627d3a7072910bc3904098638a08412f36569c7f747eb5f,male|T5,male,5,2021,2021-06-22,UEFA Euro,2020,894,730,164,0.1834451901565995,403,337,66,0.1637717121588089
3788773,training,b3b6293e0b9f2e4cde205e129044500e83c3735051f37359afaac3b1281acb3b,male|T5,male,5,2021,2021-06-23,UEFA Euro,2020,1104,1011,93,0.0842391304347826,392,362,30,0.0765306122448979
3788774,training,6ea819c5fd0fbd838f71374b81e6993f3b03a7502d82bc532f619206d824f143,male|T5,male,5,2021,2021-06-23,UEFA Euro,2020,945,806,139,0.147089947089947,396,346,50,0.1262626262626262
3788775,training,374c0542fe6bfbbedcf2156eacd4b35a2a97f2c009eb1dd9b75d8324b893a812,male|T5,male,5,2021,2021-06-23,UEFA Euro,2020,985,854,131,0.132994923857868,590,531,59,0.1
3794689,training,2309bce729f078fb4018b98c61664a6e9b980af5d394dacfff72e51fda8a5169,male|T5,male,5,2021,2021-06-26,UEFA Euro,2020,799,650,149,0.1864831038798498,314,258,56,0.1783439490445859
3794687,training,8388e2901ba5dddf4aa822d385b5ac820f15849818989225dd6022a96298a297,male|T5,male,5,2021,2021-06-27,UEFA Euro,2020,1027,876,151,0.1470301850048685,542,477,65,0.1199261992619926
3794690,training,26ccdee3e4c4bcfc10104fa54b0564a69e4d6d5a9ceb4a763b290e8bad388a38,male|T5,male,5,2021,2021-06-27,UEFA Euro,2020,764,577,187,0.2447643979057591,379,293,86,0.2269129287598944
3794686,training,18343a61254efb8d1bb28a0f53a64945e762d9647aef3979d3f9e078371af174,male|T5,male,5,2021,2021-06-28,UEFA Euro,2020,1295,1121,174,0.1343629343629343,766,685,81,0.1057441253263707
3794688,training,9b3ee9723fd2de14c68ab9ce3102b6622764f04ed188167adf3b2a54713f0798,male|T5,male,5,2021,2021-06-29,UEFA Euro,2020,960,808,152,0.1583333333333333,505,437,68,0.1346534653465346
3794692,training,7aa888cdc8a50cf80922ce93515367510c2bdc576e8cb24269fa1ad15e1e46b1,male|T5,male,5,2021,2021-06-29,UEFA Euro,2020,1380,1182,198,0.1434782608695652,654,564,90,0.1376146788990825
3795107,training,333a46037e709327d52b8b7c79b21d81590edbd3fbb8d91bba83ba795e701e5e,male|T5,male,5,2021,2021-07-02,UEFA Euro,2020,936,809,127,0.1356837606837606,403,364,39,0.0967741935483871
3795108,training,17c5033925490350a1618f9912d0d2baa489bdf7024dc602bf5a0b6fcccad7af,male|T5,male,5,2021,2021-07-02,UEFA Euro,2020,1312,1103,209,0.1592987804878048,667,558,109,0.1634182908545727
3795109,training,130c3d72218af6135ae916f2902f67495082fd3a009b699813f62270be1b0f29,male|T5,male,5,2021,2021-07-03,UEFA Euro,2020,814,638,176,0.2162162162162162,536,448,88,0.1641791044776119
3795187,training,487b0c08270a2331cc2510fc4d16267f59b762ba2fed2ae5bd3d408b96a99512,male|T5,male,5,2021,2021-07-03,UEFA Euro,2020,1183,1069,114,0.0963651732882502,528,482,46,0.0871212121212121
3795220,training,7ac761d265b39a617795df2a54cd7c91a3da13ee4512aaae457c3f47ef0b9315,male|T5,male,5,2021,2021-07-06,UEFA Euro,2020,1246,1052,194,0.1556982343499197,604,531,73,0.1208609271523178
3795221,training,981c23d198503a8f229a44f55433fb2e5416c7c39e4ae5801309fea433780b01,male|T5,male,5,2021,2021-07-07,UEFA Euro,2020,1235,1044,191,0.1546558704453441,566,483,83,0.146643109540636
3802752,training,00b3ff87e070bbe683ff6b6e693fb2e3119693d61e6dd7a6fce25b8b84041248,male|T5,male,5,2021,2021-09-19,Ligue 1,2021/2022,938,820,118,0.1257995735607676,489,441,48,0.0981595092024539
3802809,training,5069fb89ef4fda633ead04d200d24f1160bc1fbe1f13f32898c387fe57c8b517,male|T5,male,5,2021,2021-10-03,Ligue 1,2021/2022,909,763,146,0.1606160616061606,453,379,74,0.1633554083885209
3802902,training,38c3ba3a51e5c6107f926a548f1843532798364d49a96a2768189f8882e85e1a,male|T5,male,5,2021,2021-10-24,Ligue 1,2021/2022,1009,877,132,0.130822596630327,474,428,46,0.0970464135021097
3802699,training,770529473a5d950705fc11b8fd0c62adccbdb60c7bfecc59ee8ffe00f7f8749a,male|T5,male,5,2021,2021-10-29,Ligue 1,2021/2022,940,834,106,0.1127659574468085,467,423,44,0.0942184154175588
3813314,training,9d4e55e84b8fef3f1313e98fa458e595e1f58a9e4f003e30888553a7fa1f7573,male|T5,male,5,2021,2021-11-19,Indian Super league,2021/2022,699,508,191,0.2732474964234621,377,293,84,0.2228116710875331
3813297,training,03b94d9de1932fa2d7b2889ceb84f035e92bf276604cb6d5aca7c6c014b7f0f9,male|T5,male,5,2021,2021-11-20,Indian Super league,2021/2022,725,535,190,0.2620689655172414,321,246,75,0.2336448598130841
3813298,training,91c8e52b2be42bac0f45753864bdbf64d32ed122122746ce687b35a341eebbbf,male|T5,male,5,2021,2021-11-21,Indian Super league,2021/2022,632,444,188,0.2974683544303797,314,237,77,0.2452229299363057
3813270,training,3696c89be85e5ccc7814592e04599cc98efbd86ffe7f202622c089f569d9882c,male|T5,male,5,2021,2021-11-22,Indian Super league,2021/2022,707,559,148,0.2093352192362093,330,268,62,0.1878787878787878
3813309,training,43f9974c0b90330a657c1ce4232a900d53e88cc4ef5b0c2514d9521379837c04,male|T5,male,5,2021,2021-11-23,Indian Super league,2021/2022,702,522,180,0.2564102564102564,265,210,55,0.2075471698113207
3813289,training,907cd78f10cc237da358bdc8e9ae021896deb49de0c9d58062ea63d35c8028f8,male|T5,male,5,2021,2021-11-24,Indian Super league,2021/2022,716,559,157,0.2192737430167597,447,366,81,0.1812080536912751
3813296,training,6560e4b120f12e3d545ad607735123da018c0329a0d97a4554f11d22a5102c20,male|T5,male,5,2021,2021-11-25,Indian Super league,2021/2022,665,475,190,0.2857142857142857,338,268,70,0.2071005917159763
3813315,training,569e5e499dae9d7cb1a10ab124c6783cf684c4d7b1e79fd34fea5d4ebbffaf3f,male|T5,male,5,2021,2021-11-26,Indian Super league,2021/2022,627,492,135,0.215311004784689,228,192,36,0.1578947368421052
3813291,training,04b694efb23e24390f8644dbbbf1b62220f7638bc5a9f0eb7bb785296823b023,male|T5,male,5,2021,2021-11-27,Indian Super league,2021/2022,851,682,169,0.1985898942420681,430,353,77,0.1790697674418604
3802837,training,31410cfc73dfa5295fc4416b46fdd946979654f007f9036d935656ee623e42a8,male|T5,male,5,2021,2021-11-28,Ligue 1,2021/2022,980,857,123,0.1255102040816326,469,413,56,0.1194029850746268
3813292,training,6a79910c0fc190f06a96308f5afb0149e7e52ada7e493c392466083cbc941c6d,male|T5,male,5,2021,2021-11-28,Indian Super league,2021/2022,773,539,234,0.3027166882276843,373,285,88,0.2359249329758713
3813294,training,5c5a5a2834dfe7228c6757749d5fdb6928f85ba8e4a8271c1f9ee2461cdb4acb,male|T5,male,5,2021,2021-11-29,Indian Super league,2021/2022,789,595,194,0.2458808618504436,330,270,60,0.1818181818181818
3813317,training,68aed3e0fbddbf91d61a3f4365bdc82f974639237ab02645c3ea6f073c694b52,male|T5,male,5,2021,2021-11-30,Indian Super league,2021/2022,731,573,158,0.2161422708618331,354,299,55,0.1553672316384181
3802793,training,7bca828c5cd3d71c25aee3bc605a26ef34e75276d8082463695cd993519df298,male|T5,male,5,2021,2021-12-01,Ligue 1,2021/2022,1041,886,155,0.148895292987512,441,369,72,0.1632653061224489
3813288,training,6c89395aab32f1a5b5bf8a806e8973f9f8c3ab16938d8d4cc15d729c7cd2aa99,male|T5,male,5,2021,2021-12-02,Indian Super league,2021/2022,504,318,186,0.369047619047619,184,128,56,0.3043478260869565
3813280,training,61999b111170c0ca751456f5b9280e13201aef43607c6922873b23405626c4cc,male|T5,male,5,2021,2021-12-03,Indian Super league,2021/2022,726,553,173,0.2382920110192837,350,291,59,0.1685714285714285
3802685,training,20bef0f890a5739ecbc7ea172d50547d6aa25f4c67930cb4dc53fb16f4fac879,male|T5,male,5,2021,2021-12-04,Ligue 1,2021/2022,1079,930,149,0.1380908248378128,550,480,70,0.1272727272727272
3813316,training,83a71ac4f0b75d20479ebae7a0ac2173ea0af08757305d112ed7f8849055a653,male|T5,male,5,2021,2021-12-04,Indian Super league,2021/2022,771,563,208,0.2697795071335927,411,321,90,0.218978102189781
3813300,training,7ddbedec5041372ce393110f70d734050220e6f9b977f8616ea31893377b07a9,male|T5,male,5,2021,2021-12-05,Indian Super league,2021/2022,753,542,211,0.2802124833997343,299,227,72,0.2408026755852843
3813268,training,ae1367d5f477c530d3d75e6c3c39348ec1a1fc6bce06a93031e3c74b1f228a33,male|T5,male,5,2021,2021-12-06,Indian Super league,2021/2022,620,443,177,0.2854838709677419,309,239,70,0.2265372168284789
3813299,training,b2d328ea18f807fd937f357b6f8477b87cc7c903ae4acaa9d4bab50b9d37d973,male|T5,male,5,2021,2021-12-08,Indian Super league,2021/2022,669,420,249,0.3721973094170404,323,233,90,0.2786377708978328
3813284,training,2be6096812eedf286b9a18c0df5d8c0fa0e988d9eb5d8fe8fde664853f4f26a2,male|T5,male,5,2021,2021-12-09,Indian Super league,2021/2022,711,528,183,0.2573839662447257,481,378,103,0.2141372141372141
3813301,training,530dcee95a16a5a16d89ba5a4de8cf367900a6fca4a51b5a83a5494b88738977,male|T5,male,5,2021,2021-12-10,Indian Super league,2021/2022,725,520,205,0.2827586206896552,335,256,79,0.235820895522388
3813281,training,61ce1aedcdac79d901211b666fac7e775913f48b493102110b9277d0df72607d,male|T5,male,5,2021,2021-12-11,Indian Super league,2021/2022,745,560,185,0.2483221476510067,412,341,71,0.1723300970873786
3802683,training,05021142a79481cb7d7800740199fd66ab3fdda56812e2aeea6bab63035601f8,male|T5,male,5,2021,2021-12-12,Ligue 1,2021/2022,1020,872,148,0.1450980392156863,577,506,71,0.1230502599653379
3813310,training,70d2fadd2f41d03633a4fd2d374dc615f98dd2aef7f630c818fff3456a5dda3f,male|T5,male,5,2021,2021-12-12,Indian Super league,2021/2022,690,504,186,0.2695652173913043,209,164,45,0.215311004784689
3813269,training,0bf10fa191e8403b319d46d7e2e909a1860eb4c8c57ca26a979893c908ba405b,male|T5,male,5,2021,2021-12-14,Indian Super league,2021/2022,674,492,182,0.2700296735905044,394,318,76,0.1928934010152284
3813287,training,754cf0df97eeb6c77914d937a0d91345d5c6148449c71a1d2b568c19ca826258,male|T5,male,5,2021,2021-12-16,Indian Super league,2021/2022,424,263,161,0.3797169811320754,146,100,46,0.3150684931506849
3813272,training,186ad14284af3f40f9784652130b521b755aa3d8ef5b3eba9acbcae46f31df5f,male|T5,male,5,2021,2021-12-18,Indian Super league,2021/2022,680,495,185,0.2720588235294117,371,282,89,0.2398921832884097
3813279,training,1bfef7f78045fb27fa464db053bc40cebc43a2d74499208ad38e93c7e299dd72,male|T5,male,5,2021,2021-12-18,Indian Super league,2021/2022,788,617,171,0.217005076142132,443,373,70,0.1580135440180587
3813282,training,61ce5be6e1941f973d1aa66b90579748eca84de11ba73380725b82a128a335a6,male|T5,male,5,2021,2021-12-19,Indian Super league,2021/2022,675,481,194,0.2874074074074074,337,256,81,0.2403560830860534
3813307,training,896f22bd627f90e1698464a3f2b7eb9fb1285bb02d0f7cea1bfda20673ea8a3b,male|T5,male,5,2021,2021-12-20,Indian Super league,2021/2022,576,364,212,0.3680555555555556,194,143,51,0.2628865979381443
3802690,training,3ae4233013d9e40eab5bb0e89c65815807497e7b8e2a10c3e8d5196161fe7fb1,male|T5,male,5,2021,2021-12-22,Ligue 1,2021/2022,1005,863,142,0.1412935323383084,406,343,63,0.1551724137931034
3813278,training,250714a59354bf2022276e15250a29e53db51c012600b8cfc8b7229616aa2b34,male|T5,male,5,2021,2021-12-22,Indian Super league,2021/2022,789,581,208,0.2636248415716096,409,326,83,0.2029339853300733
3813304,training,89e7ca802b149eae5b056f22595ba78f38d2cb91c1d3168333756b0ea28e907c,male|T5,male,5,2021,2021-12-23,Indian Super league,2021/2022,697,489,208,0.2984218077474892,360,278,82,0.2277777777777777
3813308,training,25f159aba37bd53939f4d91f65fd3cd36aeca1cf76918f513fea4b59dca16529,male|T5,male,5,2021,2021-12-24,Indian Super league,2021/2022,844,634,210,0.2488151658767772,425,330,95,0.2235294117647059
3813275,training,112febc549391ca4621d8b8685faaa876661a4fbaca1bd8f308a9bfbba61104a,male|T5,male,5,2021,2021-12-26,Indian Super league,2021/2022,650,430,220,0.3384615384615385,309,224,85,0.2750809061488673
3813303,training,7bbfebf5c0e418d14ad8d9a68f9896ac11a9d4746e32f5c44da1403a43365c3b,male|T5,male,5,2021,2021-12-29,Indian Super league,2021/2022,849,690,159,0.1872791519434629,497,419,78,0.1569416498993963
3813283,training,a3eb6c8435499fa812c7cb266bc1785b546f8467beba69c4c9324465bb859948,male|T5,male,5,2021,2021-12-30,Indian Super league,2021/2022,730,546,184,0.2520547945205479,386,305,81,0.2098445595854922
3813271,training,161338a7537c7c28f0b917a478bfb6fa39fb2cc43e1443886ccb1ce2b07c2aff,male|T5,male,5,2022,2022-01-02,Indian Super league,2021/2022,714,531,183,0.2563025210084033,370,303,67,0.1810810810810811
3813311,training,a1596176b50d52b0f6a25492e2dd8fe0b8aed55a8e2638bac586cc85dbaa3d1a,male|T5,male,5,2022,2022-01-02,Indian Super league,2021/2022,695,520,175,0.2517985611510791,385,303,82,0.2129870129870129
3813273,training,612e9ab3a31681efd9d8a7cbf6660d5014acb8caa6481bc5362455f252478fb1,male|T5,male,5,2022,2022-01-03,Indian Super league,2021/2022,711,582,129,0.1814345991561181,446,389,57,0.1278026905829596
3813264,training,6af32b187a3485e0f4a67341fef9ada31f3b1b199a408d8c82402bb9b68a9a5b,male|T5,male,5,2022,2022-01-05,Indian Super league,2021/2022,762,572,190,0.2493438320209973,312,245,67,0.2147435897435897
3813265,training,8c5f01cfdfe036f61965e9cefe9f3073ff8ea08d52619cedabaef9ec4deb4c1f,male|T5,male,5,2022,2022-01-07,Indian Super league,2021/2022,678,495,183,0.2699115044247787,338,267,71,0.2100591715976331
3813305,training,8c3aaf4f9f6cec5e99dfec8b0e0f12561655753319838ef6e2feca0bd0475948,male|T5,male,5,2022,2022-01-09,Indian Super league,2021/2022,647,427,220,0.3400309119010819,334,236,98,0.2934131736526946
3817850,training,6020333be9df05b2c3490225ca2db63fe2d90ce204da86b38ce0d1ead682e937,male|T5,male,5,2022,2022-01-11,Indian Super league,2021/2022,601,365,236,0.3926788685524126,294,208,86,0.2925170068027211
3817879,training,62e97058222206b9c0c34b77fd3d091628947faafa8a764567f52363a35f35ec,male|T5,male,5,2022,2022-01-13,Indian Super league,2021/2022,688,518,170,0.2470930232558139,336,269,67,0.1994047619047619
3817890,training,a8b0fb6b49ec9d42751b00e244df5aa8b5e5b0517452f7cd13367465ccf355fe,male|T5,male,5,2022,2022-01-14,Indian Super league,2021/2022,662,495,167,0.2522658610271903,330,258,72,0.2181818181818181
3817853,training,11da566fb2adb229c6370276b1ebd9fcbd046982bf4a9f7a3ca6206be6b97e59,male|T5,male,5,2022,2022-01-19,Indian Super league,2021/2022,786,597,189,0.2404580152671755,401,327,74,0.1845386533665835
3817876,training,311172e4f466d9bfc085d328224cf12f85ad225e96c6810c557e4bef5633491a,male|T5,male,5,2022,2022-01-22,Indian Super league,2021/2022,770,570,200,0.2597402597402597,375,295,80,0.2133333333333333
3802802,training,81f5d0bfb84d11c742abe4313f5aceb9cbc0ba67b95618d54fac65a5a3e874ea,male|T5,male,5,2022,2022-01-23,Ligue 1,2021/2022,1208,1066,142,0.1175496688741721,702,626,76,0.1082621082621082
3813313,training,09cd70983404ebda70c574cad519613b85333de5b6e6229b7bbe61ec02c80198,male|T5,male,5,2022,2022-01-23,Indian Super league,2021/2022,810,652,158,0.1950617283950617,388,313,75,0.1932989690721649
3817874,training,1b47ecc8404694d1748e1f58ced29b3722e3aa095e169b0363c157da348df7b7,male|T5,male,5,2022,2022-01-23,Indian Super league,2021/2022,575,385,190,0.3304347826086956,253,180,73,0.2885375494071146
3817878,training,7099b9570b06915e9047747d4405b783f05b500abea8594a623a79a317b7814e,male|T5,male,5,2022,2022-01-24,Indian Super league,2021/2022,753,552,201,0.2669322709163346,379,308,71,0.1873350923482849
3817867,training,6b80abbdf3dad908ce3950ea6be2da02f43bf06a59274b6fa2b10e1572c57ed0,male|T5,male,5,2022,2022-01-25,Indian Super league,2021/2022,696,545,151,0.2169540229885057,371,307,64,0.1725067385444744
3817868,training,6b896670ffbe14c7632546a86a0d570f349c84aaea3ffbe1b8c655ab8a9d081b,male|T5,male,5,2022,2022-01-26,Indian Super league,2021/2022,860,652,208,0.241860465116279,516,414,102,0.1976744186046511
3817875,training,67e0daa8c11c7b1eb1f8ad70706aa5bff52871ac8b9ddc2949cb6478df328a3b,male|T5,male,5,2022,2022-01-28,Indian Super league,2021/2022,704,531,173,0.2457386363636363,342,267,75,0.219298245614035
3817888,training,9bcce0258f0d24f2e419db67504fb4cce5c802c2239a87be289d42b8b368572b,male|T5,male,5,2022,2022-01-29,Indian Super league,2021/2022,784,617,167,0.2130102040816326,473,402,71,0.1501057082452431
3817861,training,336bfc93425897fb28da84e9c341dba306c7dd2d0bc7833bd53b4f43ffbe9217,male|T5,male,5,2022,2022-01-30,Indian Super league,2021/2022,578,377,201,0.3477508650519031,247,182,65,0.2631578947368421
3817871,training,23a453af4959e3af244e405b38cb4029d79b498875ff9d74491877774a93abf5,male|T5,male,5,2022,2022-01-31,Indian Super league,2021/2022,682,497,185,0.2712609970674486,342,270,72,0.2105263157894736
3817894,training,af475189c59a5b89aeb7469b838d06b002d4b836532154cd9cb698af9c6ccc1b,male|T5,male,5,2022,2022-02-01,Indian Super league,2021/2022,698,527,171,0.2449856733524355,397,317,80,0.2015113350125944
3817864,training,738cbcc4bc72a936bd854cc53d9a86563d6687eacf44ae2ae2fb633c4bb29b53,male|T5,male,5,2022,2022-02-03,Indian Super league,2021/2022,763,583,180,0.2359108781127129,408,317,91,0.2230392156862745
3817883,training,8f574a8f8486b17f53610ab976a6495db824cb8e45df0196392fc60e1ef84ce5,male|T5,male,5,2022,2022-02-05,Indian Super league,2021/2022,622,444,178,0.2861736334405145,273,207,66,0.2417582417582417
3802907,training,710d47d5fc1a146d8637a4cc05c8d3c4b340b9b78784349a8140b5ef6d9d1f42,male|T5,male,5,2022,2022-02-06,Ligue 1,2021/2022,1023,910,113,0.1104594330400782,479,435,44,0.0918580375782881
3817852,training,39c98032a6435a020b1e8e8de9a8567ca3bb9970e6f83f4c2436ee79d85125b9,male|T5,male,5,2022,2022-02-06,Indian Super league,2021/2022,709,530,179,0.2524682651622003,378,300,78,0.2063492063492063
3817884,training,95e5ac505a37b1e8a96a05b696231a5edd75877e4c25530c846a4f581733e9a5,male|T5,male,5,2022,2022-02-08,Indian Super league,2021/2022,735,543,192,0.2612244897959184,324,248,76,0.2345679012345679
3817895,training,07c4eff730d0448bdfc92c2ab5bb05a7613cf6740e9739d01882f766847e5149,male|T5,male,5,2022,2022-02-09,Indian Super league,2021/2022,993,814,179,0.1802618328298086,477,409,68,0.1425576519916142
3817881,training,7e1a88f07bc3c70988b6bbf08498a563ac8a64dc1a8a9ebf71c6e522fa80c870,male|T5,male,5,2022,2022-02-10,Indian Super league,2021/2022,577,364,213,0.3691507798960138,255,173,82,0.3215686274509804
3802795,training,a344b32bdaa8a8bed13f2e6dda3f407df4f8e5ce225fd666e7bc6687455208d2,male|T5,male,5,2022,2022-02-11,Ligue 1,2021/2022,1071,942,129,0.1204481792717086,594,530,64,0.1077441077441077
3817869,training,1fa51c30bae1ed95af344c85b24b7641b4f50cee32bc9cfa64b66343efe90d5d,male|T5,male,5,2022,2022-02-11,Indian Super league,2021/2022,691,506,185,0.2677279305354558,322,254,68,0.2111801242236025
3817862,training,91ebb2946215889deabf84c7c753f7fa7c1269a5452aa2dd22a97b32b459641a,male|T5,male,5,2022,2022-02-13,Indian Super league,2021/2022,826,661,165,0.1997578692493946,475,399,76,0.16
3817902,training,03ef9b8098de2b75cf41f4fd0c2f741bdcfa78b09e8240baec853f6a9b4aa73b,male|T5,male,5,2022,2022-02-14,Indian Super league,2021/2022,755,532,223,0.295364238410596,402,301,101,0.2512437810945274
3817848,training,9b712df88d47c1528497cc63cee981d61913f72ecaec973ae39776ce44af704b,male|T5,male,5,2022,2022-02-15,Indian Super league,2021/2022,781,596,185,0.2368758002560819,343,286,57,0.1661807580174927
3817880,training,25748b6d13d206b8de7b43a4d1279a3e9e7d45bbc25a08b1189cca52a901e478,male|T5,male,5,2022,2022-02-16,Indian Super league,2021/2022,754,579,175,0.2320954907161803,340,268,72,0.2117647058823529
3817901,training,510d36fc876a3bde73b68051ddbc7bcfc5c97b0d6f4b097939b6e62963911429,male|T5,male,5,2022,2022-02-17,Indian Super league,2021/2022,706,539,167,0.2365439093484419,440,362,78,0.1772727272727272
3802839,training,34974c6dd11b9cac5d2410119f89fc79633929ccaea7d4064b0f4bdf35d4ceaf,male|T5,male,5,2022,2022-02-19,Ligue 1,2021/2022,961,837,124,0.1290322580645161,528,471,57,0.1079545454545454
3817872,training,4f2b5a684c862a7510505067bbe7ef7c3d75a4e8a2b2c6ab530ed830994a2b20,male|T5,male,5,2022,2022-02-21,Indian Super league,2021/2022,703,508,195,0.2773826458036984,279,217,62,0.2222222222222222
3817885,training,10cd83352d48301565a07357145c37a0ee17a91f83de9578c5b0576f5253c23b,male|T5,male,5,2022,2022-02-22,Indian Super league,2021/2022,723,564,159,0.2199170124481327,403,320,83,0.205955334987593
3817897,training,4839dcabb85e79e665528f1209da3f6849aa650493e7ee14649effa0f41f8095,male|T5,male,5,2022,2022-02-23,Indian Super league,2021/2022,672,475,197,0.2931547619047619,267,199,68,0.2546816479400749
3817892,training,48b7b49e66acb974d74d6880e69b15da86dfcdff04c8253904c7c7876fe1fe03,male|T5,male,5,2022,2022-02-24,Indian Super league,2021/2022,757,607,150,0.1981505944517833,322,273,49,0.1521739130434782
3817859,training,ab10804fbcdec05e007c892d31b58619f99ec279631fa8f7901be0c434403bbd,male|T5,male,5,2022,2022-02-25,Indian Super league,2021/2022,636,463,173,0.2720125786163522,310,248,62,0.2
3817858,training,a03545c45f80ade7e3d972081eb02de7c34e017106750daa9eeac6c43a85ab6d,male|T5,male,5,2022,2022-02-26,Indian Super league,2021/2022,840,666,174,0.2071428571428571,389,324,65,0.1670951156812339
3817898,training,8914f48345e08561a751e3bf157de39c1651e7be463e8d65a36ca361afe6bbf0,male|T5,male,5,2022,2022-02-26,Indian Super league,2021/2022,685,516,169,0.2467153284671532,310,244,66,0.2129032258064516
3817854,training,01c190ed479e145d8299db9502c128f9a794fcefea000b25219561d9cfba1a65,male|T5,male,5,2022,2022-02-27,Indian Super league,2021/2022,751,587,164,0.218375499334221,379,311,68,0.179419525065963
3817893,training,9ec615a9fdd6f048a33c5486a4c894386f9a253081b5d57c9971442cbc19de3c,male|T5,male,5,2022,2022-02-28,Indian Super league,2021/2022,759,573,186,0.2450592885375494,411,325,86,0.2092457420924574
3817857,training,36e623e9c8f6d7ee85379ab47ef992087447089525e62652d627ec0630f4c3ac,male|T5,male,5,2022,2022-03-01,Indian Super league,2021/2022,612,420,192,0.3137254901960784,278,211,67,0.2410071942446043
3817866,training,4c286c9f943cc1c40d753d93b2775d74cbd3930a5c2b43390b10e028461d5f5a,male|T5,male,5,2022,2022-03-02,Indian Super league,2021/2022,613,447,166,0.2707993474714519,318,248,70,0.220125786163522
3802805,training,a972873fc8d1e05771eef9964fcd541d6dbf5c519264047ead55263ebb704d48,male|T5,male,5,2022,2022-03-05,Ligue 1,2021/2022,1134,1025,109,0.0961199294532627,700,636,64,0.0914285714285714
3817856,training,2d90a325f53d8b41cda12979ac4427f85c9a589335c010d5965a62359944de11,male|T5,male,5,2022,2022-03-07,Indian Super league,2021/2022,675,464,211,0.3125925925925926,243,185,58,0.2386831275720164
3802904,training,3cef8d5ba6da928a816a65283f9091ed4198838b812804686049c28c6b4be654,male|T5,male,5,2022,2022-03-13,Ligue 1,2021/2022,1078,944,134,0.12430426716141,534,464,70,0.1310861423220973
3827336,training,92caacae7715b4ba6364f3a791d4487590d0564182cf39bc497a80dff657680d,male|T5,male,5,2022,2022-03-16,Indian Super league,2021/2022,621,457,164,0.2640901771336554,308,256,52,0.1688311688311688
3827767,training,5e987ff1e61c292ea0ad1f782086aa6e02ac077845cddf279937710d4cd5cbef,male|T5,male,5,2022,2022-03-20,Indian Super league,2021/2022,1002,738,264,0.2634730538922156,511,403,108,0.2113502935420743
3802818,training,a7bb5ce855fffa5a63d3708afdcc438bed5ee587a8903a420d09b4036861a281,male|T5,male,5,2022,2022-04-03,Ligue 1,2021/2022,1062,932,130,0.1224105461393597,470,417,53,0.1127659574468085
3803000,training,241867680b8626a29b0bfaa0534e87a30ebf4f92eedb79dc6d20f9b7e226f904,male|T5,male,5,2022,2022-04-09,Ligue 1,2021/2022,1094,985,109,0.0996343692870201,463,417,46,0.0993520518358531
3802983,training,6acd6f933f2209c4318d65abb992fff991c990e4f5e39a40f8aeead8197c6249,male|T5,male,5,2022,2022-04-17,Ligue 1,2021/2022,1096,985,111,0.1012773722627737,519,476,43,0.0828516377649325
3802643,training,1b14769b5fddb43f6fa277aa2347fda0eb355f32cb046e60915abb8c8d8a9bc7,male|T5,male,5,2022,2022-04-29,Ligue 1,2021/2022,1049,917,132,0.1258341277407054,462,396,66,0.1428571428571428
3802930,training,ada5db87022f8d3e63f311d80df8bd22a3c09705ecaf5785fab94f8643888785,male|T5,male,5,2022,2022-05-08,Ligue 1,2021/2022,956,842,114,0.1192468619246862,404,359,45,0.1113861386138613
3802665,training,0a3ef325d095da591f7244cdc4ac56ef47efebe3a405e040037d2b0a05b567ef,male|T5,male,5,2022,2022-05-14,Ligue 1,2021/2022,1046,921,125,0.1195028680688336,555,491,64,0.1153153153153153
3802948,training,b03ee668715d2aeac1531937fad6924f77e8f0177a55dbd8f72ad029d17a9607,male|T5,male,5,2022,2022-05-21,Ligue 1,2021/2022,974,858,116,0.1190965092402464,499,442,57,0.1142284569138276
3835319,training,5b0a1e10c2d82a524a5c134830f6d30aabdce9cfc8ed816b6caba11846a66809,female|T5,female,5,2022,2022-07-06,UEFA Women's Euro,2022,862,681,181,0.2099767981438515,477,395,82,0.1719077568134172
3835320,training,98f8fc334c4facc45d9558a95ee8e4905535db1abc79398d19c3a230d759edb3,female|T5,female,5,2022,2022-07-07,UEFA Women's Euro,2022,791,630,161,0.2035398230088495,490,401,89,0.1816326530612245
3835321,training,3a12ac4c5f882fc1a227e8e0fa804a27f901c653dca1ff504b7aa33f2173e2a4,female|T5,female,5,2022,2022-07-08,UEFA Women's Euro,2022,859,703,156,0.1816065192083818,548,469,79,0.1441605839416058
3835323,training,b07838f1ea0320bf41f2f3ad1809587bc23ae859f5afa2e7e4caa73da779c59a,female|T5,female,5,2022,2022-07-09,UEFA Women's Euro,2022,800,588,212,0.265,446,336,110,0.2466367713004484
3835325,training,58c612280fec957756603707338c4932e3ffb7e8e45b46309ee68386de309207,female|T5,female,5,2022,2022-07-10,UEFA Women's Euro,2022,837,690,147,0.1756272401433691,540,468,72,0.1333333333333333
3835326,training,41ade669ae8f4f7307c72b940d2617fce2a2415dcfdfecef1ce9914df2653669,female|T5,female,5,2022,2022-07-10,UEFA Women's Euro,2022,787,534,253,0.3214739517153748,443,318,125,0.2821670428893905
3835327,training,7fb3c2f9e80ca22582b792bb2771f17b84923621dbf3b1e3255675d08c8c9a55,female|T5,female,5,2022,2022-07-11,UEFA Women's Euro,2022,827,676,151,0.1825876662636034,415,359,56,0.1349397590361445
3835328,training,13bd05dd60bd7deff6a44296fde5f25839b4682d28f401c9df9c970aa8942928,female|T5,female,5,2022,2022-07-11,UEFA Women's Euro,2022,679,499,180,0.2650957290132548,303,239,64,0.2112211221122112
3835330,training,55c96c32d8b6440bcaa6ab866d6a560321a68e673cd60767190be21bb36ed388,female|T5,female,5,2022,2022-07-12,UEFA Women's Euro,2022,934,718,216,0.2312633832976445,452,369,83,0.1836283185840708
3835331,training,73cfa10d917045f22e432b72d86b480b65920977e3e4ac53cabb37cda692405a,female|T5,female,5,2022,2022-07-13,UEFA Women's Euro,2022,863,631,232,0.2688296639629201,471,363,108,0.2292993630573248
3835332,training,82b2fd125de86ae6f36e3984ff14ba416aad5d7741592f9f6a676ef9e872c847,female|T5,female,5,2022,2022-07-13,UEFA Women's Euro,2022,759,590,169,0.22266139657444,386,309,77,0.199481865284974
3835334,training,6bce3c5b1cd187a607c46d0165c069e6a6c2e6ce408fa96fa737cf30e21567ca,female|T5,female,5,2022,2022-07-14,UEFA Women's Euro,2022,673,483,190,0.2823179791976226,271,213,58,0.2140221402214022
3835335,training,a245dbf1586b05940b6a87234678a14216f081123b0110a569fcd61faa5c05d5,female|T5,female,5,2022,2022-07-15,UEFA Women's Euro,2022,756,618,138,0.1825396825396825,422,361,61,0.1445497630331753
3835336,training,6e35086a44ad246c32576c1550c0e119e25d3674dd2eb6365f5833ea1a5ce0ae,female|T5,female,5,2022,2022-07-15,UEFA Women's Euro,2022,892,662,230,0.257847533632287,469,369,100,0.2132196162046908
3835337,training,89c7ab8824ad3a21577a6bfa851af1db4045064126656fa539ddaf8ef6e23988,female|T5,female,5,2022,2022-07-16,UEFA Women's Euro,2022,1003,772,231,0.230309072781655,607,495,112,0.1845140032948929
3835338,training,241eff6ddffdd4c4596000089f0d970d35220b19151b4eecdd183f1a536b6310,female|T5,female,5,2022,2022-07-16,UEFA Women's Euro,2022,845,652,193,0.2284023668639053,477,380,97,0.2033542976939203
3835339,training,911c961152b063d30b14b5ff2a718dbd7534da22f9c8c3950f33b674b400a1b0,female|T5,female,5,2022,2022-07-17,UEFA Women's Euro,2022,850,692,158,0.1858823529411764,509,436,73,0.143418467583497
3835341,training,011620fa6bf529d6f2f688e7ae35ef9b5382abc326b7c7d7e44a7188b13150d4,female|T5,female,5,2022,2022-07-18,UEFA Women's Euro,2022,910,692,218,0.2395604395604395,523,413,110,0.2103250478011472
3844387,training,af78178399462386220371c69798fd509fe33639b4b90ab2cf776bb7d0726b23,female|T5,female,5,2022,2022-07-23,UEFA Women's Euro,2022,1084,870,214,0.1974169741697417,672,563,109,0.1622023809523809
3847567,training,59a7c68b8a79fb3146e6c8f22e3f62725b3a27dabd570f0e4de10d9890257a7a,female|T5,female,5,2022,2022-07-31,UEFA Women's Euro,2022,927,646,281,0.3031283710895361,452,348,104,0.2300884955752212
3837659,training,65331a8fc4367b2d87472ccdbb3999e3e8db2c64ef60f9fcd877c94e5084ed7e,male|T5,male,5,2022,2022-08-13,Ligue 1,2022/2023,1030,921,109,0.1058252427184466,488,440,48,0.0983606557377049
3837680,training,0241a0a303253ccdb7daab49480cae017c062d35bae58d811d839c2c8d3e5e32,male|T5,male,5,2022,2022-08-28,Ligue 1,2022/2023,1018,896,122,0.1198428290766208,645,580,65,0.1007751937984496
3837683,training,42cfc7584ac00790be07f0cff7b85664ce61b45a0cac6fd6519c64ed3d761802,male|T5,male,5,2022,2022-08-31,Ligue 1,2022/2023,945,834,111,0.1174603174603174,466,425,41,0.0879828326180257
3837695,training,30f00c33e0474dadfa3a1f4f9d1f99527abe14220830de293b7760b0feb0be24,male|T5,male,5,2022,2022-09-03,Ligue 1,2022/2023,1153,1012,141,0.1222896790980052,661,598,63,0.0953101361573373
3837706,training,7d50263aa320fd8a4a8c6c042c1a73676a522239f894e743292bec10debca2a0,male|T5,male,5,2022,2022-09-10,Ligue 1,2022/2023,1078,941,137,0.1270871985157699,569,504,65,0.1142355008787346
3837717,training,75bf249f7621aef4bc5dbf8343d01d91f109b825bb280f1cf5c5af33e0f356e8,male|T5,male,5,2022,2022-09-18,Ligue 1,2022/2023,1195,1069,126,0.105439330543933,631,569,62,0.098256735340729
3837727,training,43ed09816506d215c3efeabc27e0d221e119202bfc0b5ea3dbba10827aabf981,male|T5,male,5,2022,2022-10-01,Ligue 1,2022/2023,1150,1013,137,0.1191304347826087,583,524,59,0.1012006861063464
3837747,training,7a9311e144065909822e41279419a107aed0d89f5d1a1f58e6db68c1c45c5ea9,male|T5,male,5,2022,2022-10-16,Ligue 1,2022/2023,1006,908,98,0.0974155069582504,569,521,48,0.0843585237258348
3837771,training,2469146c76c8a5afb4f106ac52b7849eb6f0ff60e51458b872ef7434890eda3c,male|T5,male,5,2022,2022-10-29,Ligue 1,2022/2023,989,877,112,0.1132457027300303,449,404,45,0.1002227171492204
3857286,training,348d05263645edde0df0db312955af7b8c9cc54d426a4450c480991a3358c0d3,male|T5,male,5,2022,2022-11-20,FIFA World Cup,2022,895,747,148,0.1653631284916201,369,305,64,0.1734417344173441
3857271,training,b144b0b4d1553eb825c2c23f17ce701e40529bdac0e758b406717964d0c7c003,male|T5,male,5,2022,2022-11-21,FIFA World Cup,2022,1005,846,159,0.1582089552238806,435,376,59,0.135632183908046
3857285,training,607952c709fc6780a6534119ed18cbb1f13f4845abe85cda27e6a4801b17c4aa,male|T5,male,5,2022,2022-11-21,FIFA World Cup,2022,814,655,159,0.1953316953316953,293,247,46,0.1569965870307167
3857254,training,5f00a2c8fd7d58093557e213b011a32bb27afcdcbc9d9090ad29772c1f8836d5,male|T5,male,5,2022,2022-11-22,FIFA World Cup,2022,959,784,175,0.1824817518248175,550,464,86,0.1563636363636363
3857279,training,b4d9675be8f67f23e2d96aa604c383ba69de292a9a32a62c704959a7ee582817,male|T5,male,5,2022,2022-11-22,FIFA World Cup,2022,1150,1002,148,0.128695652173913,470,421,49,0.1042553191489361
3857300,training,79fad126795977530230865a71e44d95725c90595780c857aec1af2a167f77f7,male|T5,male,5,2022,2022-11-22,FIFA World Cup,2022,830,661,169,0.2036144578313253,312,250,62,0.1987179487179487
3857268,training,219e7c38230fff9e3532dae17bb2be7397b3843ecaf09a0ce5b3393849ada257,male|T5,male,5,2022,2022-11-23,FIFA World Cup,2022,909,764,145,0.1595159515951595,416,351,65,0.15625
3857277,training,42a9b4aa27da785b80ae477a5e1b928e2f0ab78548a131772658587fcb1c2be4,male|T5,male,5,2022,2022-11-23,FIFA World Cup,2022,976,804,172,0.1762295081967213,492,425,67,0.1361788617886178
3857258,training,7b1dcadb71fe53e5336fc0e7763ed6bfc67e835609fb7986293f5e7df9a353f8,male|T5,male,5,2022,2022-11-24,FIFA World Cup,2022,978,820,158,0.1615541922290388,583,508,75,0.1286449399656946
3857287,training,3e6fd4e5d716cf70164254c6a7916d41b332b7ffc8d404f796ab5b1d93a1993f,male|T5,male,5,2022,2022-11-24,FIFA World Cup,2022,939,760,179,0.1906283280085197,388,327,61,0.1572164948453608
3857290,training,a916f974a69a4072284295c1e6e9f5e33c8de89cce6f5fd6529ed860f7948ab0,male|T5,male,5,2022,2022-11-24,FIFA World Cup,2022,995,836,159,0.1597989949748743,518,450,68,0.1312741312741312
3857272,training,3e552e2955c7b9780d6d025a9ff40b93d60e79cb4a1b92af0a9d2f6609d7d808,male|T5,male,5,2022,2022-11-25,FIFA World Cup,2022,957,818,139,0.1452455590386625,416,367,49,0.1177884615384615
3857274,training,5c857bb12a87e3e675c5580eeb812093e1995b1d3b202b1dcbdeb1b3fa63dc01,male|T5,male,5,2022,2022-11-25,FIFA World Cup,2022,910,735,175,0.1923076923076923,394,332,62,0.1573604060913705
3857266,training,961856a7e603a0c8f676ac3e8fbeb6c301e2e1629c2ae5cd7e6ed3351a44a3de,male|T5,male,5,2022,2022-11-26,FIFA World Cup,2022,1016,872,144,0.1417322834645669,503,444,59,0.1172962226640159
3857289,training,460e00d8a6334f73c715e38198712949fd33ece4a0e15101a6ab6adadb836d95,male|T5,male,5,2022,2022-11-26,FIFA World Cup,2022,868,699,169,0.194700460829493,293,240,53,0.1808873720136518
3857297,training,a87f8e8e2a744aa67503da4c29a82ebc5d05f52fef1fd6707d8e23374ab6c790,male|T5,male,5,2022,2022-11-26,FIFA World Cup,2022,809,668,141,0.1742892459826946,340,295,45,0.1323529411764706
3857263,training,1dc3971b3b73a8b51511f2c1cb006734eb1dd5a097ce24d35ec0dba0b05f77ca,male|T5,male,5,2022,2022-11-27,FIFA World Cup,2022,937,793,144,0.1536819637139808,475,420,55,0.1157894736842105
3857281,training,045c9e53b90e3580293fae8a813d0cf201a0a3491870de3735f9fd8cf59f0ee6,male|T5,male,5,2022,2022-11-27,FIFA World Cup,2022,938,770,168,0.1791044776119403,442,372,70,0.1583710407239819
3857295,training,95cee785e87dcffea052d2f3aea92ce3904783ac2e9d96ff6ab68bf5266c3ac4,male|T5,male,5,2022,2022-11-27,FIFA World Cup,2022,1001,839,162,0.1618381618381618,523,450,73,0.1395793499043977
3857259,training,6afc17f6cd7f697623a8fb356e7c1cf384d48017a2330d51d3f0a6266a7e1976,male|T5,male,5,2022,2022-11-28,FIFA World Cup,2022,836,636,200,0.2392344497607655,493,411,82,0.1663286004056795
3857269,training,7cc5b6df1250911e2777cdcd9662dc7f0d568b02eca4a21eefe106ca914f0242,male|T5,male,5,2022,2022-11-28,FIFA World Cup,2022,1011,852,159,0.1572700296735905,338,286,52,0.1538461538461538
3857270,training,206fd674c8438e1c9bff38446fdfa7a26bdbc2f94317dac677fa0a3a66e7ac04,male|T5,male,5,2022,2022-11-28,FIFA World Cup,2022,969,768,201,0.2074303405572755,481,390,91,0.1891891891891892
3857299,training,8b5dbc1c4dd7331e4909d1bba7e1ad5ef615d0d16116efd88f303de734c6b90a,male|T5,male,5,2022,2022-11-28,FIFA World Cup,2022,849,699,150,0.1766784452296819,334,285,49,0.1467065868263473
3857261,training,a6d911cae60c37be8ee7ec49961eabd86e3f8dfb05e0c999318dd6186892fc95,male|T5,male,5,2022,2022-11-29,FIFA World Cup,2022,899,763,136,0.1512791991101223,426,358,68,0.1596244131455399
3857267,training,34798bcbedbe534009d89ba723fc6411ba965260d8654a5aa8f6f2ea103fc016,male|T5,male,5,2022,2022-11-29,FIFA World Cup,2022,672,509,163,0.2425595238095238,285,219,66,0.231578947368421
3857294,training,2e9540e3793f26f51ae46cdd42aa88b228c0faa8eac8cbfa70f1e8a57dbfd903,male|T5,male,5,2022,2022-11-29,FIFA World Cup,2022,1235,1070,165,0.1336032388663967,599,527,72,0.1202003338898163
3857275,training,530aa9e55b333dffc884c62583e787315258cc7ecc4e298ec6014dcaf010469f,male|T5,male,5,2022,2022-11-30,FIFA World Cup,2022,906,751,155,0.1710816777041942,304,252,52,0.1710526315789473
3857255,training,9cd241b53fcceb62118e5a0d63f3b62cb8b94ce4210f835d2723f3e41df8325d,male|T5,male,5,2022,2022-12-01,FIFA World Cup,2022,1276,1111,165,0.1293103448275862,631,559,72,0.1141045958795562
3857296,training,52f7456b06181a3bdf64d6010b97d8da385d4a89a8d205924df173c37bd3af6f,male|T5,male,5,2022,2022-12-01,FIFA World Cup,2022,1154,990,164,0.1421143847487001,620,545,75,0.1209677419354838
3857256,training,7e43e29883e22795a31287dc8255706bb877e83de7f105884a3e3a756b35172c,male|T5,male,5,2022,2022-12-02,FIFA World Cup,2022,865,679,186,0.215028901734104,426,346,80,0.1877934272300469
3857262,training,75379617b8893fad35f946b0666236a309c42507f49070234c7fa947f2de3770,male|T5,male,5,2022,2022-12-02,FIFA World Cup,2022,920,778,142,0.1543478260869565,442,384,58,0.1312217194570135
3869117,training,0c64bb6601e5d13fc3b6de1dddb72bb816eb1e8a9a108c0c0e7fe1ce720ca8a4,male|T5,male,5,2022,2022-12-03,FIFA World Cup,2022,974,772,202,0.2073921971252566,502,411,91,0.1812749003984063
3869118,training,9b49a0a336b35f3b71939a30e1db725174c106084048b4f4c17a80511dab1bd1,male|T5,male,5,2022,2022-12-04,FIFA World Cup,2022,946,786,160,0.1691331923890063,376,315,61,0.1622340425531915
3869152,training,b2d9cbc4ce6a65616b732ac6302a2c4cc01e0cc3fa95d4a5aeabcd6d8707bbec,male|T5,male,5,2022,2022-12-04,FIFA World Cup,2022,1003,850,153,0.1525423728813559,547,476,71,0.129798903107861
3869253,training,231ff01fc0d4f7ded0093a307e4a949d4fd3ee8e4a5b3e98a37f6f5fff98f5b8,male|T5,male,5,2022,2022-12-05,FIFA World Cup,2022,1115,971,144,0.1291479820627802,458,408,50,0.1091703056768559
3869220,training,574988ca62036e7a76a49e38480a6cb310a72b27b128e8610247d305c5857e68,male|T5,male,5,2022,2022-12-06,FIFA World Cup,2022,1300,1108,192,0.1476923076923077,566,494,72,0.127208480565371
3869420,training,a53d88917c182417f3c4ce6a4e8e29c08832e20ddf34ccae56ef5e3e922bc746,male|T5,male,5,2022,2022-12-09,FIFA World Cup,2022,1365,1192,173,0.1267399267399267,603,533,70,0.1160862354892205
3869354,training,8edac3616b1a3df194aef587a29bf0bb2da437082e79f4a7c958efd5d621b335,male|T5,male,5,2022,2022-12-10,FIFA World Cup,2022,887,736,151,0.1702367531003382,431,372,59,0.1368909512761021
3869486,training,02a99de1393b2b424f811c6041873a47b56efcabbf9fda147e20b6f4d1a0e925,male|T5,male,5,2022,2022-12-10,FIFA World Cup,2022,875,716,159,0.1817142857142857,332,279,53,0.1596385542168674
3869519,training,23549d348e103f60678ea8dbd9f2fcecc0f21730784a4fcb7db8c5541b81c0fe,male|T5,male,5,2022,2022-12-13,FIFA World Cup,2022,995,848,147,0.1477386934673366,457,393,64,0.1400437636761488
3869552,training,493db830c3d245457fc8152f48e3ca7a9ed0fc757952ea8e3d25d6f61b678f1d,male|T5,male,5,2022,2022-12-14,FIFA World Cup,2022,916,773,143,0.1561135371179039,321,273,48,0.1495327102803738
3869684,training,1b419f24477c73ea7aa21a22f7adb2e7fcb0f7e19556350dd189911e487f4aa4,male|T5,male,5,2022,2022-12-17,FIFA World Cup,2022,942,789,153,0.1624203821656051,440,378,62,0.1409090909090909
3869685,training,0604b1b9f8e42315a81b699eee39fc53b37e48ac79295d2d6bf25bc824eeb221,male|T5,male,5,2022,2022-12-18,FIFA World Cup,2022,1124,898,226,0.2010676156583629,510,427,83,0.1627450980392157
3837839,training,53289fd0e44cacffcd41db346b1935495f1bd27a8a73a64afbe5820ccc94d62b,male|T5,male,5,2023,2023-01-29,Ligue 1,2022/2023,1186,1033,153,0.1290050590219224,669,588,81,0.1210762331838565
3837844,training,4a6890ac222c5e95c553512ae10258504c29d433fdcb0be65d4104f6b48e7580,male|T5,male,5,2023,2023-02-01,Ligue 1,2022/2023,1035,869,166,0.1603864734299517,629,539,90,0.1430842607313195
3837859,training,52212cd408af671b1a5724f01e123409e680398a645da36168ac43fbfdbf7059,male|T5,male,5,2023,2023-02-04,Ligue 1,2022/2023,1021,882,139,0.1361410381978452,517,450,67,0.1295938104448742
3837885,training,7b48e50d2535d876a5d990fbc8a49098506669ff57903163d09f8cfe605cefb0,male|T5,male,5,2023,2023-02-26,Ligue 1,2022/2023,859,714,145,0.1688009313154831,400,346,54,0.135
3837896,training,6e749cd07ff7c20351ed6ffe05a852f204e560a73b0ea0895aff53538ffd9c5a,male|T5,male,5,2023,2023-03-04,Ligue 1,2022/2023,1108,986,122,0.1101083032490974,555,497,58,0.1045045045045045
3837902,training,06641bcb9e2f249b860bf1b879062d052e2bb0647ef932b468441a53e118096b,male|T5,male,5,2023,2023-03-11,Ligue 1,2022/2023,981,850,131,0.1335372069317023,471,429,42,0.0891719745222929
3881484,training,32972590c5a8d94f461f6442e6876c212e065e93dfe6d829a3cd712b0c9236ce,female|T5,female,5,2023,2023-03-26,NWSL,2023,880,620,260,0.2954545454545454,416,308,108,0.2596153846153846
3881485,training,9dfdbcc089b957ef0bbb59e60fa623ed2d22d692b245dd7a963b780e464616c3,female|T5,female,5,2023,2023-03-26,NWSL,2023,687,458,229,0.3333333333333333,363,256,107,0.2947658402203856
3881486,training,2209a7d7020e3570f9debbe5f6358f22ebe1259144d63644e2e470933282a7ac,female|T5,female,5,2023,2023-03-26,NWSL,2023,870,697,173,0.1988505747126436,532,447,85,0.1597744360902255
3881487,training,6ad9072e1c6d7824e2ef8547ca6e712561dec2f8fdb10588073a66dd93154486,female|T5,female,5,2023,2023-03-27,NWSL,2023,656,498,158,0.2408536585365853,311,251,60,0.1929260450160771
3881489,training,7e7510c6f1c1cca42a55272f58bef671aad8dd81a09d1f4855c603b34b896a0e,female|T5,female,5,2023,2023-04-01,NWSL,2023,733,531,202,0.2755798090040928,408,296,112,0.2745098039215686
3881490,training,4fd83a225d938d4f75f3d6c2452a2e6181fa8f62b08ba132849272b049e4e5a4,female|T5,female,5,2023,2023-04-01,NWSL,2023,737,557,180,0.2442333785617367,357,294,63,0.1764705882352941
3881491,training,70995ed358ba76e0c06b0737c6a292af6b5c3b00b847437428b2a873aa3e9853,female|T5,female,5,2023,2023-04-01,NWSL,2023,697,485,212,0.3041606886657101,390,295,95,0.2435897435897435
3837928,training,1f6f5d566a629b051cdfc9ea1ca98e7de0218544847e361454cc90de8c16181c,male|T5,male,5,2023,2023-04-02,Ligue 1,2022/2023,1094,932,162,0.1480804387568556,532,467,65,0.1221804511278195
3881493,training,4aa109ce652ea61d723dfd1de00cfb665c4dcf7e22e22b0a5edfb601e86c676f,female|T5,female,5,2023,2023-04-02,NWSL,2023,796,615,181,0.2273869346733668,425,350,75,0.1764705882352941
3881494,training,279f50309ff28d3ded0cb4477fbecf5b615ed8fd5920079e0437caf0dc01c2ef,female|T5,female,5,2023,2023-04-02,NWSL,2023,705,508,197,0.2794326241134752,377,297,80,0.2122015915119363
3881496,training,7b3c92ffce28f60339d31548b4faef8382921401d3efc88549e54007b32148ca,female|T5,female,5,2023,2023-04-16,NWSL,2023,774,586,188,0.2428940568475452,450,358,92,0.2044444444444444
3881497,training,40b94f5d5b55b64ffb14beabff46ac239fc6badd2d4e282b2b6dbd3fff35a3c3,female|T5,female,5,2023,2023-04-16,NWSL,2023,713,508,205,0.2875175315568022,417,319,98,0.2350119904076738
3881498,training,9166f9427dea639bd31922387c96241babb4a32a11bf57f4c080e896fa5ea220,female|T5,female,5,2023,2023-04-16,NWSL,2023,847,656,191,0.2255017709563164,388,303,85,0.2190721649484536
3881499,training,4d614f61f7e1e41c5f69f6d12bf5f852a572f071af1eb054014919e6852df877,female|T5,female,5,2023,2023-04-16,NWSL,2023,777,551,226,0.2908622908622909,426,318,108,0.2535211267605634
3881500,training,14d514b23ef96439fcefa9d3977ae5adf58ab59954102b76bd6233f36a44295f,female|T5,female,5,2023,2023-04-16,NWSL,2023,927,745,182,0.1963322545846817,488,399,89,0.1823770491803278
3837954,training,2451f45e96d4a1c5bb4108d887b156029737088da379b04956634def220eaef6,male|T5,male,5,2023,2023-04-21,Ligue 1,2022/2023,1284,1166,118,0.0919003115264797,734,680,54,0.0735694822888283
3881502,training,029b4bbc2e5b380bf5d093fc7a63b7852ca55d5e12619546dd1b9a0762a5d5ac,female|T5,female,5,2023,2023-04-22,NWSL,2023,994,811,183,0.1841046277665996,577,480,97,0.1681109185441941
3881503,training,107a925adf09c047a4796d68025badb79e52a77f907eabbcae7167a9159befcb,female|T5,female,5,2023,2023-04-23,NWSL,2023,820,585,235,0.2865853658536585,449,345,104,0.2316258351893095
3881506,training,7cc022fe3662d660b68898d904d85f885ad3697ff554206d5cc361ef41d28a59,female|T5,female,5,2023,2023-04-24,NWSL,2023,787,546,241,0.3062261753494282,364,274,90,0.2472527472527472
3837963,training,8b0f471cc7a7073a5f0d45089e80ad26d201b6722d1ae97c909633174d9d662a,male|T5,male,5,2023,2023-04-30,Ligue 1,2022/2023,1089,974,115,0.1056014692378328,626,572,54,0.0862619808306709
3881508,training,9a4b01edf9d71bb16a958f1b14f81e7994bca35458ece9ea63573e60e40da7fc,female|T5,female,5,2023,2023-04-30,NWSL,2023,793,593,200,0.2522068095838587,486,377,109,0.2242798353909465
3881509,training,178c9d42c1d455047d1fe23a9add74a7a1c629312b4d7fdb6c977808a53911f5,female|T5,female,5,2023,2023-04-30,NWSL,2023,846,652,194,0.2293144208037825,366,293,73,0.1994535519125683
3881510,training,b8398a77c9f21f46067221e6810bc689a0a23ddd915765a47a9b39b724396f5e,female|T5,female,5,2023,2023-04-30,NWSL,2023,833,686,147,0.1764705882352941,471,410,61,0.1295116772823779
3881511,training,ad54853f2f0297f0a11b1183b257bb4efacb3f8c01dedf87b0e8020ac7dcfb8c,female|T5,female,5,2023,2023-04-30,NWSL,2023,802,597,205,0.2556109725685785,499,398,101,0.2024048096192384
3881512,training,907107f373fd9f41ae14874dd153e5f373f67810c9bbb40033dba6fd69402f4e,female|T5,female,5,2023,2023-04-30,NWSL,2023,751,543,208,0.2769640479360852,381,306,75,0.1968503937007874
3881514,training,452081298c1e03fd96468a9d4006acbbf9bcc79fe398b9df0a3acef716b83b4d,female|T5,female,5,2023,2023-05-07,NWSL,2023,915,698,217,0.2371584699453552,473,372,101,0.2135306553911205
3881515,training,0e90f240e5d4c21d557be7435fd1ac2740500780851d0f6e92a42dfacd9959c5,female|T5,female,5,2023,2023-05-07,NWSL,2023,874,688,186,0.2128146453089245,476,387,89,0.1869747899159664
3881516,training,71a0dae88837bb8051de488047c85f9046b58f0d168158077c5fa1e0ed2a9905,female|T5,female,5,2023,2023-05-07,NWSL,2023,858,660,198,0.2307692307692307,426,353,73,0.1713615023474178
3881518,training,0801e2839fe4b187f7984f20c3f23cd9d17c1f936f40dff4d9f172a88e8a084a,female|T5,female,5,2023,2023-05-08,NWSL,2023,815,589,226,0.2773006134969325,440,333,107,0.2431818181818182
3837987,training,7e6fa4bc5672c76610344c27ed18446bd809729518c482d0ee64d7e9d70122e4,male|T5,male,5,2023,2023-05-13,Ligue 1,2022/2023,1010,887,123,0.1217821782178217,503,445,58,0.1153081510934393
3881519,training,89a8f6bddc3c909a6205a80e60b787dae2c9ff602f003b325f738f48bb9c5286,female|T5,female,5,2023,2023-05-13,NWSL,2023,716,504,212,0.2960893854748603,395,290,105,0.2658227848101265
3881520,training,a2f5d6dc68ea3b5abb1116fe14b85b44585c1b357e2b8294a1cc3b13bf88f559,female|T5,female,5,2023,2023-05-13,NWSL,2023,789,633,156,0.1977186311787072,407,336,71,0.1744471744471744
3881522,training,006ade1f462b8f6eef47316fe55b45724d284d4b0be93b07b2a2ccf9e95e4586,female|T5,female,5,2023,2023-05-14,NWSL,2023,669,448,221,0.3303437967115097,312,233,79,0.2532051282051282
3881524,training,95f9f0de56589ddbab2568505cc876bbd793765bcaeb9e620e18ff94789bd72c,female|T5,female,5,2023,2023-05-14,NWSL,2023,699,499,200,0.2861230329041488,345,265,80,0.2318840579710145
3881523,training,051fbc693dcf43e2781c0f58ea05947e8910fdde449a5edb2de318341352f929,female|T5,female,5,2023,2023-05-15,NWSL,2023,786,590,196,0.2493638676844783,493,390,103,0.2089249492900608
3837998,training,b3dcb9457433cd89ef5ff5fea030a760074f10971bc04a6fb122066cabcca25c,male|T5,male,5,2023,2023-05-21,Ligue 1,2022/2023,1174,1053,121,0.1030664395229983,540,482,58,0.1074074074074074
3881526,training,b222d05900653e3a9c3b1395fc9afc355a7db68d5a869ee4acf327dd3ee7fd21,female|T5,female,5,2023,2023-05-21,NWSL,2023,863,662,201,0.2329084588644264,388,319,69,0.1778350515463917
3881527,training,8f5fa6c233afa848f590c1dd262248242ed076cee31e6465d3ad8bcb7788fe50,female|T5,female,5,2023,2023-05-21,NWSL,2023,636,474,162,0.2547169811320754,347,286,61,0.1757925072046109
3881528,training,19743baae705c53f8ff334d51ee76481d9c236ca242894abb6d7bf217f207e62,female|T5,female,5,2023,2023-05-21,NWSL,2023,828,622,206,0.2487922705314009,466,372,94,0.2017167381974249
3881529,training,2f559732ddb6913d16194474bec3fd685fae849bad477b5574b7c79d449400d4,female|T5,female,5,2023,2023-05-21,NWSL,2023,741,527,214,0.2887989203778677,364,287,77,0.2115384615384615
3881525,training,031dc1d7ee84ac667e1f59b700faa0c91e703f61c62a59a49a6f6842d8ec4383,female|T5,female,5,2023,2023-05-22,NWSL,2023,845,675,170,0.2011834319526627,397,341,56,0.1410579345088161
3881530,training,0bddad44521ba264467955b91a0ecd16a86d4c247ddace5c5d440afba6342beb,female|T5,female,5,2023,2023-05-22,NWSL,2023,868,637,231,0.2661290322580645,511,404,107,0.2093933463796477
3838004,training,3941bcfc09f523178131cc01d7c5dd78f166f87d57c8d2705a68c201a85d0119,male|T5,male,5,2023,2023-05-27,Ligue 1,2022/2023,1078,999,79,0.0732838589981447,584,549,35,0.059931506849315
3881532,training,94f25ea8c8e7c95b7ffbb4658991e34d0d817d5ca3a84803615eff6f083e8a95,female|T5,female,5,2023,2023-05-27,NWSL,2023,811,606,205,0.2527743526510481,396,313,83,0.2095959595959595
3881534,training,4aad9278718e1a34a1a2d7ae99d65f0d623d5afb1b31a4d5b2ba1da02215572d,female|T5,female,5,2023,2023-05-28,NWSL,2023,922,719,203,0.220173535791757,438,356,82,0.1872146118721461
3881536,training,501596981260f55cc7cc15e80deba9d2d20dc9bb9727ae27036628f28374478b,female|T5,female,5,2023,2023-05-29,NWSL,2023,629,441,188,0.2988871224165342,316,234,82,0.2594936708860759
3838017,training,41877c2f4163d5986ffc7f73355c77cfb7e2d29eef4d7fa26e200fd66a2cdf93,male|T5,male,5,2023,2023-06-03,Ligue 1,2022/2023,1007,895,112,0.1112214498510427,544,498,46,0.0845588235294117
3881537,training,a2d922c83e8cfb85b9816b0b16302e5426621a4914e55190e7e2d60bbe09ff73,female|T5,female,5,2023,2023-06-04,NWSL,2023,723,551,172,0.2378976486860304,440,343,97,0.2204545454545454
3881538,training,b684c7fc8c85351310f07a7cde75cfedbe2e6187fd5848d936a5b9c4673e033c,female|T5,female,5,2023,2023-06-04,NWSL,2023,875,652,223,0.2548571428571428,487,382,105,0.2156057494866529
3881541,training,33975d580f295b25bb9e9d3a4978b35bba681396576802f9da9924650afce74a,female|T5,female,5,2023,2023-06-04,NWSL,2023,694,484,210,0.3025936599423631,369,270,99,0.2682926829268293
3881544,training,34199ef79b2c0ea89dcfb6554128af149b3b40f1d5f3ac52708e55200675114f,female|T6,female,6,2023,2023-06-10,NWSL,2023,1007,846,161,0.1598808341608738,729,622,107,0.1467764060356653
3881545,training,23726cc71a3925d314c6b18ec0069ab4bf975d90b5b45e39f84528558b9c4891,female|T6,female,6,2023,2023-06-11,NWSL,2023,871,623,248,0.2847301951779564,587,455,132,0.2248722316865417
3881547,training,69d04d819c4cc4d48a9a1e765dd6cd1ccea34517537da349b9dd247147cc533d,female|T6,female,6,2023,2023-06-12,NWSL,2023,785,596,189,0.240764331210191,348,274,74,0.2126436781609195
3881549,training,5207ca3e21872268ee036d8af5d359a2af67b2d00bb347214934732018d721a0,female|T6,female,6,2023,2023-06-17,NWSL,2023,724,503,221,0.3052486187845304,336,247,89,0.2648809523809524
3881550,training,aac1e7aed44663629c9b85fc0ab07930d5d925cb473b1722017998594e941809,female|T6,female,6,2023,2023-06-18,NWSL,2023,717,546,171,0.2384937238493724,382,300,82,0.2146596858638743
3881551,training,92a33c658963aa2c88b8378efad98ff003fabcc380f3e57b8731d3f3290e77b0,female|T6,female,6,2023,2023-06-18,NWSL,2023,882,713,169,0.191609977324263,487,403,84,0.1724845995893223
3881552,training,5378ede554587328527577d7e49cfa54c6c272809879443901ca70693eb227a2,female|T6,female,6,2023,2023-06-18,NWSL,2023,848,654,194,0.2287735849056603,427,346,81,0.189695550351288
3881553,training,8c464bfdbe7ba0d17d62498b2683fac90ec4a09f832d091a9c59827b7eb40ce4,female|T6,female,6,2023,2023-06-18,NWSL,2023,700,542,158,0.2257142857142857,339,275,64,0.1887905604719764
3881555,training,2710a496278ea84f074d7b6f2cee14d9e5a9c3cec73f88edeb5594ebf14c199a,female|T6,female,6,2023,2023-06-24,NWSL,2023,723,556,167,0.2309820193637621,347,286,61,0.1757925072046109
3881558,training,55175b03a2637d5f0a70e9564d91ed694e3436a8dd0f555b7d50f539ef64cef1,female|T6,female,6,2023,2023-06-24,NWSL,2023,835,668,167,0.2,499,411,88,0.1763527054108216
3881556,training,3162321e0fb8d038545946a1a020434033478560504278ae1769a13a5148ec37,female|T6,female,6,2023,2023-06-25,NWSL,2023,789,600,189,0.2395437262357414,377,310,67,0.1777188328912466
3881557,training,43184df16e9da50e7e946991d08a267ade562d3c3cf23ba7655b0b90782cc360,female|T6,female,6,2023,2023-06-25,NWSL,2023,877,696,181,0.2063854047890536,444,360,84,0.1891891891891892
3881559,training,6b7d3967af549606a24acbc06ba9cf517b52146c914a66151dae9c7e2587df03,female|T6,female,6,2023,2023-06-26,NWSL,2023,798,578,220,0.2756892230576441,519,410,109,0.210019267822736
3881560,training,4ed59b4a4b65cf242b7807569a55389f9020373f28e00f6d9f22f08d980bf9a7,female|T6,female,6,2023,2023-06-26,NWSL,2023,709,464,245,0.3455571227080395,389,290,99,0.2544987146529563
3881561,training,374185e83b13717cf016b1077774c5e5d23ee43dcc207cac4e1eadb71a9699e8,female|T6,female,6,2023,2023-07-01,NWSL,2023,722,506,216,0.299168975069252,362,277,85,0.2348066298342541
3881563,training,92016afc0657af827fe573a32341575b032899620e89d6ea98f39a0dd679cbd9,female|T6,female,6,2023,2023-07-02,NWSL,2023,791,597,194,0.2452591656131479,394,306,88,0.2233502538071066
3881565,training,55b037e9177028c42ae092a683d48901ff5b03d8c8aa9e24f630643410c8b7b7,female|T6,female,6,2023,2023-07-02,NWSL,2023,776,597,179,0.2306701030927835,398,331,67,0.1683417085427135
3881571,training,b044724f234bb352ed7fe2a0e180ecbfa3a4ecd115a1cace724325abda85698c,female|T6,female,6,2023,2023-07-09,NWSL,2023,557,345,212,0.3806104129263913,263,190,73,0.2775665399239543
3881572,training,a5bc733f99297ee78b323440537948381898064ca4a42ceeaa90f92ac6df94ad,female|T6,female,6,2023,2023-07-10,NWSL,2023,763,590,173,0.2267365661861074,362,300,62,0.1712707182320442
3893787,training,5569f74aad5a674dab1f523813533a140072cea12571ae591290fe7a8c99233b,female|T6,female,6,2023,2023-07-20,Women's World Cup,2023,696,455,241,0.3462643678160919,291,217,74,0.2542955326460481
3893789,training,3209a3338ef5815616ebb0e071a52e14ee410e681ffa42e7e5e4cf9e2330e6e6,female|T6,female,6,2023,2023-07-21,Women's World Cup,2023,996,821,175,0.1757028112449799,636,548,88,0.1383647798742138
3893791,training,3dd306673cb83b3ba2d0db269fffe69f07d41ccdc3686ce37b4a2fdb0cacabfa,female|T6,female,6,2023,2023-07-21,Women's World Cup,2023,744,579,165,0.2217741935483871,386,311,75,0.194300518134715
3893793,training,6b6103d5f13a1bbf6f10272fde8d799438762563af6e7fda1b0e5d7dc2d4da72,female|T6,female,6,2023,2023-07-22,Women's World Cup,2023,1002,746,256,0.2554890219560878,583,447,136,0.2332761578044597
3893795,training,006c9d993385711fa61242a0320ea8b8d9242cdf83e8de9bc791da3f0f829b36,female|T6,female,6,2023,2023-07-22,Women's World Cup,2023,874,643,231,0.2643020594965675,481,377,104,0.2162162162162162
3893796,training,1119a34ddc0884d0ca119115f7813107fdb5493502802bfc0aafb75c82536ec3,female|T6,female,6,2023,2023-07-23,Women's World Cup,2023,794,573,221,0.2783375314861461,384,298,86,0.2239583333333333
3893797,training,af6f59a55584b25f7e5172eebbee932441fe64dd17f23481d52f5723a38d13b1,female|T6,female,6,2023,2023-07-23,Women's World Cup,2023,686,493,193,0.2813411078717201,358,274,84,0.2346368715083799
3893798,training,9c5be4551623cbe4bfbacc163b8058479bf2cae6595276189edb2a5c156760ac,female|T6,female,6,2023,2023-07-23,Women's World Cup,2023,664,473,191,0.2876506024096386,283,229,54,0.1908127208480565
3893799,training,52355d5d91bb2bb5f1cde4ca15b68a5c0f94434115c5e0a380f8e9cc919d1a66,female|T6,female,6,2023,2023-07-24,Women's World Cup,2023,940,744,196,0.2085106382978723,397,330,67,0.1687657430730478
3893800,training,67051758b5db99c88d8975440adb0bff87ac7c1c8c5b5348a513316bb5a34c08,female|T6,female,6,2023,2023-07-24,Women's World Cup,2023,702,523,179,0.254985754985755,356,292,64,0.1797752808988764
3893801,training,95e5118a0d276e37432579fab5f113ebb6b071208590e45f4255df9e5577f14f,female|T6,female,6,2023,2023-07-24,Women's World Cup,2023,781,603,178,0.2279129321382842,445,360,85,0.1910112359550561
3893802,training,70d01d2cdc694287bde5701492d6a18f35c1451f75faee1a4adfc58f7c5afb70,female|T6,female,6,2023,2023-07-25,Women's World Cup,2023,595,397,198,0.3327731092436974,312,235,77,0.2467948717948718
3893803,training,4511deefcb4f46e5b54563d1e5b6e39568baa4f0010b59ec498f155e936f5b87,female|T6,female,6,2023,2023-07-25,Women's World Cup,2023,780,506,274,0.3512820512820512,394,280,114,0.2893401015228426
3893804,training,2fcb6ed2a49432593826f9a89f24e9806fd5a3e00d4d0ff3fcdc75cb7f7104c3,female|T6,female,6,2023,2023-07-25,Women's World Cup,2023,938,737,201,0.2142857142857142,437,367,70,0.160183066361556
3893805,training,3f6a81991403bff763b797d6732e31dfbbf0e63ccd7f79f2d920a1c0567a54df,female|T6,female,6,2023,2023-07-26,Women's World Cup,2023,956,754,202,0.2112970711297071,564,453,111,0.1968085106382978
3893806,training,31800006077d760d92257fc488d684ad24c188981cbd425a72320e6620a01d1f,female|T6,female,6,2023,2023-07-26,Women's World Cup,2023,965,758,207,0.2145077720207253,580,464,116,0.2
3893808,training,932aff445d7fc4acb93cc9f9bc929f7e748d79802b0fe17da8d3a4e6f666dfd2,female|T6,female,6,2023,2023-07-27,Women's World Cup,2023,839,628,211,0.2514898688915375,549,444,105,0.1912568306010929
3893809,training,891a3aa2ab3b2eb22177eb4677abdc69816d6dac06aa0c9feeea1e6888507b4e,female|T6,female,6,2023,2023-07-27,Women's World Cup,2023,727,521,206,0.2833562585969739,385,280,105,0.2727272727272727
3893811,training,988fad71eb0720c2517097a4857e68cfad4be434a6738575c762368d0e0d2344,female|T6,female,6,2023,2023-07-28,Women's World Cup,2023,839,653,186,0.2216924910607866,423,349,74,0.1749408983451536
3893812,training,4ef927206eab875bbc6e89302df878fc42b10068f4465a9cafa412d0ba56ae02,female|T6,female,6,2023,2023-07-28,Women's World Cup,2023,803,567,236,0.2938978829389788,431,320,111,0.2575406032482598
3893813,training,2183b7bbde9afbdfb2662a538dff70e7edf3cf2ef36210af88ae0f95e2a8feac,female|T6,female,6,2023,2023-07-28,Women's World Cup,2023,747,551,196,0.2623828647925033,386,296,90,0.233160621761658
3893814,training,b246fbc2615f5d6adb9160a441f4c447cd1183550ba63a154104e87701e8e4c7,female|T6,female,6,2023,2023-07-29,Women's World Cup,2023,874,665,209,0.2391304347826087,491,409,82,0.1670061099796334
3893815,training,35f97724904360a19cb2e983d14a370f8c140bba106a141d8fa84fb887477dce,female|T6,female,6,2023,2023-07-29,Women's World Cup,2023,743,511,232,0.3122476446837147,417,315,102,0.2446043165467626
3893816,training,82b0e370d5712f24ffcf275fa4679f1b8f4548938eb05904e38c966442c00caa,female|T6,female,6,2023,2023-07-29,Women's World Cup,2023,675,477,198,0.2933333333333333,341,257,84,0.2463343108504398
3893817,training,a2198b8ffe65a98533e27ef6cc75aec2ce28470f277adbc69f489dc764f9d7d7,female|T6,female,6,2023,2023-07-30,Women's World Cup,2023,964,707,257,0.266597510373444,558,445,113,0.2025089605734767
3893818,training,80473bfc5f25f6a58d6e7f92c05f5ef71354fa8052bf5a402b2e30512d4bd8a8,female|T6,female,6,2023,2023-07-30,Women's World Cup,2023,821,611,210,0.2557856272838002,438,353,85,0.1940639269406392
3893819,training,5ad1653f68d52aaab3e993a498fe0c86c342842d40c82c9c15ef3861bf32b16c,female|T6,female,6,2023,2023-07-30,Women's World Cup,2023,693,496,197,0.2842712842712843,365,274,91,0.2493150684931507
3893820,training,8c1f9cfbd448226d7395862a377b575e259a3179a8c5906614bc0390d93ca95c,female|T6,female,6,2023,2023-07-30,Women's World Cup,2023,878,673,205,0.2334851936218678,495,403,92,0.1858585858585858
3893821,training,46d3399bdd392e196b7ff8900c074cd9b50449f55f5907ea92a6ad328771c68f,female|T6,female,6,2023,2023-07-31,Women's World Cup,2023,822,568,254,0.3090024330900243,473,355,118,0.2494714587737843
3893822,training,1207cc26a21637084b099e301628437803f267baf75274299f12d5a6cd07eeb5,female|T6,female,6,2023,2023-07-31,Women's World Cup,2023,1154,948,206,0.1785095320623916,618,527,91,0.1472491909385113
3893823,training,3c19dbc9bcdf994954bdfa2caad0e8138b43967de0dbfefd78a9db313938d6f0,female|T6,female,6,2023,2023-07-31,Women's World Cup,2023,637,429,208,0.3265306122448979,260,187,73,0.2807692307692307
3893825,training,703cf2617787f25d798176217b675d4ea3ea87a2bc17bc5b1489cd836881f80e,female|T6,female,6,2023,2023-08-01,Women's World Cup,2023,748,515,233,0.3114973262032086,476,352,124,0.2605042016806723
3893827,training,59b0c0711c201729ec4a84c3cc244742858cc518bdb8679996e4b95dbc1b18c6,female|T6,female,6,2023,2023-08-01,Women's World Cup,2023,981,787,194,0.1977573904179408,593,496,97,0.163575042158516
3893829,training,52420faa0659752b604f36cddce261764e5b340a1f56de6dd452099c6276048e,female|T6,female,6,2023,2023-08-02,Women's World Cup,2023,687,497,190,0.2765647743813683,338,261,77,0.2278106508875739
3893830,training,1eadfc6eb8c80ee2c5d89f8b3fbdd55e93173b0843ee9e8a9197b1c008373672,female|T6,female,6,2023,2023-08-02,Women's World Cup,2023,716,535,181,0.2527932960893855,406,323,83,0.2044334975369458
3893832,training,29b973a7e9340177fcf8349611ac98e2455bf80a7c003eebd5c3f3f4df488cdb,female|T6,female,6,2023,2023-08-02,Women's World Cup,2023,840,580,260,0.3095238095238095,324,231,93,0.287037037037037
3893834,training,1cc9b0e1083fb56f5a1cec294e084fd66f9bc867b48c34f9bc5721b9d2b97ad0,female|T6,female,6,2023,2023-08-03,Women's World Cup,2023,777,562,215,0.2767052767052767,446,347,99,0.2219730941704036
3901734,training,0a010f4c2328cf00fb06d04962b5dfebfe496d38cebf9405271330b2522b1b26,female|T6,female,6,2023,2023-08-05,Women's World Cup,2023,1001,809,192,0.1918081918081918,466,388,78,0.167381974248927
3901797,training,592e2c1cf4f9facd58ee6cf72d9141cb967886a81ad83361a3974604ce2c8372,female|T6,female,6,2023,2023-08-06,Women's World Cup,2023,997,741,256,0.2567703109327984,544,444,100,0.1838235294117647
3901735,training,60c1920e8476cb587b392eb0128c22e6a4c745c7a9a2ad5ae322db0650fb6ecf,female|T6,female,6,2023,2023-08-07,Women's World Cup,2023,921,689,232,0.251900108577633,493,386,107,0.2170385395537525
3901736,training,224a9659c5e836b264ab0699a16b9396a441fe05012e29652baa09feee5c451d,female|T6,female,6,2023,2023-08-07,Women's World Cup,2023,851,627,224,0.263219741480611,459,364,95,0.2069716775599128
3901832,training,7dcf96ee0231678a8453ed37c0785881ba00a95d5a5bd2e7fa37b3eb468260e4,female|T6,female,6,2023,2023-08-08,Women's World Cup,2023,633,422,211,0.3333333333333333,304,221,83,0.2730263157894737
3901833,training,33045e435d8e2f9c10946dd0de8fd199f802c9016807817a0c82c44f7e77ba14,female|T6,female,6,2023,2023-08-08,Women's World Cup,2023,853,628,225,0.2637749120750293,434,332,102,0.2350230414746544
3902239,training,1f874a872cbd4177e471f2af9ccfd406daf3323716558e905a8526b49e6c78a7,female|T6,female,6,2023,2023-08-11,Women's World Cup,2023,976,778,198,0.2028688524590164,458,385,73,0.1593886462882096
3902240,training,733f4f28bfa057fe942dad94eb0abbc9526fe9f0261bb81b47f50ac009c27390,female|T6,female,6,2023,2023-08-11,Women's World Cup,2023,1066,755,311,0.2917448405253283,606,460,146,0.2409240924092409
3902967,training,62fc32c09e15ff527315bfc7f5f32da1a7944a1b181225f12a463198d35dc916,female|T6,female,6,2023,2023-08-12,Women's World Cup,2023,818,638,180,0.2200488997555012,358,275,83,0.2318435754189944
3904628,training,855f725d64c7afc98aa0ebf0c12b56654bc8e948cb4d3dcc5b13571d277b9720,female|T6,female,6,2023,2023-08-15,Women's World Cup,2023,808,582,226,0.2797029702970297,477,375,102,0.2138364779874214
3904629,training,105de1a94cbfb96e2a2ad859aec5296f190560d264735741cb11ec0bb7091212,female|T6,female,6,2023,2023-08-16,Women's World Cup,2023,794,629,165,0.207808564231738,453,386,67,0.1479028697571744
3895052,training,3e4a41a14abe07f1972fb0564b13a7d5ebf8a55a3524e75c71b320a91c1a1167,male|T6,male,6,2023,2023-08-19,1. Bundesliga,2023/2024,993,833,160,0.161127895266868,528,445,83,0.1571969696969697
3881574,training,1c7970783d81a768f4f987e07e8875f07a7686ca4649f60bdcfc438c699377d5,female|T6,female,6,2023,2023-08-20,NWSL,2023,773,566,207,0.2677878395860285,436,345,91,0.2087155963302752
3881576,training,5d52d8c58c879b4ccc1257d0c057cfa523e5e9398ccfc1296ba5bcb410c8c449,female|T6,female,6,2023,2023-08-20,NWSL,2023,718,534,184,0.2562674094707521,383,314,69,0.1801566579634465
3906390,training,a08e65ee619a0d6f3b36b2e6177f92ae9a53df62e7938926abbb2540aa45a1d0,female|T6,female,6,2023,2023-08-20,Women's World Cup,2023,824,643,181,0.2196601941747573,521,433,88,0.1689059500959693
3881577,training,42a0c912b0e6075c492d3d97715fb5998d371a4ab61eef913efbcdcfc0ef9306,female|T6,female,6,2023,2023-08-21,NWSL,2023,863,718,145,0.168018539976825,523,450,73,0.1395793499043977
3881578,training,05f70a765c804628cbb6897bf0659918260084f32a8c53333ffb113c3725030c,female|T6,female,6,2023,2023-08-21,NWSL,2023,1033,847,186,0.1800580832526621,521,437,84,0.1612284069097888
3881579,training,56d64e480ecde5382f5d3cd6c23d74779927afa2e2dfd485c9fa74b2b17c9f97,female|T6,female,6,2023,2023-08-26,NWSL,2023,745,583,162,0.2174496644295302,426,345,81,0.1901408450704225
3881582,training,b07e303b4bbdbe7b1f4570b27072d9c69770c1008084e86d90999018c25eeacf,female|T6,female,6,2023,2023-08-27,NWSL,2023,810,666,144,0.1777777777777777,447,383,64,0.1431767337807606
3881583,training,55a912e6386318d54e12a233785633439ed013c3abf3cb902572629a505aa19d,female|T6,female,6,2023,2023-08-27,NWSL,2023,784,586,198,0.2525510204081632,406,316,90,0.2216748768472906
3881581,training,7598fbd715d7781779be4cd0e8f0e86eef1a67ce21450dc69715dafa4b80407e,female|T6,female,6,2023,2023-08-28,NWSL,2023,841,646,195,0.2318668252080856,419,336,83,0.198090692124105
3881584,training,08dab97b3fc53931ef5c8a1d45389c3fa796183df611006165e532a85edbeea0,female|T6,female,6,2023,2023-08-28,NWSL,2023,790,586,204,0.2582278481012658,483,403,80,0.165631469979296
3881588,training,874f9d0824fa8518232b808cb8df9515f4067b654a1b5991ec9a43cffe29c569,female|T6,female,6,2023,2023-09-03,NWSL,2023,857,667,190,0.2217036172695449,473,397,76,0.160676532769556
3877090,training,b957daa31862dd1066aa5a0e7da605e5b6323ab24b618751095dd6f4f2556c63,male|T6,male,6,2023,2023-09-04,Major League Soccer,2023,809,650,159,0.1965389369592089,414,344,70,0.1690821256038647
3881587,training,4aa5c2c05bbace1a6e78396ce7fc158d74d6a8b69ff5e30f6c0c39c23079614c,female|T6,female,6,2023,2023-09-04,NWSL,2023,768,590,178,0.2317708333333333,449,374,75,0.1670378619153674
3881589,training,618e1aed1c0bf9841928eeed82ce26acb86ba1d27b65a3a1c3a6d5c1806cbe02,female|T6,female,6,2023,2023-09-04,NWSL,2023,783,637,146,0.1864623243933588,449,372,77,0.1714922048997773
3881590,training,38d975eb34adc51d4d587e587b2de2ec7640a98bf7ed5771411dfbf46477f5ab,female|T6,female,6,2023,2023-09-04,NWSL,2023,791,600,191,0.2414664981036662,405,328,77,0.1901234567901234
3895074,training,77113c39537a3ee2009f4437d2720faaf77b138dd3e62e0eb4293f8d30113ace,male|T6,male,6,2023,2023-09-15,1. Bundesliga,2023/2024,1167,1013,154,0.1319622964867181,664,587,77,0.1159638554216867
3881591,training,5adf59817ac5fcc1efc846f1ea8151b8673ae5478c3e209287f503ae2e4a10ab,female|T6,female,6,2023,2023-09-16,NWSL,2023,744,571,173,0.2325268817204301,356,290,66,0.1853932584269663
3910621,training,102eb32522444d516890892cfdc72559cd501807be88aae1725bbe1385d920d0,female|T6,female,6,2023,2023-09-16,Serie A Women,2023/2024,836,627,209,0.25,489,393,96,0.1963190184049079
3910623,training,9040b116e8f6bd613abc6e32094f9c24d1889533f8a008cdeecd402af500325b,female|T6,female,6,2023,2023-09-16,Serie A Women,2023/2024,810,657,153,0.1888888888888888,391,330,61,0.1560102301790281
3910731,training,175afa0ed725aae778cb3bf4514e1ef8bb7dcad35eb5beb90f7cf7108975cbb0,female|T6,female,6,2023,2023-09-16,Frauen Bundesliga,2023/2024,698,512,186,0.2664756446991404,455,356,99,0.2175824175824176
3910745,training,59dd954771e9fd0e3790ad46744ee0c0e045c9e5fc985826ea4d333ca7017c87,female|T6,female,6,2023,2023-09-16,Liga F,2023/2024,726,521,205,0.2823691460055096,459,359,100,0.2178649237472767
3910746,training,69c33448c3f63e1b822586fbcaba86f7a6879456571acc372a51e4babd883100,female|T6,female,6,2023,2023-09-16,Liga F,2023/2024,901,731,170,0.1886792452830188,572,490,82,0.1433566433566433
3910747,training,856d8066c9328ab331ef81680c59db83f5771a121d95ef895446f03fb227e8c5,female|T6,female,6,2023,2023-09-16,Liga F,2023/2024,571,374,197,0.3450087565674256,238,178,60,0.2521008403361344
3910748,training,87e115e7e4784dd1356b59de8ecfb32c1313328b3a172bd0bfb8e3cf3ab48515,female|T6,female,6,2023,2023-09-16,Liga F,2023/2024,1001,815,186,0.1858141858141858,526,440,86,0.1634980988593156
3881592,training,508fa7712be28ee9f2f9c45294fcabc95707a3d1f13ac4182cf1b8e22d775c9a,female|T6,female,6,2023,2023-09-17,NWSL,2023,869,699,170,0.1956271576524741,451,375,76,0.1685144124168514
3881593,training,8119b2998c777b059bc16c5d15399aaaffa074cea50b9ee2e6a892bd96ee6edb,female|T6,female,6,2023,2023-09-17,NWSL,2023,1019,799,220,0.2158979391560353,604,493,111,0.1837748344370861
3910622,training,7d13d5564a23c0bc4a0df256664192ff6c6891d919e6ab31099fee03e4a5eb1c,female|T6,female,6,2023,2023-09-17,Serie A Women,2023/2024,744,557,187,0.2513440860215054,381,300,81,0.2125984251968504
3910624,training,874a5a7c2572721fea6c0c081fd3da296fcf888352a8585121544b7dbd18a873,female|T6,female,6,2023,2023-09-17,Serie A Women,2023/2024,853,680,173,0.2028135990621336,525,439,86,0.1638095238095238
3910733,training,432d25a0a6fff085a58a0e0f70451693544c97fe8608d28b727d75012df005fa,female|T6,female,6,2023,2023-09-17,Frauen Bundesliga,2023/2024,633,420,213,0.3364928909952606,354,254,100,0.2824858757062147
3910750,training,2bd9c8dd16d2e5dc088a78c3358755486f583e940a072f16e7720ec91246d4dc,female|T6,female,6,2023,2023-09-17,Liga F,2023/2024,961,772,189,0.1966701352757544,506,420,86,0.1699604743083003
3881596,training,264c78044f1e5154983200bd56c0d4903cdc4b2a42509baf3cba0abbee924742,female|T6,female,6,2023,2023-09-18,NWSL,2023,727,522,205,0.2819807427785419,331,264,67,0.202416918429003
3877115,training,117f29df259b1cb8a6842bc79befac9a8f59778a8fe87a9096a4e76bb0e4aadd,male|T6,male,6,2023,2023-09-21,Major League Soccer,2023,1127,996,131,0.1162377994676131,699,631,68,0.0972818311874105
3895086,training,82b73350ab98f8c4fa070f1257c89c797a4c871ecdfc9adc965c8941a1d209c6,male|T6,male,6,2023,2023-09-24,1. Bundesliga,2023/2024,1148,998,150,0.1306620209059233,652,585,67,0.102760736196319
3911755,training,382d4964ef691a0cae827a3cb93856d6e4d65ce44040d7a16f474ffbdfeffbfd,female|T6,female,6,2023,2023-09-29,Frauen Bundesliga,2023/2024,758,553,205,0.2704485488126649,363,284,79,0.2176308539944903
3881599,training,11ba30c871e2f1730c25df893600875b9c1020f968987eb03e0a27cb8ca82758,female|T6,female,6,2023,2023-09-30,NWSL,2023,734,552,182,0.2479564032697547,422,337,85,0.2014218009478673
3895095,training,9e0ffbae8811906dbf84a452cd870dadb90f52db73ec0861d2207b15a5efcd84,male|T6,male,6,2023,2023-09-30,1. Bundesliga,2023/2024,1080,913,167,0.1546296296296296,468,402,66,0.141025641025641
3910931,training,1af785dead1f315e98b66b20475e3c4ac311b985289f85271e8e6418a4edfe21,female|T6,female,6,2023,2023-09-30,Liga F,2023/2024,714,536,178,0.2492997198879551,361,285,76,0.2105263157894736
3910933,training,1ba40b53487b4c907e0b6fb3f22ce66b34636aaa395b88a436de5bce459c3660,female|T6,female,6,2023,2023-09-30,Liga F,2023/2024,897,735,162,0.1806020066889632,476,407,69,0.1449579831932773
3910934,training,96af3adc28cbe8e9e8e67d395ff9c1489e42cb75eb9c812c0e6b85f2b3ce32f2,female|T6,female,6,2023,2023-09-30,Liga F,2023/2024,830,679,151,0.1819277108433735,488,415,73,0.1495901639344262
3911869,training,a8918c40473ea3062ba1d9ec8f529277ffea979dfc855864c41bf324559fb319,female|T6,female,6,2023,2023-09-30,Serie A Women,2023/2024,867,676,191,0.2202998846597462,455,379,76,0.167032967032967
3881598,training,457b8b4d9aecf153aa09c7f749732dd25abcb51ccf6608cc6df00ce375b2a4ff,female|T6,female,6,2023,2023-10-01,NWSL,2023,830,632,198,0.2385542168674699,412,333,79,0.1917475728155339
3881600,training,59aa358817f55c107eb60ca701dfc591f375c6aa8310165e97a4e721bcd0d44b,female|T6,female,6,2023,2023-10-01,NWSL,2023,837,652,185,0.2210274790919952,469,384,85,0.1812366737739872
3910936,training,9265a7b9d95043a7ee750fae8a3db907d6c62a2cdd7203bf3beeb7bb7943d925,female|T6,female,6,2023,2023-10-01,Liga F,2023/2024,942,736,206,0.2186836518046709,438,349,89,0.2031963470319634
3910937,training,3f557c864c0bb0ffe51d167895f70a170d13bdca144aee067dfcd2dd3e8e6009,female|T6,female,6,2023,2023-10-01,Liga F,2023/2024,790,588,202,0.2556962025316455,414,332,82,0.1980676328502415
3910938,training,86e480fa9b858b39a849290665958eabc29bf27884f937b106b7828957a99409,female|T6,female,6,2023,2023-10-01,Liga F,2023/2024,791,559,232,0.293299620733249,425,329,96,0.2258823529411764
3911758,training,a61650d72c4b4ff5acced85aed1b48e82ed9da088b884f47098395f15cba5503,female|T6,female,6,2023,2023-10-01,Frauen Bundesliga,2023/2024,974,751,223,0.2289527720739219,498,395,103,0.2068273092369477
3911759,training,0db0dd9e328d1bbb900d793c6ef216757bd0f3ac21daa7132f07bf9f0d6ee8bb,female|T6,female,6,2023,2023-10-01,Frauen Bundesliga,2023/2024,825,562,263,0.3187878787878788,391,288,103,0.2634271099744245
3911872,training,b08ac65b5cf9450f4e477cfd13b6be1ada1cb8a996d6df9d49e1c0047fa9d2c0,female|T6,female,6,2023,2023-10-01,Serie A Women,2023/2024,703,545,158,0.22475106685633,290,240,50,0.1724137931034483
3912592,training,19c99f48acfc04324103f19a5156fce56e9a8d33f933063f7fdffbec408cb70f,female|T6,female,6,2023,2023-10-01,FA Women's Super League,2023/2024,804,626,178,0.2213930348258706,462,381,81,0.1753246753246753
3912595,training,2390b4606e50e2b1e9b44fa1b46e593362f2e2a0182163e283a392c7f3b99422,female|T6,female,6,2023,2023-10-01,FA Women's Super League,2023/2024,804,636,168,0.208955223880597,339,282,57,0.168141592920354
3912596,training,4cc07c5c5eeb8ad026d332dfe68880c39e189bb842769dab89b31fc41e62a2cf,female|T6,female,6,2023,2023-10-01,FA Women's Super League,2023/2024,934,737,197,0.2109207708779443,486,397,89,0.1831275720164609
3912597,training,53c5f449c9f6311b915cc25e9648fd2fa7c1ce03dda7b35213249cce94d83e72,female|T6,female,6,2023,2023-10-01,FA Women's Super League,2023/2024,1014,843,171,0.1686390532544378,696,604,92,0.132183908045977
3881601,training,75a12830fca756702ff4bc6cfd5a885a881bd13679ea0658dd8b5f25ab6f6cf5,female|T6,female,6,2023,2023-10-02,NWSL,2023,633,461,172,0.2717219589257504,253,192,61,0.2411067193675889
3881602,training,b0f536a9c954e9acbc9a11569a21792af4ff20554ea4dbc6edb91781c362e5bc,female|T6,female,6,2023,2023-10-02,NWSL,2023,933,758,175,0.187566988210075,560,463,97,0.1732142857142857
3911760,training,a8cbdbf711a0f5d5c7dcad5d4cda61c8cf9e6642bf8b459e75b758b6acef55f3,female|T6,female,6,2023,2023-10-02,Frauen Bundesliga,2023/2024,875,673,202,0.2308571428571428,420,348,72,0.1714285714285714
3911873,training,3d547110356a3a232f3416bc7bf5bb4aa29b76d16ef15a05c28bfaddbdab1b89,female|T6,female,6,2023,2023-10-02,Serie A Women,2023/2024,851,630,221,0.2596944770857814,456,344,112,0.2456140350877192
3910743,training,3c4ae3fa514a256c7b1a7a5b2bed328bc049fd0f094308beb2f178227ebe9efa,female|T6,female,6,2023,2023-10-03,Liga F,2023/2024,875,682,193,0.2205714285714285,468,372,96,0.2051282051282051
3910736,training,6081fa0a2df2031fde356360df13b7160ccf9dfec6c2c6a652f12b911729c622,female|T6,female,6,2023,2023-10-04,Liga F,2023/2024,654,497,157,0.2400611620795107,364,294,70,0.1923076923076923
3910737,training,7845649ed7da257c795e9d64a609f9f622d4a8f10becbf6dae64156055058828,female|T6,female,6,2023,2023-10-04,Liga F,2023/2024,833,670,163,0.1956782713085234,451,370,81,0.17960088691796
3910739,training,2e5c7ddbdf2374c85cdb87db70529cdc7092cd029388fdc42ae4da7f510103e8,female|T6,female,6,2023,2023-10-04,Liga F,2023/2024,862,671,191,0.2215777262180974,486,383,103,0.2119341563786008
3910742,training,9a5b6affff13c30012e1df92923a1fbef4668fe1710ced39471103f0a80bfaaa,female|T6,female,6,2023,2023-10-05,Liga F,2023/2024,884,632,252,0.2850678733031674,503,375,128,0.2544731610337972
3912598,training,abe40e05ddf46fcd810eded7c43b3d8f4d21fe4b8e4b0231bfc658ab47426c6a,female|T6,female,6,2023,2023-10-06,FA Women's Super League,2023/2024,864,681,183,0.2118055555555555,458,375,83,0.1812227074235808
3881605,training,02dc52f8183a5a7f207e6a3e04b092f64d4138eabafe1e7f9d6f28ca092b30fa,female|T6,female,6,2023,2023-10-07,NWSL,2023,764,588,176,0.2303664921465968,468,380,88,0.188034188034188
3910945,training,9a0a96cf3759d1d6ae3c99adbc1d613b2e1a9091b16f7c61b7df846a25cb1d13,female|T6,female,6,2023,2023-10-07,Liga F,2023/2024,845,664,181,0.2142011834319526,420,341,79,0.1880952380952381
3911762,training,294c3bc1a2155dd0bf78fd020582caf23fe7e3945e769c0b1eec974450189725,female|T6,female,6,2023,2023-10-07,Frauen Bundesliga,2023/2024,793,565,228,0.287515762925599,360,269,91,0.2527777777777777
3911763,training,510398f839c4fb33f07ccaf50c2d3db756e52caf437e85f8593bd7d340239fac,female|T6,female,6,2023,2023-10-07,Frauen Bundesliga,2023/2024,842,594,248,0.2945368171021377,406,310,96,0.2364532019704433
3912477,training,a350b183c937ddc811ff3fc5efa20061be7af4c6ce7c48435c74efeea700c82c,female|T6,female,6,2023,2023-10-07,Serie A Women,2023/2024,773,607,166,0.2147477360931436,415,335,80,0.1927710843373494
3912478,training,780f0e020aa4b79893438dc37ba0c1e167f52c5e8006ddffc0c598192572be91,female|T6,female,6,2023,2023-10-07,Serie A Women,2023/2024,763,586,177,0.2319790301441677,382,320,62,0.1623036649214659
3877170,training,03cd5d61b50fe161420362e49cd69bd1f9867803a35c9ce54581079627bd5ad0,male|T6,male,6,2023,2023-10-08,Major League Soccer,2023,854,703,151,0.1768149882903981,424,356,68,0.160377358490566
3881603,training,68ef8051bca38990b977d8a6d51f431ea6696784679b939801fb0c87da3a137b,female|T6,female,6,2023,2023-10-08,NWSL,2023,785,593,192,0.2445859872611465,313,250,63,0.2012779552715655
3881606,training,57f303f0c73e8d7d61371b2f375a3a89e186afe1cbe863e8bac4ff197a0bdfb1,female|T6,female,6,2023,2023-10-08,NWSL,2023,898,692,206,0.2293986636971046,467,386,81,0.1734475374732334
3881607,training,36e914141ce264e3d8764795e9b79483185fc8623859a0d2be0205c533a4d416,female|T6,female,6,2023,2023-10-08,NWSL,2023,782,625,157,0.20076726342711,365,303,62,0.1698630136986301
3910939,training,b14a5f272c2226816d2884c29dac6b3ef26aac6e89e212c082e47c3eb11aeea4,female|T6,female,6,2023,2023-10-08,Liga F,2023/2024,789,587,202,0.256020278833967,432,343,89,0.2060185185185185
3910943,training,918a6c5d086d6cc44478f82aaf0429f770e3f559f337c2912c8ef0e3f2d8c2f6,female|T6,female,6,2023,2023-10-08,Liga F,2023/2024,1104,938,166,0.1503623188405797,647,556,91,0.1406491499227202
3910944,training,6441b1d291448cb86edf527aaa6c5239ecf0fcbb089974d3e6dcfa81836f9097,female|T6,female,6,2023,2023-10-08,Liga F,2023/2024,958,806,152,0.1586638830897703,533,470,63,0.1181988742964352
3911765,training,9c1dcd764f56e227ee657fec88bcb5b90bf326ea5be9e4ae6883eb36c84e90be,female|T6,female,6,2023,2023-10-08,Frauen Bundesliga,2023/2024,676,452,224,0.3313609467455621,355,275,80,0.2253521126760563
3912480,training,9b1c1dda3b90bc219e956153d6237ea5bd599e2f7843bbdc43a51df1ce445472,female|T6,female,6,2023,2023-10-08,Serie A Women,2023/2024,698,509,189,0.2707736389684814,353,274,79,0.2237960339943343
3912481,training,ad30398c8de2770bf80aa5c89e3694ed99b0aa0862a73a4a046cb75eac67fcac,female|T6,female,6,2023,2023-10-08,Serie A Women,2023/2024,707,521,186,0.263083451202263,370,286,84,0.227027027027027
3912599,training,7eb7c56e134e5d497546c1bc6172dd0d6a5be3b741c160d8e440e66d09003683,female|T6,female,6,2023,2023-10-08,FA Women's Super League,2023/2024,801,606,195,0.2434456928838951,474,385,89,0.1877637130801688
3912600,training,a0bfec18698156752a4bef64b629a4d190da67c0e2fde2b7687dc64f40e316a1,female|T6,female,6,2023,2023-10-08,FA Women's Super League,2023/2024,883,646,237,0.2684031710079275,511,392,119,0.2328767123287671
3912601,training,90458b120ab15bf9c7ec479b1f87b86818363672b9d77ed09edfb9fc04702efc,female|T6,female,6,2023,2023-10-08,FA Women's Super League,2023/2024,883,688,195,0.2208380520951302,479,393,86,0.1795407098121085
3881608,training,0e3255f4fc9ce0e25e542f6b3f78906b5913892b93c8293a11e4c3e2e0e16e68,female|T6,female,6,2023,2023-10-09,NWSL,2023,754,560,194,0.2572944297082228,380,292,88,0.231578947368421
3910941,training,5eac2eae309c64c4d2de77fd18ac150039d88bf6c0feea53b4bfc30ba6fae01d,female|T6,female,6,2023,2023-10-09,Liga F,2023/2024,860,654,206,0.2395348837209302,417,330,87,0.2086330935251798
3911767,training,1494b59070cb2b1d324076366cfc6ce615f5babdf03d85af6a6bb73533bbefc6,female|T6,female,6,2023,2023-10-13,Frauen Bundesliga,2023/2024,796,603,193,0.2424623115577889,495,394,101,0.204040404040404
3910947,training,43ca23f2fad57a824035620bc782caaaeb48b69bb091679ac0398034846e9e2d,female|T6,female,6,2023,2023-10-14,Liga F,2023/2024,819,625,194,0.2368742368742368,415,348,67,0.1614457831325301
3910949,training,320b5642b4624c084df1374e1c236d3175d89b2465a88a7784b13ad6bf5179d1,female|T6,female,6,2023,2023-10-14,Liga F,2023/2024,859,663,196,0.2281722933643772,575,456,119,0.2069565217391304
3910953,training,9df61d80c36235ed71bef18da486cc5028b25bd7589c36d32eab785ccc481df2,female|T6,female,6,2023,2023-10-14,Liga F,2023/2024,904,675,229,0.2533185840707964,484,377,107,0.2210743801652892
3911768,training,8a746f428810ce4d22573b5675eadcbcf0a5202eb7575bb506e1d24818fc840f,female|T6,female,6,2023,2023-10-14,Frauen Bundesliga,2023/2024,937,752,185,0.1974386339381003,513,421,92,0.1793372319688109
3912483,training,515a8777262f89337c2f1a0c90d57b25d405cb7d350283c13f30f9c7ab68d721,female|T6,female,6,2023,2023-10-14,Serie A Women,2023/2024,727,547,180,0.2475928473177441,353,278,75,0.2124645892351274
3912485,training,7cdd5f74e9dedeb2925624133b2869910dbc0eefbab0648cd55d046804da4d46,female|T6,female,6,2023,2023-10-14,Serie A Women,2023/2024,660,454,206,0.3121212121212121,413,305,108,0.261501210653753
3881612,training,7b894d03692995321e16f5caee072c5f7f0c932e83a038565a8b498836ff6e41,female|T6,female,6,2023,2023-10-15,NWSL,2023,840,605,235,0.2797619047619047,389,279,110,0.2827763496143959
3910951,training,45f27487f220f1da0b84840de0d39c54c1a0b0f5fb1bdd061c2cea01234b7a41,female|T6,female,6,2023,2023-10-15,Liga F,2023/2024,823,657,166,0.2017010935601458,517,426,91,0.1760154738878143
3910952,training,451ecfcfff8ee1ff73edc4e47289e6505f1a3025a82f25a3c56af905e30f0198,female|T6,female,6,2023,2023-10-15,Liga F,2023/2024,704,528,176,0.25,312,252,60,0.1923076923076923
3911770,training,690694a340542e316fd036c121deb5c181a5d75d1f960396906f225b7defe75e,female|T6,female,6,2023,2023-10-15,Frauen Bundesliga,2023/2024,936,652,284,0.3034188034188034,490,359,131,0.2673469387755102
3911771,training,65c415e1ae3d772454259500eefa7b120e437e532de61a9077c23a9a0d6fe9ed,female|T6,female,6,2023,2023-10-15,Frauen Bundesliga,2023/2024,894,684,210,0.2348993288590604,533,435,98,0.1838649155722326
3912482,training,317f518fe3157dd633c980cfe6f9c3d9937b2d731ece7eaf3827711134fbec15,female|T6,female,6,2023,2023-10-15,Serie A Women,2023/2024,779,589,190,0.2439024390243902,353,280,73,0.206798866855524
3912484,training,3455c7198642bff2160f84ff798671429d4a120652f8b5fab45862f15e8da0d4,female|T6,female,6,2023,2023-10-15,Serie A Women,2023/2024,839,679,160,0.1907032181168057,432,369,63,0.1458333333333333
3913071,training,2023c9b1d604945325899a8aa35cad63025e3805fdb41687f1198bde2a9ebe5f,female|T6,female,6,2023,2023-10-15,FA Women's Super League,2023/2024,848,652,196,0.2311320754716981,504,409,95,0.1884920634920635
3913073,training,46e9e3aea1e306eab0ae15b5b832fea39f2660cdfe36f36c579f90123913b35c,female|T6,female,6,2023,2023-10-15,FA Women's Super League,2023/2024,936,750,186,0.1987179487179487,570,472,98,0.1719298245614035
3881609,training,42591835f56881c318c9a1c0142abc896016b32dedfc391c978d34e3a1afceb3,female|T6,female,6,2023,2023-10-16,NWSL,2023,797,631,166,0.2082810539523212,405,336,69,0.1703703703703703
3881610,training,602a139c38e099d67b1b033f24750019676000a59e352c2c440eb57d78ba85cf,female|T6,female,6,2023,2023-10-16,NWSL,2023,708,527,181,0.2556497175141243,334,273,61,0.1826347305389221
3881611,training,1321d680237d7e49dadd2949c8b44215d34d29975df0664739fcf9534d4be7d8,female|T6,female,6,2023,2023-10-16,NWSL,2023,832,654,178,0.2139423076923076,404,340,64,0.1584158415841584
3881613,training,700f5df5a2c1951b13dac5eaa5d58f70b084ced0df17190510c2be269cb9cba0,female|T6,female,6,2023,2023-10-16,NWSL,2023,903,728,175,0.1937984496124031,613,516,97,0.1582381729200652
3881614,training,42210f74da846586ae5a2e76a7ad0670dcdefddd50b7bad7c54f337ba2b2eb13,female|T6,female,6,2023,2023-10-16,NWSL,2023,795,639,156,0.1962264150943396,374,310,64,0.1711229946524064
3911772,training,129157869763242d3f1c8851edfe5c28a872acfa76660ed73bb26922dfe0d03e,female|T6,female,6,2023,2023-10-16,Frauen Bundesliga,2023/2024,809,610,199,0.245982694684796,469,362,107,0.2281449893390192
3911773,training,906b0783448313ad461ac9147798039796b18f5ae5cbaacdf4d927deea51cb6c,female|T6,female,6,2023,2023-10-20,Frauen Bundesliga,2023/2024,834,610,224,0.2685851318944844,443,347,96,0.2167042889390519
3895113,training,3fe857a5b2476db16242ac5424c9cc23397c364b59b8a69e0ccd808e44e12c0d,male|T6,male,6,2023,2023-10-21,1. Bundesliga,2023/2024,1039,868,171,0.1645813282001925,507,433,74,0.145956607495069
3910959,training,0506b22427e30bb9ab54fec7260e51dc789538edd0155c20cbf9282c830d448f,female|T6,female,6,2023,2023-10-21,Liga F,2023/2024,656,420,236,0.3597560975609756,330,226,104,0.3151515151515151
3910960,training,a5509a807ee398c270bb9fffb065860d700b6a98ff9a6c5649b0ff7380304f62,female|T6,female,6,2023,2023-10-21,Liga F,2023/2024,795,605,190,0.2389937106918239,374,303,71,0.1898395721925133
3911775,training,44b6384d7f8ad3732d4d7f8ab5995acc81db947aa7b8dcd8ab9022d83196c368,female|T6,female,6,2023,2023-10-21,Frauen Bundesliga,2023/2024,756,518,238,0.3148148148148148,424,328,96,0.2264150943396226
3912489,training,895a4caf61418705f08c38992699d73ca8fcc12e2e3740bf393ba347b653dc3f,female|T6,female,6,2023,2023-10-21,Serie A Women,2023/2024,711,561,150,0.2109704641350211,320,256,64,0.2
3912491,training,5d2bc5411cad45270ffa3d54958e0825c18580e2bf99ee72a12803a8281c34db,female|T6,female,6,2023,2023-10-21,Serie A Women,2023/2024,681,480,201,0.2951541850220264,331,237,94,0.283987915407855
3913075,training,afd7db20860f2a500e4465bc79523c3440917e3d49de76247898d9220409df0f,female|T6,female,6,2023,2023-10-21,FA Women's Super League,2023/2024,1072,885,187,0.1744402985074626,582,495,87,0.1494845360824742
3913076,training,5441fb755c035b04d1e4e50fc42944d318a72afe2c1c02e5b698b85b5b99e673,female|T6,female,6,2023,2023-10-21,FA Women's Super League,2023/2024,822,581,241,0.2931873479318734,473,363,110,0.2325581395348837
3914644,training,7866fa5311ea4b459380217ab3cb93051e19ee61f196a62a1043025e5e5c7b34,female|T6,female,6,2023,2023-10-21,NWSL,2023,877,662,215,0.2451539338654504,481,384,97,0.2016632016632016
3910956,training,1f28c30dac06fa08a67388cba7b745d99aaef3fd2dde86267a6facf95eb2f021,female|T6,female,6,2023,2023-10-22,Liga F,2023/2024,706,476,230,0.3257790368271954,406,294,112,0.2758620689655172
3910957,training,10f2cc0f2905e302e950c5b70ba4171931357a328b0fc0d423ec151ec5340e0b,female|T6,female,6,2023,2023-10-22,Liga F,2023/2024,804,621,183,0.2276119402985074,283,228,55,0.1943462897526501
3911776,training,6702fc212d45ca4bb029f62cd2ae3be2c9950db09fc7a5960cf541cf57aa82d8,female|T6,female,6,2023,2023-10-22,Frauen Bundesliga,2023/2024,765,544,221,0.2888888888888888,353,264,89,0.2521246458923513
3911777,training,17387cb9db4c981718be6ec1c4131a8c9ba9b6cf2198d5e53a0a3d289e0a1a8b,female|T6,female,6,2023,2023-10-22,Frauen Bundesliga,2023/2024,841,639,202,0.2401902497027348,458,353,105,0.2292576419213974
3911778,training,8e6114b8a87146aaacd3b40e39be7f0b6299355c1bf9ce41a99fbbc6eef08a26,female|T6,female,6,2023,2023-10-22,Frauen Bundesliga,2023/2024,924,714,210,0.2272727272727272,509,418,91,0.1787819253438114
3912487,training,7965c43323f85978b2d3406f2a6f614b796feefb904c90d9aed92becb8ab6029,female|T6,female,6,2023,2023-10-22,Serie A Women,2023/2024,770,554,216,0.2805194805194805,429,336,93,0.2167832167832167
3912488,training,a8f9dd50064b1fa7ba89e70b69f8009a4d58bb3639a7ebf06bb8f14b3d22a219,female|T6,female,6,2023,2023-10-22,Serie A Women,2023/2024,807,600,207,0.2565055762081784,482,372,110,0.2282157676348547
3912490,training,0e64b0b15cac72f3131a3865b5cc91d9ee467e06b933d6a1f7674048fcf8d5fe,female|T6,female,6,2023,2023-10-22,Serie A Women,2023/2024,752,604,148,0.1968085106382978,418,361,57,0.1363636363636363
3913080,training,6655c89fbe19fa8998141e0d0cb07b4f6abe0d76e7dd960299b91c049741f0b2,female|T6,female,6,2023,2023-10-22,FA Women's Super League,2023/2024,937,714,223,0.2379935965848452,479,380,99,0.2066805845511482
3914645,training,b05ce2c30d3cd4ff9672853bf76bf47b735fcf1162199e7b62e3165509c845c8,female|T6,female,6,2023,2023-10-23,NWSL,2023,909,659,250,0.275027502750275,467,369,98,0.2098501070663811
3895121,training,a3e3bec6a83d299f56f5da6e53812cbdd9490c0f9fcdadec9a002007d7b0b62e,male|T6,male,6,2023,2023-10-29,1. Bundesliga,2023/2024,990,845,145,0.1464646464646464,514,447,67,0.1303501945525292
3911781,training,8ca94c4784f70df0ab027d1f0a2d539a62a0dfb09ecb73eb5a2edc96bca9a3c6,female|T6,female,6,2023,2023-11-03,Frauen Bundesliga,2023/2024,859,628,231,0.2689173457508731,414,312,102,0.2463768115942029
3910965,training,0c75553f100b7d9d84b410426012c206b1a461c41e425fd775c6360497feea47,female|T6,female,6,2023,2023-11-04,Liga F,2023/2024,747,547,200,0.2677376171352075,368,291,77,0.2092391304347826
3910967,training,84d5b69fc6575fb9c4e66e070a9b752205f28e610dadf76a4c313be93c10ff3b,female|T6,female,6,2023,2023-11-04,Liga F,2023/2024,835,635,200,0.2395209580838323,400,318,82,0.205
3910970,training,1295b11fc0ec6e1dd60997e77155d8a4a72d1461853c39a7d61e30ee1e661df7,female|T6,female,6,2023,2023-11-04,Liga F,2023/2024,765,543,222,0.2901960784313726,393,306,87,0.2213740458015267
3911779,training,9c03e58b40632eb22d42d193da16f03d855a2d335ec7891f78b310ea859ba4be,female|T6,female,6,2023,2023-11-04,Frauen Bundesliga,2023/2024,903,656,247,0.273532668881506,567,439,128,0.2257495590828924
3911782,training,11eabff1e1d734142aceabcd7d096ab7c2d7740bfe9d6afef6cc20a0fa9d8f1d,female|T6,female,6,2023,2023-11-04,Frauen Bundesliga,2023/2024,760,540,220,0.2894736842105263,314,232,82,0.2611464968152866
3912492,training,acb5e5a5b60b46da8c4b38825925ccb052b121c2237c91c187e00eaf4c523e6c,female|T6,female,6,2023,2023-11-04,Serie A Women,2023/2024,658,498,160,0.243161094224924,406,332,74,0.1822660098522167
3913081,training,026af3bba5502711c87f6c96327a6d9ca992fc411f4c9e020d091bdda5f71606,female|T6,female,6,2023,2023-11-04,FA Women's Super League,2023/2024,1034,834,200,0.1934235976789168,614,498,116,0.1889250814332247
3910963,training,a07f7da81cd1beaa2bac6beff0a320fed38c6f297460f900ae3579fefeb4a47b,female|T6,female,6,2023,2023-11-05,Liga F,2023/2024,738,542,196,0.2655826558265582,366,288,78,0.2131147540983606
3910968,training,33b1e5eec4b6a4c883684cd122cace1a2e9919b675afe07412fafb164561ab0f,female|T6,female,6,2023,2023-11-05,Liga F,2023/2024,761,554,207,0.2720105124835742,464,346,118,0.2543103448275862
3910969,training,89ab86991556b4c2c9e1dd896ccc5b739c95d13b7db788dcf76106ec546c6095,female|T6,female,6,2023,2023-11-05,Liga F,2023/2024,803,619,184,0.2291407222914072,401,335,66,0.1645885286783042
3911783,training,2b771a0ee4d2e2e1091791b10bbb3670719311fc9de4abcec100e0b465673972,female|T6,female,6,2023,2023-11-05,Frauen Bundesliga,2023/2024,703,481,222,0.3157894736842105,355,273,82,0.2309859154929577
3911784,training,8140755b8186b71b840fa03bd16983393664c4f94c0683eb864ee16083117856,female|T6,female,6,2023,2023-11-05,Frauen Bundesliga,2023/2024,740,510,230,0.3108108108108108,361,276,85,0.2354570637119113
3912493,training,45de9b6377d0f8e9e86eb4240f15d8296d4d7faedc4a57b94941c5c8f716e029,female|T6,female,6,2023,2023-11-05,Serie A Women,2023/2024,787,582,205,0.2604828462515883,404,304,100,0.2475247524752475
3912494,training,9f39c5f0f523a6956fdf60ad5030d674ac8452ae18bb7e6dd27d8c9ba4752175,female|T6,female,6,2023,2023-11-05,Serie A Women,2023/2024,797,509,288,0.3613550815558344,415,294,121,0.2915662650602409
3912496,training,6e58dd9ff61d8a12bb1cb50059150a40e7907c8fa070c029264c0e3f578dec3c,female|T6,female,6,2023,2023-11-05,Serie A Women,2023/2024,733,559,174,0.2373806275579809,370,292,78,0.2108108108108108
3913082,training,8108a1cc8f73c5d81f7de9a5f1389afd37063f02b6c479238219ebebebb10f00,female|T6,female,6,2023,2023-11-05,FA Women's Super League,2023/2024,795,583,212,0.2666666666666666,438,337,101,0.230593607305936
3913083,training,23f7ac212630c342776aba9c8241deac4f54f287d2e8f3f7da3a9496c357a0db,female|T6,female,6,2023,2023-11-05,FA Women's Super League,2023/2024,839,657,182,0.2169249106078665,462,366,96,0.2077922077922078
3913084,training,221b52c65c5cc73c29223cf3bbfcb92e5bfa78ddedfcdd300d8cdaa5959485a1,female|T6,female,6,2023,2023-11-05,FA Women's Super League,2023/2024,807,561,246,0.3048327137546468,353,259,94,0.2662889518413597
3913085,training,967649737f30fa8e9ccab2eb79d997508a1b68a8bcf8fe2c2f72b218bfa6318c,female|T6,female,6,2023,2023-11-05,FA Women's Super League,2023/2024,989,817,172,0.1739130434782608,598,511,87,0.1454849498327759
3913086,training,3b241f47318841fe15b92d1843b599c223f60af8e5befbc98111edfcc08afa8f,female|T6,female,6,2023,2023-11-05,FA Women's Super League,2023/2024,897,692,205,0.2285395763656633,467,378,89,0.1905781584582441
3915111,training,205efacfd335ef9a61bec7aa127d30eee05d6c343c7ac6eb63fcf942ddd1ef01,female|T6,female,6,2023,2023-11-06,NWSL,2023,1072,767,305,0.2845149253731343,561,425,136,0.2424242424242424
3910974,training,1c8b1d46d8882d213be7a94221e5fc63f4c31a4628d148752da33c2ce0d6a04f,female|T6,female,6,2023,2023-11-10,Liga F,2023/2024,965,797,168,0.1740932642487046,521,442,79,0.1516314779270633
3911786,training,40692c5a0de052a2c56f5e1aa30c8fde91c912e27e64deec1901eb216cea6fdd,female|T6,female,6,2023,2023-11-10,Frauen Bundesliga,2023/2024,848,632,216,0.2547169811320754,435,339,96,0.2206896551724138
3910975,training,18f95d175b303ac72126dad894a0e4f562fb60be7519a7d896df9d22050dc40f,female|T6,female,6,2023,2023-11-11,Liga F,2023/2024,960,779,181,0.1885416666666666,584,496,88,0.1506849315068493
3910977,training,289cd705298f7338373d71b4e1e4e1940eef0658aad81eade699c6587b2c2696,female|T6,female,6,2023,2023-11-11,Liga F,2023/2024,727,479,248,0.3411279229711141,420,293,127,0.3023809523809523
3911787,training,41ad53b40a57dd4e78357edaa41e7a95ea9a5f72d7e3a6e8f098b5675d9591ef,female|T6,female,6,2023,2023-11-11,Frauen Bundesliga,2023/2024,764,585,179,0.2342931937172775,333,267,66,0.1981981981981982
3912500,training,1f8b2c5d73e58cb182b1b1b0debb850cba45cc55684a0925d08bcb7ac62ae512,female|T6,female,6,2023,2023-11-11,Serie A Women,2023/2024,765,571,194,0.25359477124183,449,367,82,0.1826280623608017
3895139,training,5593e3766bceb5ecea676245ab51965a6165e47db7767df531890f1bf2844a2b,male|T6,male,6,2023,2023-11-12,1. Bundesliga,2023/2024,1190,1046,144,0.1210084033613445,648,587,61,0.0941358024691358
3910973,training,090013a0cb184a4f2dd661e9fbc11f9a6a79fc2b7a345b5ce8d22de3d59ff34a,female|T6,female,6,2023,2023-11-12,Liga F,2023/2024,737,604,133,0.180461329715061,459,398,61,0.1328976034858388
3910976,training,64ec016cee8ea80ba600619995f1a801a24446fe1df4edbe5a962039c476db82,female|T6,female,6,2023,2023-11-12,Liga F,2023/2024,749,572,177,0.2363150867823765,402,327,75,0.1865671641791045
3911785,training,4943ad7a8a5c9121f870d1e92507626c46b03ef1aa7224371627d3a976b4768f,female|T6,female,6,2023,2023-11-12,Frauen Bundesliga,2023/2024,795,558,237,0.2981132075471698,454,340,114,0.2511013215859031
3911788,training,01b0e69425d33d4512fb7cec638e91cd67280cb8ca0230a6583ce8e02ec8c856,female|T6,female,6,2023,2023-11-12,Frauen Bundesliga,2023/2024,972,790,182,0.1872427983539094,454,382,72,0.158590308370044
3912498,training,3d6905ceb171d6304eda6a53925fa4a1b4b9773deb242d99f25545a4f644e327,female|T6,female,6,2023,2023-11-12,Serie A Women,2023/2024,844,676,168,0.1990521327014218,396,331,65,0.1641414141414141
3912499,training,56a357d4581c497c04524184989dbc9379d39c03dd27a1b099a010427cb87f45,female|T6,female,6,2023,2023-11-12,Serie A Women,2023/2024,740,557,183,0.2472972972972973,471,368,103,0.2186836518046709
3912501,training,a48ec0dc02b73e7696085fa391f72fb711dccad445b3a471f1745b8ca15b0477,female|T6,female,6,2023,2023-11-12,Serie A Women,2023/2024,766,546,220,0.2872062663185378,410,309,101,0.2463414634146341
3913088,training,26f7f4a2ba0cc2a1ba80448e85771912f2095208d98a5fb17ef1060ed0ee471b,female|T6,female,6,2023,2023-11-12,FA Women's Super League,2023/2024,903,722,181,0.2004429678848283,464,387,77,0.1659482758620689
3913089,training,4cf40892bbd826598b9b28aefcc9b8a973e6f7fd91a9d0d2a40ca8af3d7499f1,female|T6,female,6,2023,2023-11-12,FA Women's Super League,2023/2024,1140,939,201,0.1763157894736842,659,549,110,0.1669195751138088
3913090,training,6af54f8ce16286711304260f1a9e12537ecf30af09caa533f3980fde1e66da9f,female|T6,female,6,2023,2023-11-12,FA Women's Super League,2023/2024,1007,829,178,0.1767626613704071,599,500,99,0.1652754590984975
3913092,training,b035ce6383eac5d200f34f14f70bf24e33c3eddca8f6d62cc11b7ce3c5336664,female|T6,female,6,2023,2023-11-12,FA Women's Super League,2023/2024,912,718,194,0.212719298245614,529,436,93,0.1758034026465028
3915998,training,5f3d3fc046474702a9a8268e850f56087df50cfa7f2433f8868a4d66b443aae4,female|T6,female,6,2023,2023-11-12,NWSL,2023,850,617,233,0.2741176470588235,508,402,106,0.2086614173228346
3911789,training,8c2d65fb28839e9a4d32f58efb7d58d40651afd15dcdc8b20a01342ed1248eb0,female|T6,female,6,2023,2023-11-13,Frauen Bundesliga,2023/2024,769,578,191,0.2483745123537061,434,358,76,0.1751152073732718
3910981,training,5bcd6ef4ae66bba9822f50afa86bb107b7eb47202e72095168c7af63aa545e6b,female|T6,female,6,2023,2023-11-18,Liga F,2023/2024,752,529,223,0.2965425531914893,352,273,79,0.2244318181818181
3910982,training,9d42f7eb7b3befd0adf4b06f2deb42ec3adb3f2af91d2b0ffe374f8811893b15,female|T6,female,6,2023,2023-11-18,Liga F,2023/2024,720,441,279,0.3875,375,252,123,0.328
3910983,training,a06b6596c96ed03c6406d9642b7e3ade37de113ccac7246a7f02133dc6edfb75,female|T6,female,6,2023,2023-11-18,Liga F,2023/2024,923,712,211,0.228602383531961,565,460,105,0.1858407079646017
3910985,training,101d64adc1362ae21c7c9598b7d71bcda6a4e956253261f9a78c5b7a978d859a,female|T6,female,6,2023,2023-11-18,Liga F,2023/2024,712,501,211,0.2963483146067415,362,265,97,0.2679558011049723
3911791,training,42126c8695fd825b034967bdd20ac39ba0c966a4a1ca626a8d413b5c0d0a9a4b,female|T6,female,6,2023,2023-11-18,Frauen Bundesliga,2023/2024,963,748,215,0.2232606438213915,516,413,103,0.1996124031007752
3911796,training,719ca18c6392b60da94c59893779014881f62f5680bb435bf6ab4c6bd62b2dc3,female|T6,female,6,2023,2023-11-18,Frauen Bundesliga,2023/2024,713,505,208,0.2917251051893408,356,275,81,0.2275280898876404
3912504,training,279c5b451377cad1b36d81d2955038cdcbf02b75691ec70b55f3e14846621563,female|T6,female,6,2023,2023-11-18,Serie A Women,2023/2024,757,513,244,0.3223249669749009,393,286,107,0.272264631043257
3912506,training,93b75cff0010d673f229e7151005b56d12b4795f193eb58bc417025a820aeeb2,female|T6,female,6,2023,2023-11-18,Serie A Women,2023/2024,852,672,180,0.2112676056338028,499,408,91,0.1823647294589178
3913093,training,45bf5e18cca19dc91321c9bb63385a5edf024c9e05aabcbb9419cc43e23e2066,female|T6,female,6,2023,2023-11-18,FA Women's Super League,2023/2024,974,733,241,0.2474332648870636,651,511,140,0.2150537634408602
3910979,training,2cf53c57d5c70141617f6332942aab96e036306c8d5e2c310b2173a146fad026,female|T6,female,6,2023,2023-11-19,Liga F,2023/2024,758,579,179,0.2361477572559366,356,291,65,0.1825842696629213
3911795,training,4ef5db22cde901a90f882018b7040baa267d2a7a6e8243d7964dccb1b7245f70,female|T6,female,6,2023,2023-11-19,Frauen Bundesliga,2023/2024,780,591,189,0.2423076923076923,385,321,64,0.1662337662337662
3912503,training,7e5b3ea9913eb16abed5ac020e34fc3e2a72877e99107689b5f287375289f4de,female|T6,female,6,2023,2023-11-19,Serie A Women,2023/2024,659,476,183,0.2776934749620637,275,224,51,0.1854545454545454
3912505,training,684dd9f9241541b7302169524f30e9cb842d8a1864bfdccb708b844e4fa2d75a,female|T6,female,6,2023,2023-11-19,Serie A Women,2023/2024,749,584,165,0.2202937249666221,418,353,65,0.1555023923444976
3913094,training,182813a30ff0d38b207fb7741da8c4942d2bb92b469044008e4ad7af913bd065,female|T6,female,6,2023,2023-11-19,FA Women's Super League,2023/2024,876,687,189,0.2157534246575342,441,368,73,0.1655328798185941
3913098,training,753129d0a769072e1f1bb7f6b9c04c6dcae5cbd658cf8ac3383e8bb3e6794dbd,female|T6,female,6,2023,2023-11-19,FA Women's Super League,2023/2024,773,600,173,0.2238033635187581,369,302,67,0.1815718157181571
3911792,training,39a6830f9048623c2c56dc237980179eacac68ff29044c971e0abb54f9bcddf1,female|T6,female,6,2023,2023-11-20,Frauen Bundesliga,2023/2024,789,563,226,0.2864385297845374,456,358,98,0.2149122807017544
3895153,training,a51a5a5df61158b0d3cf2912e165d63ce08f2a44994e48b218bae154097c3b2e,male|T6,male,6,2023,2023-11-25,1. Bundesliga,2023/2024,1234,1043,191,0.1547811993517018,702,608,94,0.1339031339031339
3910990,training,a77f4b1a34f3eb0eaa20c0d04eedee3f83e03393c760c7f5460bc6a9a4b78432,female|T6,female,6,2023,2023-11-25,Liga F,2023/2024,695,510,185,0.2661870503597122,352,273,79,0.2244318181818181
3910991,training,50427588596d44243bf74c661d8b262bccb9588243e2e0801feafe6a41ca7e45,female|T6,female,6,2023,2023-11-25,Liga F,2023/2024,830,630,200,0.2409638554216867,491,394,97,0.1975560081466395
3910992,training,0ea27f0e79b5ec242935f98542fb692efd477e9452fcb56a17a0f7dbcbd4fea7,female|T6,female,6,2023,2023-11-25,Liga F,2023/2024,913,699,214,0.2343921139101862,518,409,109,0.2104247104247104
3910993,training,33937c0c9507207e05116989a2d6b639c931aba5d431588ea77d0cafadde7131,female|T6,female,6,2023,2023-11-25,Liga F,2023/2024,647,425,222,0.3431221020092735,268,186,82,0.3059701492537313
3912510,training,359ce5de6971af7b25e8da6b6d843e5ddbc2a96c55acb621be3230547ad5f58d,female|T6,female,6,2023,2023-11-25,Serie A Women,2023/2024,590,381,209,0.3542372881355932,312,222,90,0.2884615384615384
3910988,training,0e343844e526359dd82cb081f2c648493a59e41130bc1af372e230580acb5d74,female|T6,female,6,2023,2023-11-26,Liga F,2023/2024,853,619,234,0.2743259085580304,447,350,97,0.2170022371364653
3910989,training,62c2cb3c1d5de827adb73acd782961079bff5028f3e4f682327aace2b45214e8,female|T6,female,6,2023,2023-11-26,Liga F,2023/2024,755,563,192,0.2543046357615894,365,282,83,0.2273972602739726
3910994,training,a92a22ee52874af728e979a9dcd309dee457a17ab4c69b264a1ed6e65a59bb24,female|T6,female,6,2023,2023-11-26,Liga F,2023/2024,1185,977,208,0.1755274261603375,735,626,109,0.1482993197278911
3912507,training,8ee0fddfb23448b4f8f1ee46a8df1080997ced251a63035be98ed21f881df8cb,female|T6,female,6,2023,2023-11-26,Serie A Women,2023/2024,869,667,202,0.2324510932105868,541,433,108,0.199630314232902
3912509,training,1ec755b10b7e1596e0adf853e5f18889797f13a2347672ea9c9abdf03ca9612a,female|T6,female,6,2023,2023-11-26,Serie A Women,2023/2024,884,672,212,0.2398190045248869,535,428,107,0.2
3912511,training,41f1f0f8d942ad33b0a11ce6e5ae152bee9b0ad1e373da703c41d710743f2ef0,female|T6,female,6,2023,2023-11-26,Serie A Women,2023/2024,667,494,173,0.2593703148425787,325,260,65,0.2
3913099,training,13adc0cc0cf89f327ebfd3b371a5c28bd1a59636287621ec480ba4ff26321a86,female|T6,female,6,2023,2023-11-26,FA Women's Super League,2023/2024,935,691,244,0.2609625668449198,373,294,79,0.2117962466487935
3913101,training,043e92a6d4547fa1ec8b118869e64477cd7d5e1824665e77beeee6c62b2a8e92,female|T6,female,6,2023,2023-11-26,FA Women's Super League,2023/2024,854,682,172,0.2014051522248243,435,358,77,0.1770114942528735
3913102,training,4d2d8c17488c40b3c6894fd5931bc94f13dd07df914b85ca670425515ef3253c,female|T6,female,6,2023,2023-11-26,FA Women's Super League,2023/2024,1040,892,148,0.1423076923076923,637,561,76,0.119309262166405
3913104,training,5c98e19a5b10d76ceb290decdc25b764f3e33894739452cd935de55b10709bbe,female|T6,female,6,2023,2023-11-26,FA Women's Super League,2023/2024,824,640,184,0.2233009708737864,478,393,85,0.1778242677824267
3895158,training,6813c1af46088fb3695fe0be4b6fe8de0dd81c5608768e7e79cc39e772e167ce,male|T6,male,6,2023,2023-12-03,1. Bundesliga,2023/2024,964,778,186,0.1929460580912863,401,341,60,0.1496259351620947
3910995,training,b23da0f1c9ad2c673f99d335754981cccbfa6c7660aa7122b2bf991202ddbf44,female|T6,female,6,2023,2023-12-09,Liga F,2023/2024,795,619,176,0.2213836477987421,402,323,79,0.1965174129353233
3911000,training,8efb79e8dd0898523acf055eb92f32bead693d2d13989143f7f081c3a0a11fb3,female|T6,female,6,2023,2023-12-09,Liga F,2023/2024,924,693,231,0.25,497,383,114,0.2293762575452716
3911001,training,4d26a103847b75330344d8fd38c43c929665ead5951972b9a7784e23f0a7f37c,female|T6,female,6,2023,2023-12-09,Liga F,2023/2024,949,756,193,0.2033719704952581,499,408,91,0.1823647294589178
3911797,training,1f3fcc90b007917797272e5224b3cb74aa4a836a5246d69c62704560d117296d,female|T6,female,6,2023,2023-12-09,Frauen Bundesliga,2023/2024,760,544,216,0.2842105263157894,335,258,77,0.2298507462686567
3911798,training,15bc99846829311331030a2ea178e75fe1932148d30356122f3b49be2af7f88b,female|T6,female,6,2023,2023-12-09,Frauen Bundesliga,2023/2024,804,589,215,0.267412935323383,401,314,87,0.2169576059850374
3912512,training,687541c8f128d20269dbc6e45bbbe50dda5737a57f3d95c5d1ac64258dcf49c9,female|T6,female,6,2023,2023-12-09,Serie A Women,2023/2024,686,449,237,0.3454810495626822,351,258,93,0.2649572649572649
3912516,training,0a04072b60088e04248336f91b68305bb6fda87c5173645cf7d7b52305f2d706,female|T6,female,6,2023,2023-12-09,Serie A Women,2023/2024,790,628,162,0.2050632911392405,440,363,77,0.175
3913107,training,5acaeebd3558d6339cc5f07c1fd97560e1bc88033eb0bb747e50cb02e4fdccdb,female|T6,female,6,2023,2023-12-09,FA Women's Super League,2023/2024,982,799,183,0.1863543788187372,562,461,101,0.1797153024911032
3895167,training,0075c4f8517f6c1b9cd32119539176d727f117b97f24d2b334551c24385a31c0,male|T6,male,6,2023,2023-12-10,1. Bundesliga,2023/2024,1086,941,145,0.1335174953959484,651,579,72,0.1105990783410138
3910996,training,02ca8cbce3ff6f279d6e429064654be65d0f02376bbe48337950002e171f47ba,female|T6,female,6,2023,2023-12-10,Liga F,2023/2024,887,709,178,0.2006764374295377,466,392,74,0.1587982832618025
3910997,training,41198741f75ae3e429debd6d8ac4ac4f196d83162031c0cc987d5b124379b2d6,female|T6,female,6,2023,2023-12-10,Liga F,2023/2024,744,548,196,0.2634408602150537,445,348,97,0.2179775280898876
3911799,training,0496925e80e941d6c75a947b32eb7bc03d4fccc797d4e57ab85663e22697b805,female|T6,female,6,2023,2023-12-10,Frauen Bundesliga,2023/2024,783,559,224,0.2860791826309067,445,346,99,0.2224719101123595
3911802,training,7be59b5f24a59cee67a3079500d4db52658739d249bc98a8a187caf87e627876,female|T6,female,6,2023,2023-12-10,Frauen Bundesliga,2023/2024,891,678,213,0.239057239057239,499,416,83,0.1663326653306613
3912513,training,3e0bbdf9f79b3939ca3932c831bfc31ef587eb9daa8d81d1513cdc959bacd8c8,female|T6,female,6,2023,2023-12-10,Serie A Women,2023/2024,619,442,177,0.2859450726978998,327,251,76,0.2324159021406728
3912515,training,a843b47908ffb22f0ec6bfd8e5adf12f37c0a6db6fded4d8b50889337ec4b12d,female|T6,female,6,2023,2023-12-10,Serie A Women,2023/2024,870,667,203,0.2333333333333333,531,430,101,0.1902071563088512
3913105,training,7397162446c85ec9d4a9fd14aeb64819f66b868849a473ce1ddb926c32d372d0,female|T6,female,6,2023,2023-12-10,FA Women's Super League,2023/2024,842,642,200,0.2375296912114014,464,362,102,0.2198275862068965
3913106,training,20a4d34d262e19513635f66a550ebbde7c5c09333f37fc51828670945f460547,female|T6,female,6,2023,2023-12-10,FA Women's Super League,2023/2024,860,640,220,0.2558139534883721,471,368,103,0.2186836518046709
3913110,training,7a428f14f79c8abec42294083abc8e7d240f3f32b198f92ef12e3a882338322c,female|T6,female,6,2023,2023-12-10,FA Women's Super League,2023/2024,916,696,220,0.2401746724890829,446,351,95,0.2130044843049327
3911800,training,3a28b042aa07eab5aafd8ea04e31e14f13a8161dc33ce10db6ca7d3031ef7b8e,female|T6,female,6,2023,2023-12-11,Frauen Bundesliga,2023/2024,982,823,159,0.1619144602851323,567,493,74,0.1305114638447971
3912514,training,5019d1f825d8a73b62de80926d7290a7db3776d553d0ae356627049d4e4bac40,female|T6,female,6,2023,2023-12-11,Serie A Women,2023/2024,870,664,206,0.2367816091954023,532,422,110,0.206766917293233
3913800,training,199c5304b549f87a9dfe48a711a27584e40e632a6af4bb5ba2aa976c5f007ad3,female|T6,female,6,2023,2023-12-15,Frauen Bundesliga,2023/2024,791,577,214,0.270543615676359,442,341,101,0.2285067873303167
3911005,training,0afffc889475a0dcd09f96d25f9ca404f3db0706acb0d2201f8698afcf7c3caf,female|T6,female,6,2023,2023-12-16,Liga F,2023/2024,1046,891,155,0.1481835564053537,548,484,64,0.1167883211678832
3911006,training,13bb06eaa8da1a1741a1582f8f32d1816aace1135822febc3af37bf2547feb8d,female|T6,female,6,2023,2023-12-16,Liga F,2023/2024,777,555,222,0.2857142857142857,388,303,85,0.2190721649484536
3911010,training,69f2803f8e65c78deb77ce1ff60efbbc0caed1dc85e630ae6ca7271ae89955b4,female|T6,female,6,2023,2023-12-16,Liga F,2023/2024,881,729,152,0.1725312145289443,555,485,70,0.1261261261261261
3912520,training,68809e41b72355d8344e2677ad4e267f7142d4977a5e7bc6599f644f7e5da9c3,female|T6,female,6,2023,2023-12-16,Serie A Women,2023/2024,791,552,239,0.3021491782553729,330,244,86,0.2606060606060606
3913113,training,685907f1cdcaa7bcd1b9295473a0f7e6b2be3e64696ae4df26332c2b96a141f5,female|T6,female,6,2023,2023-12-16,FA Women's Super League,2023/2024,877,708,169,0.1927023945267958,514,439,75,0.1459143968871595
3911003,training,94539eb744cac5b4841b13cd6667b85174d0ac076df5491b912607f21c25ff6f,female|T6,female,6,2023,2023-12-17,Liga F,2023/2024,788,586,202,0.2563451776649746,458,370,88,0.1921397379912663
3911008,training,a1f22e0b9f7224033e694eeaf647be9a0a2a70db24763318dcc0feafb7148208,female|T6,female,6,2023,2023-12-17,Liga F,2023/2024,1007,836,171,0.1698113207547169,604,523,81,0.1341059602649006
3912183,training,963216a4124bdbaab4cd78554924c832dda0803027738de64f68eac5a919990a,female|T6,female,6,2023,2023-12-17,Frauen Bundesliga,2023/2024,841,641,200,0.2378121284185493,456,362,94,0.2061403508771929
3912187,training,635e83134a0839e22338199f42f4b591854f044fb5a50dd1e62e4cebcd941fb5,female|T6,female,6,2023,2023-12-17,Frauen Bundesliga,2023/2024,847,645,202,0.2384887839433294,414,332,82,0.1980676328502415
3912517,training,7ffefa7e6e26da1738b5500148c02f085442f7a13341e934fb380bf492d47316,female|T6,female,6,2023,2023-12-17,Serie A Women,2023/2024,812,595,217,0.2672413793103448,429,344,85,0.1981351981351981
3913111,training,79fcb0e3e94b6f442e3378fa94a5f67e7bbbe013f7b2f84ac4adfe1491be8c64,female|T6,female,6,2023,2023-12-17,FA Women's Super League,2023/2024,900,668,232,0.2577777777777778,494,386,108,0.2186234817813765
3913112,training,1ba3c0fe87cce249bfc11ca5b213ef19cd293bcd2eb343ed0464708c01d4cf68,female|T6,female,6,2023,2023-12-17,FA Women's Super League,2023/2024,994,800,194,0.1951710261569416,615,513,102,0.1658536585365853
3913114,training,9c7b2639a89f2588700cf8a09e225fd37391f545191f553b8e4bd57ffe0fdb19,female|T6,female,6,2023,2023-12-17,FA Women's Super League,2023/2024,890,653,237,0.2662921348314607,587,462,125,0.2129471890971039
3913116,training,4c8aa295f21feecd1de3f09ee134108e64f0420c8949d8e9a3bf6ec918dbdf45,female|T6,female,6,2023,2023-12-17,FA Women's Super League,2023/2024,1006,841,165,0.1640159045725646,501,431,70,0.1397205588822355
3912186,training,217dd53e7cb2e567f6b61082a190593f3cf7f00ebe0f491a343e2fc71004e9ab,female|T6,female,6,2023,2023-12-18,Frauen Bundesliga,2023/2024,793,545,248,0.3127364438839848,470,342,128,0.2723404255319149
3912521,training,33b4fa0a06b8124012304de80995d6641b6cca061c61afafdff7c3cd430c987a,female|T6,female,6,2023,2023-12-18,Serie A Women,2023/2024,748,575,173,0.231283422459893,452,365,87,0.1924778761061946
3895182,training,7bf97d95a858ca0c8092393836acf96174387fa61e839b0cb21a374f30876445,male|T6,male,6,2023,2023-12-20,1. Bundesliga,2023/2024,1055,863,192,0.1819905213270142,632,532,100,0.1582278481012658
3911295,training,2596e15d46e54ae208f3deee0b7a0320e47b83abe45bf82aa6ad169ab6f7c21e,female|T6,female,6,2024,2024-01-06,Liga F,2023/2024,895,666,229,0.2558659217877095,477,385,92,0.1928721174004193
3911297,training,25d77ef1adfcdec049b9ffab5c974133e40502bcf06d54ddfbc6a744f672a254,female|T6,female,6,2024,2024-01-07,Liga F,2023/2024,868,657,211,0.2430875576036866,487,383,104,0.2135523613963039
3911299,training,75736f4c9ed71452f61348aefbc5a010345c12686902376c52984ef353d227b2,female|T6,female,6,2024,2024-01-07,Liga F,2023/2024,682,470,212,0.3108504398826979,354,269,85,0.2401129943502825
3895194,training,a89d1b4a0acea8a35bbd3afb953bb7222b502313d0dc93a2e8376c68ca2003c1,male|T6,male,6,2024,2024-01-13,1. Bundesliga,2023/2024,1043,895,148,0.1418983700862895,495,425,70,0.1414141414141414
3912523,training,84bec788a1c57e9def4781c66a504528ac068e0358923541ca68e4a12563cfdd,female|T6,female,6,2024,2024-01-13,Serie A Women,2023/2024,756,603,153,0.2023809523809523,459,387,72,0.1568627450980392
3912524,training,a2ea4ca88e0bcc95fc6060e209df49d53c17d9a616bfd06e497fc634a8b812de,female|T6,female,6,2024,2024-01-13,Serie A Women,2023/2024,736,558,178,0.2418478260869565,414,330,84,0.2028985507246377
3912525,training,1eb4e5e59204295c3b8e49349d3835d5505422cae3c859d988f49b3cca85008a,female|T6,female,6,2024,2024-01-13,Serie A Women,2023/2024,976,798,178,0.1823770491803278,575,490,85,0.1478260869565217
3920384,training,56305f0889fff2c8df424021e8c07a568ef57c44af464dba0be507c471ec557c,male|T6,male,6,2024,2024-01-13,African Cup of Nations,2023,914,790,124,0.1356673960612691,605,542,63,0.1041322314049586
3912522,training,99de5b1832e4571d43ee5070cc492b6f35fcb48109d59517911b37a0d5c4a38e,female|T6,female,6,2024,2024-01-14,Serie A Women,2023/2024,862,607,255,0.2958236658932714,521,398,123,0.236084452975048
3912526,training,70c1f142edae0ca5c4a41ebc0d1da06be15ac188f1d44d7464c61f0286f393bc,female|T6,female,6,2024,2024-01-14,Serie A Women,2023/2024,761,561,200,0.2628120893561104,455,363,92,0.2021978021978022
3920385,training,c0ba5f20d1983059ebbffec2763201018b0dec2863735f1a32f803af122f5a17,male|T6,male,6,2024,2024-01-14,African Cup of Nations,2023,877,752,125,0.1425313568985176,307,258,49,0.1596091205211726
3920387,training,0d16e8ef96f50e4023d432291deefd0ff985ad66ed5735a7b37e0a3de62a6608,male|T6,male,6,2024,2024-01-14,African Cup of Nations,2023,702,571,131,0.1866096866096866,356,308,48,0.1348314606741573
3920388,training,5bd82dedcc106d952d5361cbc14399b05e5a16f2462ff3ccde774f1c3c4596df,male|T6,male,6,2024,2024-01-15,African Cup of Nations,2023,782,646,136,0.1739130434782608,315,261,54,0.1714285714285714
3920391,training,91cefd32fbf9e5c4672d69eb0e629fc2de6ca92a353aeb7d93ef3dd38ef3c1cf,male|T6,male,6,2024,2024-01-16,African Cup of Nations,2023,881,725,156,0.1770715096481271,481,407,74,0.1538461538461538
3920392,training,28a40700057a854513ad26895b3f4562647ebab1ed005950ffbfd18d32e2d4b1,male|T6,male,6,2024,2024-01-16,African Cup of Nations,2023,624,488,136,0.2179487179487179,285,231,54,0.1894736842105263
3920393,training,a4297fa8197368fc1acf160b91457146328198b33f9ed5c18aa4489e63132f01,male|T6,male,6,2024,2024-01-16,African Cup of Nations,2023,700,535,165,0.2357142857142857,318,255,63,0.1981132075471698
3920394,training,3844f5a577692dc5efc93df698fb381243fa16583ea1ddeae6f0153ddfe226aa,male|T6,male,6,2024,2024-01-17,African Cup of Nations,2023,910,779,131,0.1439560439560439,441,379,62,0.1405895691609977
3920395,training,260c8dfc3d16186077e3d415159b21b261a32f3a4855050db0cef39c2d8dbefa,male|T6,male,6,2024,2024-01-17,African Cup of Nations,2023,816,694,122,0.1495098039215686,394,346,48,0.1218274111675127
3920396,training,8a3b20a9206da1fd4f090d9eadff00e24b7df29b50c9bd98caf5b0650739dd9c,male|T6,male,6,2024,2024-01-18,African Cup of Nations,2023,736,611,125,0.1698369565217391,311,258,53,0.1704180064308681
3920397,training,af1b757f86777ca5269aa59cd4c59b04b69d6632bdcb507292f32b97cc18d791,male|T6,male,6,2024,2024-01-18,African Cup of Nations,2023,694,554,140,0.2017291066282421,323,279,44,0.1362229102167182
3913119,training,97c26c4c5b0b61cc8c5c45de1f6642ca56d16fa763076b1dd420c9ba13954863,female|T6,female,6,2024,2024-01-19,FA Women's Super League,2023/2024,875,605,270,0.3085714285714285,426,317,109,0.2558685446009389
3920399,training,b9c40a61ea1609f587c22c150ed4b7dbeae99674d649a026eea4907bc5b6c8e4,male|T6,male,6,2024,2024-01-19,African Cup of Nations,2023,831,700,131,0.1576413959085439,358,309,49,0.1368715083798882
3920400,training,0252afcb23cc9563f431dcc281a31a92e31dd8642d77a8391e0b8067af3ed39d,male|T6,male,6,2024,2024-01-19,African Cup of Nations,2023,690,530,160,0.2318840579710145,334,270,64,0.1916167664670658
3920401,training,a4643ee83892b6af64c8a47422e71ad37e259374c11d49de01f726ee97a2bb01,male|T6,male,6,2024,2024-01-19,African Cup of Nations,2023,765,606,159,0.2078431372549019,233,178,55,0.2360515021459227
3895202,training,7abd1891672020cb467970166c499a7e632497ed3cea0e551a2035b287b6dce2,male|T6,male,6,2024,2024-01-20,1. Bundesliga,2023/2024,1041,890,151,0.1450528338136407,445,383,62,0.1393258426966292
3911303,training,0b56eb76c3e961b8c3e1b865c42c052e67db5d00439554c5b7d49a3705eed6d7,female|T6,female,6,2024,2024-01-20,Liga F,2023/2024,773,574,199,0.2574385510996119,404,320,84,0.2079207920792079
3912530,training,653f6c1198ff302024e7b5aecec6be23734bf4a556343df53d8eab7ae1917435,female|T6,female,6,2024,2024-01-20,Serie A Women,2023/2024,555,348,207,0.372972972972973,304,221,83,0.2730263157894737
3920402,training,21feb07bdc326a41f303c37cb8bdc56eae3701eee32c4653683648d76255f07e,male|T6,male,6,2024,2024-01-20,African Cup of Nations,2023,633,519,114,0.1800947867298578,299,252,47,0.157190635451505
3920404,training,3bdfdf778d93e717f932ed59f5e65256c35700a5b7bf6b933b7769b709b8b2b2,male|T6,male,6,2024,2024-01-20,African Cup of Nations,2023,758,617,141,0.1860158311345646,284,236,48,0.1690140845070422
3911302,training,50a1ee83ca09936cbc6107a2a480f1a0013f286c0dec42d20090ee1a141bdaa5,female|T6,female,6,2024,2024-01-21,Liga F,2023/2024,796,589,207,0.2600502512562814,399,315,84,0.2105263157894736
3911305,training,9b58474907721089ba370d37beed7d5f80b78170be079c9e21b38261a17bcea9,female|T6,female,6,2024,2024-01-21,Liga F,2023/2024,784,553,231,0.2946428571428571,460,329,131,0.2847826086956522
3912529,training,ac558afc6f085d11cff9631480e4b6ba91dc484555d53f7ad70c68d510c419a8,female|T6,female,6,2024,2024-01-21,Serie A Women,2023/2024,844,652,192,0.2274881516587677,464,372,92,0.1982758620689655
3912531,training,8656945cedb43e434d86f621e33b83e90b53a251adfcf3601f5054dacb63c571,female|T6,female,6,2024,2024-01-21,Serie A Women,2023/2024,694,536,158,0.2276657060518732,423,343,80,0.1891252955082742
3913118,training,aca82e1fe6a46c7effbd1a7841255862e34273f71e01ea9fe0b526fd2f6d2e34,female|T6,female,6,2024,2024-01-21,FA Women's Super League,2023/2024,920,714,206,0.2239130434782608,441,356,85,0.1927437641723356
3913122,training,5aac365a477237b4ff792a881546f932e8e3e09fa8c95fa050c939a459610774,female|T6,female,6,2024,2024-01-21,FA Women's Super League,2023/2024,788,560,228,0.2893401015228426,438,332,106,0.2420091324200913
3920405,training,29f5e15327bbced3f46687ff70a2de8a8fe0c79d35f03fab1840de85af834877,male|T6,male,6,2024,2024-01-21,African Cup of Nations,2023,674,543,131,0.1943620178041543,365,314,51,0.1397260273972602
3920406,training,04a5afb0db3d83881e00361ffeb3bb5468b3f17d2a9ef9ac13ad21536c502278,male|T6,male,6,2024,2024-01-21,African Cup of Nations,2023,930,792,138,0.1483870967741935,474,426,48,0.1012658227848101
3912528,training,14907fbb13b32a7d34cb34adebe493b925570ceb24414d983d0e88e5b449cf44,female|T7,female,7,2024,2024-01-22,Serie A Women,2023/2024,680,485,195,0.2867647058823529,329,240,89,0.270516717325228
3920410,training,02bab10fd127d74f688e87b20364a76ead99bf14abed9d80eff373d71e77fb60,male|T7,male,7,2024,2024-01-22,African Cup of Nations,2023,584,442,142,0.2431506849315068,214,170,44,0.205607476635514
3920411,training,86eb63e3e0ae476c3a9d9b6ad3fb5ba600f231bbf293e8a50615039b9788c19c,male|T7,male,7,2024,2024-01-22,African Cup of Nations,2023,827,704,123,0.1487303506650544,392,342,50,0.1275510204081632
3920412,training,5943a2f025f80bd3fd8ee1dc9f8d7760e70515efc3597e15344589234ff2abdb,male|T7,male,7,2024,2024-01-23,African Cup of Nations,2023,734,588,146,0.1989100817438692,331,269,62,0.1873111782477341
3920414,training,0ba45d590cc12163f034007b452af3ca6ab8f25e3f094a0babf981cec42d9add,male|T7,male,7,2024,2024-01-23,African Cup of Nations,2023,768,613,155,0.2018229166666666,329,277,52,0.1580547112462006
3920415,training,a4b97a4abb65b0140612067f9ad400d0c054f8cb11c3b0c2fabf7801dd9736f9,male|T7,male,7,2024,2024-01-23,African Cup of Nations,2023,707,560,147,0.2079207920792079,275,221,54,0.1963636363636363
3920416,training,9bc8195ac49299cda00ba22d17b6ad1c62b5ba1bc79f98dd292d8a3a50df1aca,male|T7,male,7,2024,2024-01-24,African Cup of Nations,2023,829,665,164,0.1978287092882991,429,366,63,0.1468531468531468
3920417,training,807a10cf0199e3323c3bc723e79fee42ae1443e6c2590503e7666149f3586232,male|T7,male,7,2024,2024-01-24,African Cup of Nations,2023,634,481,153,0.2413249211356466,222,177,45,0.2027027027027027
3920419,training,59ff32b7ca85f34188777b8e8d89e73b8de319335a216ea12a1337d812ccfe53,male|T7,male,7,2024,2024-01-24,African Cup of Nations,2023,805,699,106,0.1316770186335403,399,356,43,0.1077694235588972
3912189,training,0798f80eb2a211d6118d4fd5c348ab3398772037aa88cb63854f72c56938b712,female|T7,female,7,2024,2024-01-26,Frauen Bundesliga,2023/2024,730,553,177,0.2424657534246575,347,288,59,0.170028818443804
3895210,training,8d1b62d8d2d19b31eef1cf8cc1d3d3469f2f9095edf460507b25df8d4cb12351,male|T7,male,7,2024,2024-01-27,1. Bundesliga,2023/2024,1276,1121,155,0.1214733542319749,686,601,85,0.1239067055393586
3911308,training,b31ea2e946724cd6c980678ffc56a554dc61cd396ae6b8afdaeb5768647fcbda,female|T7,female,7,2024,2024-01-27,Liga F,2023/2024,999,798,201,0.2012012012012012,484,400,84,0.1735537190082644
3911309,training,751c1e8b3be9bceba8c31c93e5455b291e2301b4139ea7633eb75815ff8c9bad,female|T7,female,7,2024,2024-01-27,Liga F,2023/2024,662,459,203,0.3066465256797583,398,291,107,0.2688442211055276
3911313,training,0d4191fb3543d875f51868165dac72f129f91627ac4739c267017fb2efc78c75,female|T7,female,7,2024,2024-01-27,Liga F,2023/2024,704,515,189,0.2684659090909091,370,297,73,0.1972972972972973
3911314,training,17321d34261f06c62b7af97e1cea1ea4f9677a0c032f2b2958cd4ca550317751,female|T7,female,7,2024,2024-01-27,Liga F,2023/2024,612,410,202,0.3300653594771242,315,246,69,0.219047619047619
3912191,training,10b847bc5e58045aa5a579e631c7221629e08115ecad09fc3e32f2095813b69f,female|T7,female,7,2024,2024-01-27,Frauen Bundesliga,2023/2024,786,517,269,0.3422391857506361,375,267,108,0.288
3912534,training,20d5cd99301a0d446bd6068788b2e892cbb7e9584a8b2fda52b6b0a8eeae8b59,female|T7,female,7,2024,2024-01-27,Serie A Women,2023/2024,724,557,167,0.2306629834254143,308,246,62,0.2012987012987013
3912536,training,a646026e2e0f1001bb43af9887ce88ca4325d152d11369adaf2311d24a48d6bf,female|T7,female,7,2024,2024-01-27,Serie A Women,2023/2024,934,713,221,0.2366167023554604,457,362,95,0.2078774617067833
3913123,training,3a6bdfe48cdb71f593d4486db0a337f445a6552ae4905e36f280954e1bea508e,female|T7,female,7,2024,2024-01-27,FA Women's Super League,2023/2024,897,711,186,0.2073578595317725,480,402,78,0.1625
3922238,training,10c088ee291765975c59460943edabb50b75b4abf8dd6808c9113cbf7fbb8950,male|T7,male,7,2024,2024-01-27,African Cup of Nations,2023,626,466,160,0.255591054313099,210,167,43,0.2047619047619047
3911310,training,09abaaa7c8bfdc11f271536c2a51974a5533f8439a14f9324d21744b51568e57,female|T7,female,7,2024,2024-01-28,Liga F,2023/2024,854,630,224,0.2622950819672131,510,399,111,0.2176470588235294
3911311,training,77bfc521b1d957621db0f450414c38b9e5917465d4f1bfd2077486992e6516ec,female|T7,female,7,2024,2024-01-28,Liga F,2023/2024,781,567,214,0.2740076824583867,354,271,83,0.2344632768361582
3911312,training,0fcb3b50ab67a7bd59aa5a8800347e85e4986e92623ec8a6f43707ae337fc053,female|T7,female,7,2024,2024-01-28,Liga F,2023/2024,787,608,179,0.2274459974587039,387,313,74,0.1912144702842377
3912193,training,465d049fcf62d5592834012ea22664f36b330697c8349e559090730c2e4db18d,female|T7,female,7,2024,2024-01-28,Frauen Bundesliga,2023/2024,864,653,211,0.2442129629629629,428,343,85,0.1985981308411215
3913125,training,8c7541a2bdd3f7924e310353f4780b42a9ec8cfe463c4e5aa7dab273638fcf3e,female|T7,female,7,2024,2024-01-28,FA Women's Super League,2023/2024,881,678,203,0.2304199772985244,401,335,66,0.1645885286783042
3913126,training,5220b0353e666fb0e3d1c72a86651f5a3abbe4ac1e930a23bde2db4661b02e78,female|T7,female,7,2024,2024-01-28,FA Women's Super League,2023/2024,1074,921,153,0.1424581005586592,500,434,66,0.132
3913127,training,a1e01bf003970d0c5d8523556e50558cb6c7ef50a26456fcf8d3a951d55e51aa,female|T7,female,7,2024,2024-01-28,FA Women's Super League,2023/2024,867,700,167,0.1926182237600922,428,361,67,0.1565420560747663
3913128,training,9f9e2dc241a62537cd1487f1a16047fa88d657b3b22838ba8b3c86bf9b4f9eaa,female|T7,female,7,2024,2024-01-28,FA Women's Super League,2023/2024,855,642,213,0.2491228070175438,458,355,103,0.2248908296943231
3922239,training,1c078a881cc1d15e94755de81233794dfb8907fb0e0c972704f902ecd99ddb0b,male|T7,male,7,2024,2024-01-28,African Cup of Nations,2023,699,551,148,0.2117310443490701,300,240,60,0.2
3922240,training,0f621e07e0f84c4bcd5733a313636eca32039297daa11c770201197a2f5d65dc,male|T7,male,7,2024,2024-01-28,African Cup of Nations,2023,906,708,198,0.2185430463576159,316,254,62,0.1962025316455696
3912192,training,73fd7c7456ef3188baf5aa3d3989d6ecf6af97ed12fbbda9f712217f09f34c16,female|T7,female,7,2024,2024-01-29,Frauen Bundesliga,2023/2024,872,646,226,0.2591743119266055,513,408,105,0.2046783625730994
3912533,training,04c3a89b790981dff2874c0a0ef49b6868b3757d7ea218b4e9ae7412de70f0cc,female|T7,female,7,2024,2024-01-29,Serie A Women,2023/2024,866,678,188,0.2170900692840646,450,365,85,0.1888888888888888
3922244,training,65aef771afe10b17bb688094ed71d51f8982932736150e5633cffa6f4b39ba52,male|T7,male,7,2024,2024-01-30,African Cup of Nations,2023,711,571,140,0.1969057665260196,382,328,54,0.1413612565445026
3922356,training,2a65c6eceb5a441c65dc761ba6dd40a1739936200fcab36e0b240c2a069a3d9d,male|T7,male,7,2024,2024-02-02,African Cup of Nations,2023,646,507,139,0.2151702786377708,226,188,38,0.168141592920354
3895220,training,26bd3f6f9a32e20a20ffd6ae27a172cb59782ea2eeebd63ae67ad1c2ca436061,male|T7,male,7,2024,2024-02-03,1. Bundesliga,2023/2024,1117,955,162,0.1450313339301701,613,540,73,0.1190864600326264
3911471,training,2bc65486ad2150fa536e584dfabe8bfcd8462d8d421bbe9086f28d236b029547,female|T7,female,7,2024,2024-02-03,Liga F,2023/2024,940,755,185,0.1968085106382978,511,429,82,0.1604696673189823
3911474,training,5c83bcf4c11dee49e346ffc8a7081b6cc155c1604ad6ec80665bc7db5b266898,female|T7,female,7,2024,2024-02-03,Liga F,2023/2024,805,650,155,0.1925465838509316,483,396,87,0.1801242236024844
3911475,training,31308317023ca80996abeb6a0865a60e918666dc4807aa24b568be1282b54af2,female|T7,female,7,2024,2024-02-03,Liga F,2023/2024,949,755,194,0.2044257112750263,517,432,85,0.1644100580270793
3912195,training,356522e60a4faf02ad213294b4373008e00e9bcb227e3a454109ee7a736380a7,female|T7,female,7,2024,2024-02-03,Frauen Bundesliga,2023/2024,809,573,236,0.2917181705809641,407,317,90,0.2211302211302211
3912539,training,580ced7ce39d9e2bf64a0d0669b30d5fa79960f318a620a9085433f61b04aa68,female|T7,female,7,2024,2024-02-03,Serie A Women,2023/2024,651,466,185,0.2841781874039938,305,231,74,0.2426229508196721
3922659,training,8423ed4f8beeafa2a7c86fb91bd88a08771153ff7a9db1e8404eeab705032e28,male|T7,male,7,2024,2024-02-03,African Cup of Nations,2023,967,797,170,0.1758014477766287,304,261,43,0.1414473684210526
3911472,training,7f48b814efcd01ba260257c50eb159625c15b1837e09f8988d9c1e07ebe2a8a3,female|T7,female,7,2024,2024-02-04,Liga F,2023/2024,969,810,159,0.1640866873065015,582,504,78,0.134020618556701
3911478,training,75faf6195e4651946abed7ba40d36756d12b76e68e5818d2614d37fa2d8ce36e,female|T7,female,7,2024,2024-02-04,Liga F,2023/2024,657,468,189,0.2876712328767123,355,267,88,0.2478873239436619
3912194,training,0bf0c70cf37be051b162e11c405876d56a94d8b0c412ca1bdd52ebc11c2317fa,female|T7,female,7,2024,2024-02-04,Frauen Bundesliga,2023/2024,759,564,195,0.2569169960474308,378,302,76,0.201058201058201
3912197,training,77ce858f6e6d4794deb2ce4bf06f7551ff1e866fd661f28173f684d01cfe4658,female|T7,female,7,2024,2024-02-04,Frauen Bundesliga,2023/2024,784,560,224,0.2857142857142857,396,311,85,0.2146464646464646
3912538,training,7113463ae44066b0d011feb364020807980f7db60039328944814b915e7167ba,female|T7,female,7,2024,2024-02-04,Serie A Women,2023/2024,696,510,186,0.2672413793103448,312,242,70,0.2243589743589743
3913130,training,5ace418c351f25754ea09ba890fe981c7603cbc24e87bcb6218276c41ad45d52,female|T7,female,7,2024,2024-02-04,FA Women's Super League,2023/2024,860,666,194,0.2255813953488372,411,339,72,0.1751824817518248
3913131,training,426cac64383c30793359b3fd7a9c863f79bdca9b1827baaba76f5bf47dbe53f6,female|T7,female,7,2024,2024-02-04,FA Women's Super League,2023/2024,929,693,236,0.2540365984930032,580,464,116,0.2
3913132,training,5543be4e46be261c3b6b4199a3cb30e7430a7bb5b456c1d91540e2b90660b74c,female|T7,female,7,2024,2024-02-04,FA Women's Super League,2023/2024,989,821,168,0.1698685540950455,457,388,69,0.1509846827133479
3913133,training,28f9da8082b85f6f6fb8766d783c6e12276981c0ed7137b353d1f1c659e174e7,female|T7,female,7,2024,2024-02-04,FA Women's Super League,2023/2024,883,703,180,0.203850509626274,372,307,65,0.1747311827956989
3913134,training,9b65bc25b9065cb659637d432b82a4f8ae0697afb3a1b99a04275cc099c56b4f,female|T7,female,7,2024,2024-02-04,FA Women's Super League,2023/2024,969,770,199,0.2053663570691434,573,474,99,0.1727748691099476
3912196,training,4987becd517ba771fc6cd2a7263de4275d81e6d8bee53e5d132e07664544ee12,female|T7,female,7,2024,2024-02-05,Frauen Bundesliga,2023/2024,975,790,185,0.1897435897435897,593,510,83,0.1399662731871838
3922837,training,7f5f2ebcea9139741d09ee5589c6695bae243bce28381aa143f717723065612d,male|T7,male,7,2024,2024-02-07,African Cup of Nations,2023,983,822,161,0.1637843336724313,404,342,62,0.1534653465346534
3912204,training,4c0a60f25557276529ac53472fb484e4fad769dbee34c880b0d3c0ad557d9b54,female|T7,female,7,2024,2024-02-09,Frauen Bundesliga,2023/2024,670,448,222,0.3313432835820895,329,242,87,0.2644376899696048
3895232,training,a355e5fba2deebe7cf47bb81acd0cd30efb577b0f6d935b060cbbfae57d5037c,male|T7,male,7,2024,2024-02-10,1. Bundesliga,2023/2024,1069,909,160,0.1496725912067352,518,445,73,0.1409266409266409
3911482,training,847afc1ee65bbe77c3305b80fece11c20d1fb4003302bcdeb153315f73be8549,female|T7,female,7,2024,2024-02-10,Liga F,2023/2024,1163,968,195,0.1676698194325021,758,637,121,0.1596306068601583
3912201,training,1b80b0490876071cf914d8f9b0acd3c160579170215b3de7371976b309736d66,female|T7,female,7,2024,2024-02-10,Frauen Bundesliga,2023/2024,691,473,218,0.3154848046309696,309,231,78,0.2524271844660194
3912543,training,abb7bf20b0267f19dc087e0da372b968f057ba2c1f441c298959c77f8f94267f,female|T7,female,7,2024,2024-02-10,Serie A Women,2023/2024,731,546,185,0.253077975376197,346,259,87,0.2514450867052023
3911481,training,92c4be030e8d69549f5a5539df09f116ac1176aab38ccdc9ba85e5ea1b5ac5bc,female|T7,female,7,2024,2024-02-11,Liga F,2023/2024,752,537,215,0.2859042553191489,424,328,96,0.2264150943396226
3911484,training,818bcbf0d4d8167cb439dece360d32551564317056e396eb42328595f8e25067,female|T7,female,7,2024,2024-02-11,Liga F,2023/2024,919,785,134,0.1458106637649619,454,392,62,0.1365638766519823
3911485,training,27753b0d7cdfb31f77a92e807a68e511fc3a6a6b84ffcd6655c443dda5b7ec90,female|T7,female,7,2024,2024-02-11,Liga F,2023/2024,970,756,214,0.2206185567010309,376,305,71,0.1888297872340425
3911486,training,59dd42e00f313314914b84349ee7ac0ae5eebe2b99d66ef4e4b46b78e187ab56,female|T7,female,7,2024,2024-02-11,Liga F,2023/2024,810,619,191,0.2358024691358024,384,308,76,0.1979166666666666
3912200,training,2cd48a2db0c899aa61ce34ec172d717cb2774c3d9e0838c0670e0edc70abb6ef,female|T7,female,7,2024,2024-02-11,Frauen Bundesliga,2023/2024,797,593,204,0.2559598494353827,442,364,78,0.1764705882352941
3912202,training,94b48da14f66030348f373c1370deeddcd349acea998ced09a2ae50aed318aa2,female|T7,female,7,2024,2024-02-11,Frauen Bundesliga,2023/2024,822,618,204,0.2481751824817518,410,335,75,0.1829268292682926
3912540,training,20e2593fad802dac5523e2dbea6c34a28e1bd90391417cb6a6246ab5377804d0,female|T7,female,7,2024,2024-02-11,Serie A Women,2023/2024,811,671,140,0.1726263871763255,458,396,62,0.1353711790393013
3923881,training,9635000943ca3ab19a5f42e6119e5a265ef4cd70f9606ad45db7210c897ca960,male|T7,male,7,2024,2024-02-11,African Cup of Nations,2023,640,512,128,0.2,295,238,57,0.1932203389830508
3912205,training,38ba73b1be329440c81aa5cdcb741c9db6bdf3811322176c23abfb55fc29ccd9,female|T7,female,7,2024,2024-02-12,Frauen Bundesliga,2023/2024,724,527,197,0.2720994475138121,349,269,80,0.2292263610315186
3912549,training,3397414429f3f1279e5bea30638aade575b51417c0f811ea370e62622a5ffbe3,female|T7,female,7,2024,2024-02-13,Serie A Women,2023/2024,999,822,177,0.1771771771771771,517,448,69,0.1334622823984526
3911306,training,9318e1cae28f3e2a29ed78e3efb112d3de92e0064801b834851f78238eb0b681,female|T7,female,7,2024,2024-02-14,Liga F,2023/2024,1015,832,183,0.180295566502463,449,384,65,0.1447661469933185
3912545,training,642cc4adc63fa357d8ed2d78e82bf4398de33f0c77fb322cf2d7f9090a61da0d,female|T7,female,7,2024,2024-02-14,Serie A Women,2023/2024,906,711,195,0.2152317880794702,514,424,90,0.1750972762645914
3912546,training,a8438391f53a6e017f8e139442f0093be6a771d0ab0d60aefa95396cc5c70822,female|T7,female,7,2024,2024-02-14,Serie A Women,2023/2024,830,636,194,0.2337349397590361,371,305,66,0.1778975741239892
3912547,training,ac069707983f8d7226e00517d0b8cb584ab93ca63ea3835ba7bf4afc48048f69,female|T7,female,7,2024,2024-02-14,Serie A Women,2023/2024,628,434,194,0.3089171974522293,348,267,81,0.2327586206896551
3912548,training,3876faa890fca49eb5b0b3f8c07e8ccc1541e7480b82ff07c7d2ed2e59d9d806,female|T7,female,7,2024,2024-02-15,Serie A Women,2023/2024,752,570,182,0.2420212765957446,427,359,68,0.1592505854800937
3913138,training,a346007e9ceb6d92f3f1a0a18eb77192ec8920e59630ba28bf588eeae58bcbd4,female|T7,female,7,2024,2024-02-16,FA Women's Super League,2023/2024,859,698,161,0.1874272409778812,471,393,78,0.1656050955414012
3895244,training,7c85c5d494a4f4db4f2bbb9f746baec9727157e464dc32f4ad7c093b2ba64e62,male|T7,male,7,2024,2024-02-17,1. Bundesliga,2023/2024,979,762,217,0.2216547497446374,518,426,92,0.1776061776061776
3911494,training,3a686ba964560ca0dff56fcdb05567d759c4fe4419d2eced270b69e90118b36c,female|T7,female,7,2024,2024-02-17,Liga F,2023/2024,670,455,215,0.3208955223880597,343,256,87,0.2536443148688047
3912207,training,3b3c2940601568128c097ea11dcf13126e1746980e1a3110eeba439214c35496,female|T7,female,7,2024,2024-02-17,Frauen Bundesliga,2023/2024,679,528,151,0.2223858615611192,361,296,65,0.1800554016620498
3912552,training,9734e4b84a286ae83beaded4bb25f4b05244302a3b0d825b9493b39d7d8dbe03,female|T7,female,7,2024,2024-02-17,Serie A Women,2023/2024,902,667,235,0.2605321507760532,529,421,108,0.2041587901701323
3913135,training,93d40df77d7eadbdd64738cf9dcdb07b73984a8e754530254d5cfea8d73109a5,female|T7,female,7,2024,2024-02-17,FA Women's Super League,2023/2024,853,691,162,0.1899179366940211,412,344,68,0.1650485436893204
3911487,training,3e752f3377490671cd4775e5d98093a9304a2bdede7d71383e998a6f22027f93,female|T7,female,7,2024,2024-02-18,Liga F,2023/2024,855,697,158,0.1847953216374269,564,472,92,0.1631205673758865
3911489,training,5aef561bd5dd4837da2c89ef38edc75927ca16dc379282de585a5c19ef04c3b2,female|T7,female,7,2024,2024-02-18,Liga F,2023/2024,1084,895,189,0.1743542435424354,707,593,114,0.1612446958981612
3911491,training,32f4055f4b9af5820fd103d197d06abc723c4a6501aeba71ea51e5086b4dfa0a,female|T7,female,7,2024,2024-02-18,Liga F,2023/2024,726,528,198,0.2727272727272727,370,286,84,0.227027027027027
3911492,training,358c4f79306dc106af43de0179c0fc805e0ca7b8a639003bbcfff949434aef63,female|T7,female,7,2024,2024-02-18,Liga F,2023/2024,819,596,223,0.2722832722832722,408,312,96,0.2352941176470588
3912209,training,4da07328bce3008ab5fea2b79e4d7cba5121d01dc987f6f1ae502f46d25e4c87,female|T7,female,7,2024,2024-02-18,Frauen Bundesliga,2023/2024,940,744,196,0.2085106382978723,550,453,97,0.1763636363636363
3912550,training,49d4d240c3eba9c4ddff89c0c6c43e70eb376d246a0fcac268c5883d4bc737f7,female|T7,female,7,2024,2024-02-18,Serie A Women,2023/2024,624,468,156,0.25,298,244,54,0.1812080536912751
3912553,training,56c6d286af98d46b2e63ea8a11708bd0b2105c27224deaaf6e96c4ba7626f13d,female|T7,female,7,2024,2024-02-18,Serie A Women,2023/2024,755,617,138,0.1827814569536424,424,360,64,0.1509433962264151
3913136,training,5106db8957982428f0e341b89b58d41550dd3278ba04b2541a11058185e329a6,female|T7,female,7,2024,2024-02-18,FA Women's Super League,2023/2024,935,737,198,0.2117647058823529,435,353,82,0.1885057471264367
3913139,training,95ceba54dc577041fcc5824dc72086e40f8fb6aabec20f2a6543f59a2dd0364f,female|T7,female,7,2024,2024-02-18,FA Women's Super League,2023/2024,948,763,185,0.1951476793248945,471,393,78,0.1656050955414012
3895250,training,2f75aa34469ce01be1a1b7237d50a0be124006de6e61861196e004799691dd19,male|T7,male,7,2024,2024-02-23,1. Bundesliga,2023/2024,991,829,162,0.1634712411705348,603,528,75,0.1243781094527363
3895258,training,646621a1590183c904a686150ec1293d24f3ced57f223daf152ce20d98c749f7,male|T7,male,7,2024,2024-03-03,1. Bundesliga,2023/2024,1050,912,138,0.1314285714285714,583,520,63,0.1080617495711835
3913141,training,56d73738c6faf62d57909f31e2ee2db7819dd4e1973715594bfbb31cd4d88a5f,female|T7,female,7,2024,2024-03-03,FA Women's Super League,2023/2024,953,715,238,0.2497376705141658,469,356,113,0.2409381663113006
3913142,training,13e2abb6e57462becf62f86e6b1ddd9a6ac44b81861b5fb666bdfd18a351aae8,female|T7,female,7,2024,2024-03-03,FA Women's Super League,2023/2024,925,775,150,0.1621621621621621,638,549,89,0.1394984326018808
3913145,training,54c7ccea3e3f122e987e77fc4ca91c716bb35db0a8693eba1802618391218119,female|T7,female,7,2024,2024-03-03,FA Women's Super League,2023/2024,967,785,182,0.1882109617373319,557,467,90,0.1615798922800718
3913146,training,2c28a091651000225ab76a8b33da1505d3ed3d28833c38624dfd8a49e9fda9c4,female|T7,female,7,2024,2024-03-03,FA Women's Super League,2023/2024,923,731,192,0.2080173347778981,579,476,103,0.1778929188255613
3912214,training,ab3b20ad3908bce00d9cfb94ae48d56e94551ebe50668b142deb8fc8c91fae17,female|T7,female,7,2024,2024-03-08,Frauen Bundesliga,2023/2024,779,558,221,0.2836970474967907,438,337,101,0.230593607305936
3911499,training,37efd47a2f1cb9fb592d0fcc1f3f600bccac5ac8422a555608090c5f4e2d4b31,female|T7,female,7,2024,2024-03-09,Liga F,2023/2024,681,431,250,0.3671071953010279,347,244,103,0.2968299711815562
3911501,training,35cb09615dfc2983c12f1761cb395eba445a91a8070ea75e95ff22657d2d17ef,female|T7,female,7,2024,2024-03-09,Liga F,2023/2024,816,657,159,0.1948529411764706,394,339,55,0.1395939086294416
3911502,training,a1f33aee3a61d458b36c43c2db1becceba092d346a41c23e00835c0bbeccafde,female|T7,female,7,2024,2024-03-09,Liga F,2023/2024,639,445,194,0.3035993740219092,255,196,59,0.2313725490196078
3912215,training,6d15b042275512985a22942d05b12859f454d8eb36bf74d4e7499de7914971af,female|T7,female,7,2024,2024-03-09,Frauen Bundesliga,2023/2024,815,629,186,0.2282208588957055,390,310,80,0.2051282051282051
3895266,training,0184eb90d5b05ad83f840e35075066fe257e8c95c58de51e48492bf30ec3894b,male|T7,male,7,2024,2024-03-10,1. Bundesliga,2023/2024,1165,1038,127,0.1090128755364806,616,556,60,0.0974025974025974
3911500,training,a0446e1ab2269489d235a86fb636214e01ac60c2b694fcbc080039d7700a725b,female|T7,female,7,2024,2024-03-10,Liga F,2023/2024,708,552,156,0.2203389830508474,378,302,76,0.201058201058201
3912212,training,8ea8921a6b9d0140757985005ab35549101d9d649e2c87b4c401e5d7d74ff7ea,female|T7,female,7,2024,2024-03-10,Frauen Bundesliga,2023/2024,913,681,232,0.2541073384446878,612,478,134,0.218954248366013
3912216,training,668f72f32f5aa82d1b28da3478fb6229db068a3514c913bd439ec12ee1fc4a05,female|T7,female,7,2024,2024-03-11,Frauen Bundesliga,2023/2024,875,621,254,0.2902857142857142,443,335,108,0.2437923250564334
3912219,training,88d381c11977f9558ea5a97d009a58fc2ba3e6293b4a3013b7c25a7317254504,female|T7,female,7,2024,2024-03-15,Frauen Bundesliga,2023/2024,710,515,195,0.2746478873239437,352,268,84,0.2386363636363636
3913152,training,4276e922dadcaaec7c818199e8f363c0cf303cef7225bbd1d38ac0172e7397b9,female|T7,female,7,2024,2024-03-15,FA Women's Super League,2023/2024,843,665,178,0.2111506524317912,383,322,61,0.1592689295039164
3911507,training,4a1df5362e0f448c238b5b16dd502258cd1860951f8e37d54a96c8b376fc6731,female|T7,female,7,2024,2024-03-16,Liga F,2023/2024,768,615,153,0.19921875,356,301,55,0.1544943820224719
3911508,training,99a667fe5aa358d7e882a156f23690b9fbe7a161185cfade22be97fc8a402f4d,female|T7,female,7,2024,2024-03-16,Liga F,2023/2024,860,654,206,0.2395348837209302,435,352,83,0.1908045977011494
3911509,training,080181a110584e7f15f8b689a84f22774ee18274035959d041f02808253a1c53,female|T7,female,7,2024,2024-03-16,Liga F,2023/2024,853,633,220,0.2579132473622508,465,371,94,0.2021505376344086
3911510,training,3467bca78010b342f7c89fb731afff789eae00c07a804ca648cdccc18f1f3e97,female|T7,female,7,2024,2024-03-16,Liga F,2023/2024,946,742,204,0.2156448202959831,506,400,106,0.2094861660079051
3912218,training,0211ce93a11d115dd3f58687d961252f9beefcd584a6951c33c54f1b68988161,female|T7,female,7,2024,2024-03-16,Frauen Bundesliga,2023/2024,929,717,212,0.2282023681377825,395,320,75,0.189873417721519
3912221,training,89409d70fa1e67fa22bea160d5fb1928f935a82f8215b7bbbd54807ae0f296ce,female|T7,female,7,2024,2024-03-16,Frauen Bundesliga,2023/2024,669,469,200,0.2989536621823617,336,264,72,0.2142857142857142
3913147,training,ad39bed0e41084a18fa21480b3f7a6647b2e542aee19bf0e5c9e149d1ddb782d,female|T7,female,7,2024,2024-03-16,FA Women's Super League,2023/2024,950,770,180,0.1894736842105263,452,376,76,0.168141592920354
3928984,training,98c10ce4838b4ba13866a0fec6d6abf13a2430cea30e2aabf0988f05711e33af,female|T7,female,7,2024,2024-03-16,Serie A Women,2023/2024,771,528,243,0.3151750972762646,463,343,120,0.2591792656587473
3928985,training,6c76ca69489ef7d3370f107b7b444d3266cc4c874a52fbec9fe86cf02fb2803a,female|T7,female,7,2024,2024-03-16,Serie A Women,2023/2024,836,606,230,0.2751196172248804,526,409,117,0.2224334600760456
3895275,training,7213f60ebb4f52ae6f1ef2a46d55cf6a17e525bbd017b1b2ebaf10e2a7f6bcb1,male|T7,male,7,2024,2024-03-17,1. Bundesliga,2023/2024,1062,931,131,0.123352165725047,549,490,59,0.1074681238615664
3911504,training,21520259611a772b208a3f8040671568cc94ff195209c3a8885b5c1855e04195,female|T7,female,7,2024,2024-03-17,Liga F,2023/2024,910,770,140,0.1538461538461538,540,468,72,0.1333333333333333
3911506,training,b12902b159d96aca4daf47220f9abdcf9ad886789bf5d5a5b54c437c29dfb9e1,female|T7,female,7,2024,2024-03-17,Liga F,2023/2024,728,542,186,0.2554945054945055,351,274,77,0.2193732193732193
3912223,training,95697f1618b51c850a5d084e57ac8cf29e9a06ecf8f784c941825ec3bb7f182d,female|T7,female,7,2024,2024-03-17,Frauen Bundesliga,2023/2024,1056,843,213,0.2017045454545454,662,534,128,0.1933534743202417
3913148,training,02a7490ff10e93c4808350ffed9761598bfeff4c9b240a74d3efca4b5c031181,female|T7,female,7,2024,2024-03-17,FA Women's Super League,2023/2024,980,734,246,0.2510204081632653,502,387,115,0.2290836653386454
3913149,training,23d8eb4293f4f77a061f90c49f698f20970043039a42215120beb8d84c203243,female|T7,female,7,2024,2024-03-17,FA Women's Super League,2023/2024,879,663,216,0.2457337883959044,452,353,99,0.2190265486725663
3913150,training,45949bd0e5a3c317de13ba73cc3f6687bbf97e29f3139524d6eed9024165db3b,female|T7,female,7,2024,2024-03-17,FA Women's Super League,2023/2024,1014,864,150,0.1479289940828402,580,505,75,0.1293103448275862
3928986,training,911b222e762115c3b6ec1a5a1a85abd48bfc07b21f6c6a6dd37a9723869651ae,female|T7,female,7,2024,2024-03-17,Serie A Women,2023/2024,744,552,192,0.2580645161290322,374,287,87,0.232620320855615
3928987,training,8aa63febf8ffaf54066e0738e1d7948557041440aa7c068e5ef4fafed95f91e6,female|T7,female,7,2024,2024-03-17,Serie A Women,2023/2024,733,546,187,0.2551159618008186,475,377,98,0.2063157894736842
3912220,training,09483747cc1102b8b51f9dd0ae218f55afd174f427323c975dfb41cbb3e2156f,female|T7,female,7,2024,2024-03-18,Frauen Bundesliga,2023/2024,850,635,215,0.2529411764705882,499,393,106,0.2124248496993988
3912227,training,114b1b7afbf407f7561611d67e919b2fc9b84b0ec55292341bc5b0d95348e868,female|T7,female,7,2024,2024-03-22,Frauen Bundesliga,2023/2024,890,693,197,0.2213483146067415,490,398,92,0.1877551020408163
3911513,training,0b22468009340dbc5f1beff13c9c36da8926efe4dfc0c7dc873b85e26554cbc4,female|T7,female,7,2024,2024-03-23,Liga F,2023/2024,819,638,181,0.221001221001221,461,371,90,0.1952277657266811
3911518,training,3bfeec26e1716403db781104c91de8cb96c3f7f48e58f83134c292a427a69c35,female|T7,female,7,2024,2024-03-23,Liga F,2023/2024,670,458,212,0.3164179104477612,360,267,93,0.2583333333333333
3912224,training,8eb90476bef01b385d5b4f0c729ec5dddbd19bfff4a34901ae459d985d9bc10a,female|T7,female,7,2024,2024-03-23,Frauen Bundesliga,2023/2024,734,554,180,0.2452316076294278,403,327,76,0.1885856079404466
3912226,training,1b6ca08d3cdec96c281b8f5d4a47ad6ecb4951e537c92df5fe182faf7867b876,female|T7,female,7,2024,2024-03-23,Frauen Bundesliga,2023/2024,553,345,208,0.376130198915009,220,167,53,0.2409090909090909
3913155,training,3a414527c0acf7f386dd7637b54eea0c6742c996991a0b28791df1e12893df26,female|T7,female,7,2024,2024-03-23,FA Women's Super League,2023/2024,880,710,170,0.1931818181818181,427,360,67,0.1569086651053864
3928989,training,a4e6b527c6ef95b8bb2cf68e9e357a9821b8bccd5b3f8e4ccf2675025e901800,female|T7,female,7,2024,2024-03-23,Serie A Women,2023/2024,843,602,241,0.2858837485172005,436,340,96,0.2201834862385321
3911511,training,1a2e53a6f9b3c4ea9cc3c25643e4512a3ad3a53333e847b72efdb5ffe086ed60,female|T7,female,7,2024,2024-03-24,Liga F,2023/2024,742,481,261,0.3517520215633423,339,234,105,0.3097345132743362
3911512,training,9ff5dd31c98e1d1593851d61f5c95a2ef444d8951ff2f8f381151f8627ec67a5,female|T7,female,7,2024,2024-03-24,Liga F,2023/2024,902,668,234,0.2594235033259423,439,340,99,0.2255125284738041
3911514,training,53dc40a05ab7d8fc8946297ad22960d20c317c422ad87dc9835e07010af4332d,female|T7,female,7,2024,2024-03-24,Liga F,2023/2024,808,602,206,0.2549504950495049,433,349,84,0.1939953810623556
3911515,training,0b469f6587679dad64e412f6f89af671402ab6dd8af305f12ef6bbf20176f2b8,female|T7,female,7,2024,2024-03-24,Liga F,2023/2024,1021,865,156,0.1527913809990205,507,452,55,0.1084812623274161
3912225,training,4f57da6d2fecc5b25d26c1c93354f2b948b27608e3956d649217da45b8893b18,female|T7,female,7,2024,2024-03-24,Frauen Bundesliga,2023/2024,729,520,209,0.2866941015089163,359,275,84,0.233983286908078
3913153,training,a0e8970d3015559b8f56420573d479ff078b662e0bae9a90cc4b1da4186a12ec,female|T7,female,7,2024,2024-03-24,FA Women's Super League,2023/2024,905,673,232,0.256353591160221,508,387,121,0.2381889763779527
3913154,training,26144f15a588436d7800bbdf0fe4c2272405921d7a1296370b85d5f42b25ba7c,female|T7,female,7,2024,2024-03-24,FA Women's Super League,2023/2024,891,715,176,0.1975308641975308,538,453,85,0.1579925650557621
3913157,training,2f164cf86505e82ffa177bbc91b829422ffe4e993e5ba573b3b71d5a2dc4bc00,female|T7,female,7,2024,2024-03-24,FA Women's Super League,2023/2024,770,542,228,0.2961038961038961,405,305,100,0.2469135802469135
3913158,training,3f0181b72071f297b3823a74ea47612a416fa8f8e1f86abdb12de739117ac096,female|T7,female,7,2024,2024-03-24,FA Women's Super League,2023/2024,864,678,186,0.2152777777777778,464,386,78,0.168103448275862
3928991,training,67576c1087963240fdf046a0a18416d90c01184b41461015a53e18bac68af04e,female|T7,female,7,2024,2024-03-24,Serie A Women,2023/2024,825,643,182,0.2206060606060606,466,380,86,0.1845493562231759
3912229,training,41230de2fbda5b1f144da110d1084d79d0443028895fbd20cf198c584862e55a,female|T7,female,7,2024,2024-03-25,Frauen Bundesliga,2023/2024,794,608,186,0.234256926952141,500,412,88,0.176
3928992,training,5985fb6020952806f8fd524e6d15d7151c4d80d75a31d5ae0491153bf46a0582,female|T7,female,7,2024,2024-03-29,Serie A Women,2023/2024,800,589,211,0.26375,390,313,77,0.1974358974358974
3895286,training,9f5b40f98cd3b4dcfcdc66461f5cc55bc0783d02aef2dee36b18d97276112fe4,male|T7,male,7,2024,2024-03-30,1. Bundesliga,2023/2024,1062,884,178,0.167608286252354,587,508,79,0.1345826235093696
3911520,training,85bd123185503bd1c38281cb70b0e89a94fefd065581b7fe1d814ef8b5edd011,female|T7,female,7,2024,2024-03-30,Liga F,2023/2024,695,539,156,0.2244604316546762,370,304,66,0.1783783783783784
3911522,training,9101170ef34499a36fd5a007eac956f2e876be04b1ebcfae226881ceec555393,female|T7,female,7,2024,2024-03-30,Liga F,2023/2024,599,374,225,0.3756260434056761,352,246,106,0.3011363636363636
3911525,training,55fd080d7e19ac4f2aa2b2980d3a345ff866c7df1863d3d80f7b6bf42e44f832,female|T7,female,7,2024,2024-03-30,Liga F,2023/2024,758,579,179,0.2361477572559366,382,319,63,0.1649214659685864
3911526,training,5d670392e4eb28e87c0c1cf79912f97581db010f20181acd64a9c5bc176619c6,female|T7,female,7,2024,2024-03-30,Liga F,2023/2024,861,658,203,0.2357723577235772,508,409,99,0.1948818897637795
3913159,training,8326ddfeb244e82faa8800a0a739702a67b3c782aa7005fb4622f268812c49fa,female|T7,female,7,2024,2024-03-30,FA Women's Super League,2023/2024,858,678,180,0.2097902097902098,473,400,73,0.1543340380549683
3913162,training,b2f1f548cc6748a544fb5987c3a71f0bb7edb7e89845b42c3c91faee25785c04,female|T7,female,7,2024,2024-03-30,FA Women's Super League,2023/2024,962,762,200,0.2079002079002079,543,447,96,0.1767955801104972
3928993,training,656ca48606fb75ffac0fb5dc74720188a7151bce538a286988895086e73c935c,female|T7,female,7,2024,2024-03-30,Serie A Women,2023/2024,782,606,176,0.2250639386189258,471,383,88,0.1868365180467091
3928994,training,0eb7d2ec37a7f1539491217298b26c8a557492bf937b61bcbfdf2ca3267bc357,female|T7,female,7,2024,2024-03-30,Serie A Women,2023/2024,826,643,183,0.2215496368038741,460,368,92,0.2
3911519,training,9b6115a92e7e7c89fc7642c633c624d7ec2555c208c434a1df73eb6ec477d140,female|T7,female,7,2024,2024-03-31,Liga F,2023/2024,949,751,198,0.208640674394099,522,438,84,0.160919540229885
3911521,training,3847d29c4fec95335dd783d6952ab83c526bbfbc67d181c9562839b1a1e7ab73,female|T7,female,7,2024,2024-03-31,Liga F,2023/2024,871,671,200,0.2296211251435132,450,369,81,0.18
3911524,training,6bc817e311e14607c97721419900249a6f304cf283cd3d3c621c46dab2680bc3,female|T7,female,7,2024,2024-03-31,Liga F,2023/2024,1184,1010,174,0.1469594594594594,678,603,75,0.1106194690265486
3913161,training,30b7242b302b0ce5843edd0566b7d2950152f41a543f8edb86b30b8261b96a70,female|T7,female,7,2024,2024-03-31,FA Women's Super League,2023/2024,934,750,184,0.1970021413276231,460,390,70,0.1521739130434782
3913164,training,71df80b4ba0fcc416d92be33caa95fe9b5d9ab83e9e228c201f4a7559b1519d5,female|T7,female,7,2024,2024-03-31,FA Women's Super League,2023/2024,816,602,214,0.2622549019607843,413,321,92,0.2227602905569007
3912234,training,5c980f9e77f8e49d979ff58a6b12bd0016ceae9235bdfbd69f669b955498bf7a,female|T7,female,7,2024,2024-04-12,Frauen Bundesliga,2023/2024,807,594,213,0.2639405204460966,448,353,95,0.2120535714285714
3912231,training,5315e97cf20f4ae2aa43684f1c6b14b05787c3eab4ba6f3ec49a4583467f79b4,female|T7,female,7,2024,2024-04-13,Frauen Bundesliga,2023/2024,773,570,203,0.2626131953428202,498,383,115,0.2309236947791164
3912235,training,531cb2a0c36ccedadb2327734544e6ac67d97488ab1c6215285f2dda8abf256a,female|T7,female,7,2024,2024-04-13,Frauen Bundesliga,2023/2024,782,585,197,0.2519181585677749,397,316,81,0.2040302267002519
3895302,training,8306b0c280936b26810fa67a78988e62c2d8eb24658cc67650df62be2b5ef068,male|T7,male,7,2024,2024-04-14,1. Bundesliga,2023/2024,1113,976,137,0.1230907457322551,686,609,77,0.1122448979591836
3911531,training,052fca43a6036aead572be0df0d0d15056e6e339ec9300b49c9dc1d554a6436a,female|T7,female,7,2024,2024-04-14,Liga F,2023/2024,831,673,158,0.1901323706377858,410,342,68,0.1658536585365853
3911532,training,ac9dbfa357a50c92399c6eb701cfcabceb20337f4ed4800b78391b8908ce0fb3,female|T7,female,7,2024,2024-04-14,Liga F,2023/2024,693,521,172,0.2481962481962482,403,331,72,0.1786600496277915
3911533,training,3c2fbf5c9a8691718ff9b73eafb7eb87729ef6ba3fb9c94a8e9f3f1f2c7cd314,female|T7,female,7,2024,2024-04-14,Liga F,2023/2024,663,465,198,0.2986425339366516,348,259,89,0.2557471264367816
3912230,training,6498a6cba8529b875e23edee96e57549bd6e462c6162f919b2245139d7fc4829,female|T7,female,7,2024,2024-04-14,Frauen Bundesliga,2023/2024,631,473,158,0.2503961965134706,291,231,60,0.2061855670103092
3913160,training,7d04fd8d36dca345c79de9832f20de4fb627d67f80a80f9fbe9991d33a3120cc,female|T7,female,7,2024,2024-04-14,FA Women's Super League,2023/2024,1197,1010,187,0.1562238930659983,620,521,99,0.1596774193548387
3928996,training,3d8efd79715fd8d3121c2afc235989fa0a5ba94e122c59ebc720c2c3c0c4e348,female|T7,female,7,2024,2024-04-14,Serie A Women,2023/2024,687,512,175,0.2547307132459971,338,271,67,0.1982248520710059
3912232,training,94237f4e8a0b7e5e856e53865e25c77ba4cc37b1929306500b455cabf0e73d7b,female|T7,female,7,2024,2024-04-15,Frauen Bundesliga,2023/2024,825,591,234,0.2836363636363636,386,298,88,0.2279792746113989
3928997,training,147d26e1b3840c325e4c35b8b746c25a96c9a7bd978ad75e45a89b1131f32723,female|T7,female,7,2024,2024-04-15,Serie A Women,2023/2024,747,596,151,0.2021419009370816,290,242,48,0.1655172413793103
3913165,training,336e36fd329b1209d2d5f16bfbbb0ca607b7d1c0d91d6d0546bc494729d9d659,female|T7,female,7,2024,2024-04-17,FA Women's Super League,2023/2024,879,683,196,0.2229806598407281,484,394,90,0.1859504132231405
3912240,training,a6fee4211382e601fbdb2ed9da15f226f68a6c0e3d2c019d01bcca28ad408d57,female|T7,female,7,2024,2024-04-19,Frauen Bundesliga,2023/2024,836,627,209,0.25,485,384,101,0.2082474226804123
3913166,training,7cd60b812b8de7d64e724659961c27b7a4b27ef4aa0cb9e579e5a458cf7d37ba,female|T7,female,7,2024,2024-04-19,FA Women's Super League,2023/2024,965,760,205,0.2124352331606217,556,454,102,0.1834532374100719
3911536,training,65322ccaafeab887e7baafc0f4c47a1f6da61b0df4a89a8c5c838db326c3bf75,female|T7,female,7,2024,2024-04-20,Liga F,2023/2024,763,576,187,0.2450851900393184,426,342,84,0.1971830985915492
3911537,training,581efe46012060c3e0a56209d74de855efdc17d86507472c38447cfe176fc956,female|T7,female,7,2024,2024-04-20,Liga F,2023/2024,816,623,193,0.2365196078431372,466,377,89,0.1909871244635193
3911538,training,11d6d3532f583dc5077d5f9018dcd20637a411fa1364bf3092755b56e002e9a0,female|T7,female,7,2024,2024-04-20,Liga F,2023/2024,949,754,195,0.2054794520547945,561,460,101,0.1800356506238859
3911541,training,7d0c1aca3aaa2bfac053671459aefe8eb464a3a1859515dd97b376e6668515c7,female|T7,female,7,2024,2024-04-20,Liga F,2023/2024,712,464,248,0.348314606741573,386,271,115,0.2979274611398964
3912236,training,323ba43948eff4155b1bfe73b1f343ddc8396b963f5356fd423a3306dea96d59,female|T7,female,7,2024,2024-04-20,Frauen Bundesliga,2023/2024,731,548,183,0.2503419972640219,341,276,65,0.1906158357771261
3912241,training,155dd4c1b78634d80fd8b82000bb58b98b39f8e1642ccae5046d3173917b7f50,female|T7,female,7,2024,2024-04-20,Frauen Bundesliga,2023/2024,772,548,224,0.2901554404145077,401,307,94,0.2344139650872818
3913170,training,0899077d8beb87f26d0f966bbf7cb51c159845655d6904f057298bffd4f756d5,female|T7,female,7,2024,2024-04-20,FA Women's Super League,2023/2024,870,626,244,0.2804597701149425,477,375,102,0.2138364779874214
3929003,training,5515235e951fdad116b50c228028cf580555fc889c0f3c04c16a5b3ff7f6f855,female|T7,female,7,2024,2024-04-20,Serie A Women,2023/2024,771,586,185,0.2399481193255512,436,358,78,0.1788990825688073
3895309,training,2db6847333eff129170bcc309f6da540d91d9758f011da46d1265efc2b030f29,male|T7,male,7,2024,2024-04-21,1. Bundesliga,2023/2024,1006,863,143,0.1421471172962226,580,521,59,0.1017241379310344
3911535,training,a852ee2a7165fe943b542226d82c414c54c5e1cdd43e3083c64e2cfa84e55d34,female|T7,female,7,2024,2024-04-21,Liga F,2023/2024,771,603,168,0.2178988326848249,459,382,77,0.167755991285403
3911542,training,2dba61f7a8ae842e3506d459bbeab67cce0c85ca915289b5d32390e613b1e8b0,female|T7,female,7,2024,2024-04-21,Liga F,2023/2024,761,582,179,0.2352168199737188,418,341,77,0.1842105263157894
3912237,training,3c769b280734297f3c0bfdf970048eaff4987216239bb35771585996e963a0a2,female|T7,female,7,2024,2024-04-21,Frauen Bundesliga,2023/2024,768,561,207,0.26953125,350,263,87,0.2485714285714285
3912238,training,af227bc01989d1ff925892ce7179ed2f613a5bd86413c71a3e7fc3f34a8c6cce,female|T7,female,7,2024,2024-04-21,Frauen Bundesliga,2023/2024,705,516,189,0.2680851063829787,357,282,75,0.2100840336134453
3913168,training,4fef91ed87540a479e500df69633d9eafc0d169122283103b075a87ed9106046,female|T7,female,7,2024,2024-04-21,FA Women's Super League,2023/2024,1037,877,160,0.1542912246865959,609,535,74,0.1215106732348111
3929001,training,71859a6030717571ba913b04ef2b5c27de3dedddeed4ba0190f8f4d398af7107,female|T7,female,7,2024,2024-04-21,Serie A Women,2023/2024,784,603,181,0.2308673469387755,407,319,88,0.2162162162162162
3929002,training,3c247f01392a82912a615e27bb0651fc42b7610102b380006b1580a65c811c65,female|T7,female,7,2024,2024-04-21,Serie A Women,2023/2024,776,608,168,0.2164948453608247,446,363,83,0.1860986547085202
3912239,training,5c86859d879a7ca3c9f2e888248967ae5249e8a69b7609911b9916979f6c1fc1,female|T7,female,7,2024,2024-04-22,Frauen Bundesliga,2023/2024,865,656,209,0.2416184971098265,511,426,85,0.1663405088062622
3911539,training,0ed5460cb6fc68c5c2d756984e137071a7ab6897e3b710b0797cfb515624a685,female|T7,female,7,2024,2024-04-24,Liga F,2023/2024,913,741,172,0.1883899233296823,538,463,75,0.1394052044609665
3895320,training,8cc04b187451cb3d03c75d57ab707a73db809a238f3ddf02fa7802dc94e71111,male|T7,male,7,2024,2024-04-27,1. Bundesliga,2023/2024,981,799,182,0.1855249745158002,479,406,73,0.1524008350730689
3911545,training,1694a8c76b94dba2a3c603c49a53a094e89e1529a91c9cd71b88e928859cbe94,female|T7,female,7,2024,2024-04-27,Liga F,2023/2024,686,434,252,0.3673469387755102,408,282,126,0.3088235294117647
3911549,training,7e1f155e3a8435c3328715d35a918049412d89b3a192ce9e644ae5fddc0ca24b,female|T7,female,7,2024,2024-04-27,Liga F,2023/2024,730,582,148,0.2027397260273972,402,338,64,0.1592039800995024
3929005,training,0ff934d4ecb063569645aca9ef41785dce3c4ddee925cd2744f426c8b263a7b1,female|T7,female,7,2024,2024-04-27,Serie A Women,2023/2024,792,596,196,0.2474747474747475,419,332,87,0.2076372315035799
3929006,training,79c6dae9c25a7f28d66bfa947c9fc336419a301bbb60cc0fe58afbcf52a9def9,female|T7,female,7,2024,2024-04-27,Serie A Women,2023/2024,940,764,176,0.1872340425531914,562,466,96,0.1708185053380783
3929007,training,5c46ef6b46c07db05612ac3d22b4b6db746525bcb1a153df2947646ee101dc2d,female|T7,female,7,2024,2024-04-27,Serie A Women,2023/2024,752,582,170,0.226063829787234,468,391,77,0.1645299145299145
3911546,training,a163816e69dffbbeddb3dc97d7b88b2308d3effa2b15cec6ff839de44ba3c1d3,female|T7,female,7,2024,2024-04-28,Liga F,2023/2024,865,676,189,0.2184971098265896,503,413,90,0.1789264413518886
3911547,training,0dc2d7a3980b35ac90a23172cab923d72426d1569b595d828f5097ab211c1f5c,female|T7,female,7,2024,2024-04-28,Liga F,2023/2024,844,674,170,0.2014218009478673,433,367,66,0.1524249422632794
3911548,training,93920582b0ff6fdb4c1bc7cf4f10373bf13d6412c33fd819136b2af10fd6f11b,female|T7,female,7,2024,2024-04-28,Liga F,2023/2024,839,651,188,0.2240762812872467,372,297,75,0.2016129032258064
3913171,training,5b9e50a903b6299cff0503ad042fbe8d4ae1733a243d5ee129f0c46fc898857c,female|T7,female,7,2024,2024-04-28,FA Women's Super League,2023/2024,945,728,217,0.2296296296296296,480,377,103,0.2145833333333333
3913172,training,a5cf0533011cad3a7ea0960028dfeffae1fe0af62a88a361408be0cb636ce4d3,female|T7,female,7,2024,2024-04-28,FA Women's Super League,2023/2024,863,691,172,0.1993047508690614,528,451,77,0.1458333333333333
3913175,training,5a0fb1f732011f4363ead35368bca730be9fb6ed3d0efcb6fdaf09a268c25749,female|T7,female,7,2024,2024-04-28,FA Women's Super League,2023/2024,897,724,173,0.1928651059085841,534,448,86,0.1610486891385767
3913173,training,a2504115b29e8c2d8b70172f1e0f80f7fdb4a606af282eca391f6b45081a14cb,female|T7,female,7,2024,2024-05-01,FA Women's Super League,2023/2024,816,580,236,0.2892156862745098,408,293,115,0.2818627450980392
3929008,training,87a620968468772ebe81130f63904b56059fb9480f7c3af377023907c00b14d0,female|T7,female,7,2024,2024-05-01,Serie A Women,2023/2024,754,558,196,0.259946949602122,417,337,80,0.1918465227817745
3929009,training,62726f018fb8ee71f63d286792aed9e496dd4abf05985d9f5c50f4f256e1a73e,female|T7,female,7,2024,2024-05-01,Serie A Women,2023/2024,796,566,230,0.2889447236180904,396,306,90,0.2272727272727272
3929010,training,1ea799a3bc90098f7410ab6fb79dd9583eae048baf543f2197e6f56dcc24e3a9,female|T7,female,7,2024,2024-05-01,Serie A Women,2023/2024,757,559,198,0.261558784676354,471,383,88,0.1868365180467091
3912245,training,609f0e966e701e4dd26d86289b66913d271accfab29047b5e6c1f8f530171ebf,female|T7,female,7,2024,2024-05-03,Frauen Bundesliga,2023/2024,851,681,170,0.199764982373678,499,424,75,0.1503006012024048
3911551,training,3feee2b9bfe23b7455d048b01b49deb52687a4513155f23d79883e0338b1cf6e,female|T7,female,7,2024,2024-05-04,Liga F,2023/2024,765,604,161,0.2104575163398692,398,330,68,0.1708542713567839
3911552,training,45c559b54c1e52034a8474c9fca047f473a13d14439fc1d01784740c0d8e7f64,female|T7,female,7,2024,2024-05-04,Liga F,2023/2024,762,591,171,0.2244094488188976,430,345,85,0.1976744186046511
3911556,training,3776dcda2e8ea1e8d378428e11139714ee9d5b0045f84aa1ce917dc135da9ca8,female|T7,female,7,2024,2024-05-04,Liga F,2023/2024,943,758,185,0.1961823966065747,558,488,70,0.1254480286738351
3912243,training,329948b90a027b279c720f117a6396f0da0d00836fad5477a4bf5d017b1a5594,female|T7,female,7,2024,2024-05-04,Frauen Bundesliga,2023/2024,947,759,188,0.1985216473072861,589,507,82,0.1392190152801358
3912247,training,35e2c4b89cc0361a2c92831bb56f0ad21fe09b12ff069819646a124032bf0ec7,female|T7,female,7,2024,2024-05-04,Frauen Bundesliga,2023/2024,1006,842,164,0.1630218687872763,542,469,73,0.1346863468634686
3895333,training,5166068e830979a405270ba814190fdc622e1007fafbe61540ae3c420a715026,male|T7,male,7,2024,2024-05-05,1. Bundesliga,2023/2024,929,787,142,0.1528525296017222,477,419,58,0.1215932914046121
3911554,training,4ee001082a916494c7e04b250e8ee456c9753887ae7b5bc719f3355355ee95b8,female|T7,female,7,2024,2024-05-05,Liga F,2023/2024,886,730,156,0.1760722347629796,500,428,72,0.144
3911555,training,364583ad3d077d220e77bd2ca8afc1087b9057951886ec995e1d83223d0957e5,female|T7,female,7,2024,2024-05-05,Liga F,2023/2024,623,468,155,0.2487961476725521,342,283,59,0.1725146198830409
3911557,training,9e042a32173bed9d454662a6f4f2138409b394d2a483638ab3168003ae3bdd58,female|T7,female,7,2024,2024-05-05,Liga F,2023/2024,714,483,231,0.3235294117647059,345,259,86,0.2492753623188406
3912244,training,459ad11fa836176adb174a05209770bb899c0f293ceb5a31cbe858f7774d0362,female|T7,female,7,2024,2024-05-05,Frauen Bundesliga,2023/2024,752,501,251,0.3337765957446808,383,285,98,0.2558746736292428
3913177,training,a7590289dd41955b57c993d263b9042117fa6d770fad7045e20c060a865d5772,female|T7,female,7,2024,2024-05-05,FA Women's Super League,2023/2024,934,778,156,0.1670235546038544,545,461,84,0.1541284403669724
3913178,training,388756958d4808f301e6ba4184cf640dacef8937fa46e6cfd9923aa380c50a20,female|T7,female,7,2024,2024-05-05,FA Women's Super League,2023/2024,821,634,187,0.2277710109622411,405,330,75,0.1851851851851851
3913179,training,9defb945a472309c96924b8ca6466e3bf9a78f9a0373786bb2e08fe81ff059b4,female|T7,female,7,2024,2024-05-05,FA Women's Super League,2023/2024,802,543,259,0.3229426433915212,370,268,102,0.2756756756756757
3913180,training,5e672cdcdc21df331749358c1b7679b78133179d206756f5806baae50c577094,female|T7,female,7,2024,2024-05-05,FA Women's Super League,2023/2024,928,746,182,0.1961206896551724,429,367,62,0.1445221445221445
3929013,training,098fa93bbc8822002834a934411b4276ab449f43dd5edd02577911e1b18ecc71,female|T7,female,7,2024,2024-05-05,Serie A Women,2023/2024,740,576,164,0.2216216216216216,356,296,60,0.1685393258426966
3929014,training,8f1fc14e0015db1fbd81fb3fb1bc2ef6cdf835f5b76ca8ec4637eeadcdc59e76,female|T7,female,7,2024,2024-05-05,Serie A Women,2023/2024,691,499,192,0.2778581765557164,366,290,76,0.2076502732240437
3929015,training,402bec14757136c1f7d01b38f52d2aa0d632c8c8000a59d30ba8870442996760,female|T7,female,7,2024,2024-05-05,Serie A Women,2023/2024,916,742,174,0.1899563318777292,442,376,66,0.1493212669683258
3912242,training,8d07247b5afb03b21f03cb1797a312de8954f79253c3acf8bc4bf9e2b3e4d201,female|T7,female,7,2024,2024-05-06,Frauen Bundesliga,2023/2024,698,482,216,0.3094555873925501,309,239,70,0.2265372168284789
3929012,training,67d668526903ba35da4a98d8cde0140f976f4536f0908e305d187a756ab4fb93,female|T7,female,7,2024,2024-05-06,Serie A Women,2023/2024,940,764,176,0.1872340425531914,649,543,106,0.1633281972265023
3911562,training,633d355bb5a2b01f8731146a045139ec171d1610ded1e49039a7c995da9c8312,female|T7,female,7,2024,2024-05-10,Liga F,2023/2024,1188,1000,188,0.1582491582491582,734,631,103,0.1403269754768392
3912248,training,0ae3eef4e06a5ce9d5d3a38ec74b2d0202bde0de54a5bc7b4a644f638970fe9c,female|T7,female,7,2024,2024-05-10,Frauen Bundesliga,2023/2024,831,646,185,0.2226233453670277,425,348,77,0.1811764705882353
3911559,training,a46f17b7e6555d945120956dd396acb9c96286e5a61178cce335b91c5f8d7658,female|T7,female,7,2024,2024-05-11,Liga F,2023/2024,756,527,229,0.3029100529100529,372,275,97,0.260752688172043
3912249,training,047dd5a45c6d6a95dec85da220a36ce3d38c6ed877f49d00f175dbf89f5f0e72,female|T7,female,7,2024,2024-05-11,Frauen Bundesliga,2023/2024,828,632,196,0.2367149758454106,509,413,96,0.1886051080550098
3895340,training,420af9d739f5397833d3af6fca211e5f31873ce86f87583258a3bbe9e92b8120,male|T7,male,7,2024,2024-05-12,1. Bundesliga,2023/2024,873,747,126,0.1443298969072164,476,427,49,0.1029411764705882
3911560,training,a0bb884bb83bc7ad161b84cf7e41ed37ba241aafb69043d91d8c685899ad6b49,female|T7,female,7,2024,2024-05-12,Liga F,2023/2024,796,581,215,0.2701005025125628,404,323,81,0.2004950495049505
3911561,training,78d98fefc4a175dc4c4672755e45cda0153991c07f7827187417111319d9dc5f,female|T7,female,7,2024,2024-05-12,Liga F,2023/2024,742,550,192,0.2587601078167116,380,293,87,0.2289473684210526
3912252,training,0b5868eae6468641c1dd0a655abb72edeaa14cc30295035b5a262a67be9a8901,female|T7,female,7,2024,2024-05-12,Frauen Bundesliga,2023/2024,943,783,160,0.1696712619300106,538,452,86,0.1598513011152416
3929016,training,b1b4df70c1842c3ed3b92e6fe0c9f96032d3e9c51029f6441630cdd0ea8609f8,female|T7,female,7,2024,2024-05-12,Serie A Women,2023/2024,699,525,174,0.2489270386266094,313,243,70,0.2236421725239616
3929018,training,a718c3316adc0031d355bbf204bace415d21db96fb56e026e3f8203c3c35e56b,female|T7,female,7,2024,2024-05-12,Serie A Women,2023/2024,826,634,192,0.2324455205811138,583,472,111,0.1903945111492281
3929019,training,64ad1acce5924160c363d60ce6a332a057d909f6ab54295c5d334152d23b2933,female|T7,female,7,2024,2024-05-12,Serie A Women,2023/2024,792,587,205,0.2588383838383838,398,311,87,0.2185929648241206
3912253,training,05f41e969c23263fd762c02a07880476c4e146ac4422f091bec263e0c5cece8f,female|T7,female,7,2024,2024-05-13,Frauen Bundesliga,2023/2024,829,630,199,0.2400482509047044,479,391,88,0.1837160751565762
3929017,training,af4fc0c696b90b44a6c8c8b6008451e63b146a3f8ada93d05cbf1f97308b5195,female|T7,female,7,2024,2024-05-13,Serie A Women,2023/2024,865,685,180,0.2080924855491329,420,346,74,0.1761904761904762
3913163,training,2c91f3d7ac9eab58410641f11005594539d74819d32fafcdf426f3c612c824ac,female|T7,female,7,2024,2024-05-15,FA Women's Super League,2023/2024,944,758,186,0.1970338983050847,633,527,106,0.1674565560821485
3913183,training,b305c5958f9f689880dea0a2c099a42931f3f501d756022303d52e8539832f12,female|T7,female,7,2024,2024-05-18,FA Women's Super League,2023/2024,1066,891,175,0.1641651031894934,751,648,103,0.1371504660452729
3913184,training,8f9cef1e636c040945b084f39f040998fb2e9e6450f6022e12ae6b85122010e8,female|T7,female,7,2024,2024-05-18,FA Women's Super League,2023/2024,910,725,185,0.2032967032967033,536,437,99,0.1847014925373134
3913186,training,77018e8c6559e977b5097122024c53f1070170eb51ab2ebede4678f901c0bd82,female|T7,female,7,2024,2024-05-18,FA Women's Super League,2023/2024,814,609,205,0.2518427518427518,409,325,84,0.2053789731051344
3913188,training,0b7ee266b125c2129157d0405bb0e73b48c8be380dfb190c3d876e004d2f2d8d,female|T7,female,7,2024,2024-05-18,FA Women's Super League,2023/2024,931,755,176,0.1890440386680988,495,420,75,0.1515151515151515
3929022,training,8375b1ca4f85d9b689c077c86c8f6b0de7f2ced272980954c27df0a6dbb65e28,female|T7,female,7,2024,2024-05-18,Serie A Women,2023/2024,791,607,184,0.2326169405815423,415,336,79,0.1903614457831325
3929023,training,18f9e3d4ea8dc8c800a238c0337047eee1ecf1100c6cf8efc465dd64519bec92,female|T7,female,7,2024,2024-05-18,Serie A Women,2023/2024,768,569,199,0.2591145833333333,397,322,75,0.1889168765743073
3929020,training,1991b5fbaddb7ff060968ccafcaad089c14004e7029a4d275e90b14ee522062d,female|T7,female,7,2024,2024-05-19,Serie A Women,2023/2024,862,719,143,0.1658932714617169,459,393,66,0.1437908496732026
3929021,training,1ffa53730e49f22c029d1b3a62ad3a81782e3c8308966d202c059e35fb33da12,female|T7,female,7,2024,2024-05-19,Serie A Women,2023/2024,883,756,127,0.1438278595696489,528,463,65,0.1231060606060606
3912254,training,55ca51ba0f18633ba03e0af7255bf785aeb4593ef01ec636864fbc6b92a703e1,female|T7,female,7,2024,2024-05-20,Frauen Bundesliga,2023/2024,711,532,179,0.2517580872011252,385,302,83,0.2155844155844155
3912257,training,ac4fdbcc70b2776f04279981e8eb32cd7565cc658abfd3aa4e1cf933d8ff104a,female|T7,female,7,2024,2024-05-20,Frauen Bundesliga,2023/2024,879,697,182,0.2070534698521046,545,447,98,0.1798165137614679
3912259,training,8da300c1cee49ea00defa077118ba191afc926d9cc9aed1a0ad6cce96f99391c,female|T7,female,7,2024,2024-05-20,Frauen Bundesliga,2023/2024,696,513,183,0.2629310344827586,330,264,66,0.2
3911625,training,5fdf45b700f96b32b009883eac15e5e96cc82b9244d12b6268be2ed8157b5871,female|T7,female,7,2024,2024-05-24,Liga F,2023/2024,914,771,143,0.1564551422319474,467,411,56,0.1199143468950749
3911626,training,58137b62a594eb3e038f61de3507c6832b5c56210a53aadf53b36f048f848e5f,female|T7,female,7,2024,2024-05-24,Liga F,2023/2024,889,739,150,0.1687289088863892,515,439,76,0.1475728155339805
3911627,training,31b10bf48d29f8098e7b1961620adeb26758cce839cc0f00b974d0d35da6dd19,female|T7,female,7,2024,2024-05-25,Liga F,2023/2024,837,654,183,0.2186379928315412,462,387,75,0.1623376623376623
3911630,training,5f49edccff4760e872e3f9bfad72f80ae5b75039ed9c152bd4ed76b01f1ef533,female|T7,female,7,2024,2024-05-25,Liga F,2023/2024,736,565,171,0.2323369565217391,346,264,82,0.2369942196531791
3911628,training,4e06f09a55270cac193d70bd1827f886eca3103636d78136658e7bc5fc793c05,female|T7,female,7,2024,2024-05-26,Liga F,2023/2024,805,633,172,0.2136645962732919,438,362,76,0.1735159817351598
3911631,training,7559e8d60f9bc85255fb023665cac2d71658c8cc81d91cab154efab7e805f354,female|T7,female,7,2024,2024-05-26,Liga F,2023/2024,844,679,165,0.1954976303317535,467,391,76,0.1627408993576017
3911634,training,7054db2f52460eb06509844ae1f38685cf09fc24f56b73b1007fe77d39892fa1,female|T7,female,7,2024,2024-06-09,Liga F,2023/2024,800,645,155,0.19375,483,411,72,0.1490683229813664
3911636,training,320d9aa41e450901fbefd6cb1bf553c00193fddafa1b04208dfcbea82a21c648,female|T7,female,7,2024,2024-06-09,Liga F,2023/2024,988,811,177,0.1791497975708502,567,492,75,0.1322751322751322
3911638,training,ab17c0c7f1392ed81b04a471df2f5f1366aa85b3e810e80f18d3a2b215b68a53,female|T7,female,7,2024,2024-06-09,Liga F,2023/2024,933,712,221,0.2368703108252947,446,360,86,0.1928251121076233
3911639,training,900d575e9fcdc251175124e24ad8f2c8c221e9621688ecef364c9669b5e6e396,female|T7,female,7,2024,2024-06-09,Liga F,2023/2024,823,610,213,0.2588092345078979,468,376,92,0.1965811965811965
3911640,training,897e77fe3368eeec6c6d383d0ca45ed6870ba7372a5516d7a5590045a5a196e6,female|T7,female,7,2024,2024-06-09,Liga F,2023/2024,741,522,219,0.2955465587044534,348,259,89,0.2557471264367816
3911642,training,5212d3cd2c02e19ceecacae76aec85b6466ad5c75959e867cc5d3eb8cfbc239c,female|T7,female,7,2024,2024-06-15,Liga F,2023/2024,809,640,169,0.2088998763906057,387,321,66,0.1705426356589147
3911647,training,23443148368685ea22e2e34f80478943baf0bc787a709b83ea5fd1ee9fefef8a,female|T7,female,7,2024,2024-06-15,Liga F,2023/2024,694,516,178,0.2564841498559078,368,282,86,0.233695652173913
3930159,training,0e1e4d87bf80716fd30d52bf1ccf9778cb9c3e6a5cd8ca87c72fdb0043b89148,male|T7,male,7,2024,2024-06-15,UEFA Euro,2024,883,719,164,0.1857304643261608,437,372,65,0.148741418764302
3930161,training,80a1220ec77572cc882a80fb3d2bf72d5a1304b5f3a0deb2928f42cc3bb106a4,male|T7,male,7,2024,2024-06-15,UEFA Euro,2024,1189,1064,125,0.105130361648444,617,552,65,0.1053484602917342
3911643,training,4806bb204b647addf7798525b203b873d9de5a80f9f376ce9777b958f3df0eb0,female|T7,female,7,2024,2024-06-16,Liga F,2023/2024,946,797,149,0.1575052854122621,554,481,73,0.131768953068592
3911648,training,5f4a9552169ceb8ed20b496caf7bf7cfc7dc6f4f848c4038ef72f8e16c7f0e5a,female|T7,female,7,2024,2024-06-16,Liga F,2023/2024,903,743,160,0.17718715393134,572,481,91,0.1590909090909091
3930162,training,a1a58721e64b064388b8afe803cbf5df52516351b85075ca162a2cb339057e26,male|T7,male,7,2024,2024-06-16,UEFA Euro,2024,952,796,156,0.1638655462184874,331,290,41,0.1238670694864048
3930163,training,a064fc3bc0dda4a9a738bf209d1af4fba4211f53ed6cfc4a4932ef10402f595f,male|T7,male,7,2024,2024-06-16,UEFA Euro,2024,1097,952,145,0.1321786690975387,514,452,62,0.1206225680933852
3938637,training,137ce0ab7adc6a9fe2f5209501f2687978b68f4fc12be47b98b67db19a9b6cfb,male|T7,male,7,2024,2024-06-16,UEFA Euro,2024,862,728,134,0.1554524361948956,338,289,49,0.1449704142011834
3930165,training,576e7a40150c9595176cf858e9ea2733c48a229ecb4e7179d47726f05f7260e0,male|T7,male,7,2024,2024-06-17,UEFA Euro,2024,935,778,157,0.1679144385026738,518,430,88,0.1698841698841698
3938638,training,4806d2604dbcadb8ad860a32a3abb21df890c5236c4c15dbfd8d3111ddaea363,male|T7,male,7,2024,2024-06-17,UEFA Euro,2024,831,677,154,0.1853188929001203,469,405,64,0.1364605543710021
3930166,training,32b538503c8f27205c7a77f8b197cc4829d7e651914004e5501996a03316737c,male|T7,male,7,2024,2024-06-18,UEFA Euro,2024,941,758,183,0.1944739638682253,426,357,69,0.1619718309859155
3930167,training,1b92985ea520990a9ffe84dedef7e1f5eefe669122d7e3a5b4ce91ac5a66e935,male|T7,male,7,2024,2024-06-19,UEFA Euro,2024,947,807,140,0.1478352692713833,527,456,71,0.1347248576850095
3930169,training,769e54a8fa69c89c4dd776990b7e58dfde926dabc1f77774942bf4b4c45bee6f,male|T7,male,7,2024,2024-06-19,UEFA Euro,2024,771,614,157,0.2036316472114137,430,362,68,0.1581395348837209
3930170,training,551b14c9ce4313f2446c9f17d51a3a07cec89c7b7f0ed45f038bd8a62c411de8,male|T7,male,7,2024,2024-06-20,UEFA Euro,2024,897,740,157,0.1750278706800446,409,348,61,0.1491442542787286
3930171,training,017bbb281712a6222164c166cc92f5d16c724e8cc7c754757ce695217fc7030c,male|T7,male,7,2024,2024-06-20,UEFA Euro,2024,1088,923,165,0.1516544117647058,650,567,83,0.1276923076923077
3930172,training,54e90cbe86683f267679ce0db376a2934ca0f652d12a3962221f01ab4f593c54,male|T7,male,7,2024,2024-06-20,UEFA Euro,2024,1027,890,137,0.1333982473222979,538,464,74,0.137546468401487
3930173,training,3a5d38e51e88f580df919251876c09f4410b87d995064fbfdacefd0982bfece4,male|T7,male,7,2024,2024-06-21,UEFA Euro,2024,1042,931,111,0.1065259117082533,360,326,34,0.0944444444444444
3938640,training,85dd6e068e027aa630babe8a73281c230ce627e7f728e131b25d455e730e0c43,male|T7,male,7,2024,2024-06-21,UEFA Euro,2024,966,836,130,0.134575569358178,440,389,51,0.1159090909090909
3938641,training,47e6dee1f4580bb2d8525fdcca70eab34ff3e963ce09b49ab2108eb1e708a3d6,male|T7,male,7,2024,2024-06-21,UEFA Euro,2024,813,669,144,0.1771217712177121,371,308,63,0.1698113207547169
3939969,training,45944202aadb697e27f78f2513fbad2ad03076474c1b880a93a12a355c03da63,male|T7,male,7,2024,2024-06-21,Copa America,2024,919,800,119,0.1294885745375408,444,388,56,0.1261261261261261
3939970,training,46d51cc95d0b660d58db40eab2721a84ab6d055852f4b3da595c5927e6ba9a68,male|T7,male,7,2024,2024-06-22,Copa America,2024,773,592,181,0.2341526520051746,377,312,65,0.1724137931034483
3939972,training,5ff3deb8d797b4afdb3efa49fd66c05e10faf2ca9e80989fbef48435387c75aa,male|T7,male,7,2024,2024-06-22,Copa America,2024,741,579,162,0.2186234817813765,288,243,45,0.15625
3930176,training,380e86534d99c1daa3a0670f2d1dfed21447bef32c4cceff4a496f1695d828ea,male|T7,male,7,2024,2024-06-23,UEFA Euro,2024,966,818,148,0.1532091097308488,485,420,65,0.134020618556701
3939971,training,157bec601317f3a0abddf6a5760bf49f3c075d6ac72d4ca662472a20a4dfd025,male|T7,male,7,2024,2024-06-23,Copa America,2024,849,654,195,0.2296819787985865,451,357,94,0.2084257206208425
3930178,training,22224f7e5434d09c67611a279a82976d8b7d9bb5d18d461e78683b64a83eb9e4,male|T7,male,7,2024,2024-06-24,UEFA Euro,2024,1071,923,148,0.138188608776844,423,377,46,0.1087470449172576
3930179,training,6049153198e1808f532967df7985c57eb1e5ca93ac2d9fd6443e26229777cf03,male|T7,male,7,2024,2024-06-24,UEFA Euro,2024,980,835,145,0.1479591836734693,496,429,67,0.1350806451612903
3939975,training,766473273b454a1061f6aa1a7814c3b6e1ed6a1168ac87f90e681592fcaf11ef,male|T7,male,7,2024,2024-06-24,Copa America,2024,756,581,175,0.2314814814814814,404,315,89,0.2202970297029703
3930182,training,5ff2cf1bdd7c44327bb3ee8374843be7d74a3fb0b4a2471ca34be86179afa88b,male|T7,male,7,2024,2024-06-25,UEFA Euro,2024,1058,877,181,0.1710775047258979,608,515,93,0.1529605263157894
3939976,training,1794d86dddf95dea21a11d131d9a74f8aed5fd0e4cb52a82a7066535dbef67d1,male|T7,male,7,2024,2024-06-25,Copa America,2024,931,803,128,0.1374865735767991,524,469,55,0.1049618320610687
3930183,training,1ab29b80c5b88e7cc64d053d6bf8b343d62f6b7041a6a400cd14eb45f8af4a47,male|T7,male,7,2024,2024-06-26,UEFA Euro,2024,762,569,193,0.2532808398950131,294,235,59,0.2006802721088435
3930184,training,2d9927b0a4c6aa506e381cee4fc47bc56082705627bd39e7baa7ce25e6b2ff3b,male|T7,male,7,2024,2024-06-26,UEFA Euro,2024,718,588,130,0.181058495821727,295,247,48,0.1627118644067796
3938644,training,a646705da00b36d2b8650072401ddb83f1d351b5752913466d778f4d1707c794,male|T7,male,7,2024,2024-06-26,UEFA Euro,2024,963,836,127,0.1318795430944963,585,514,71,0.1213675213675213
3938645,training,7266ffe975861f0639529ca225fd835d99744f1a8503f726d108acc542323dc1,male|T7,male,7,2024,2024-06-26,UEFA Euro,2024,919,788,131,0.1425462459194777,470,406,64,0.1361702127659574
3939977,training,69bbc15c5b1cd03797d09fa88d25dd10b84ee3bc1fb9dee55a33e59ed59dac2b,male|T7,male,7,2024,2024-06-26,Copa America,2024,902,759,143,0.1585365853658536,447,385,62,0.1387024608501118
3939980,training,3c5c00a609339ae2b1c22a0058abcb5a89130734f58ff6dee9de68e0fb7c7ba7,male|T7,male,7,2024,2024-06-26,Copa America,2024,600,456,144,0.24,267,220,47,0.1760299625468165
3939979,training,0149be9d61d9625684c5e4f8dc6436e2e3415aedd2af95fab47b002c332a1200,male|T7,male,7,2024,2024-06-27,Copa America,2024,796,617,179,0.2248743718592964,420,341,79,0.1880952380952381
3939981,training,60b0919128f5f3f8de215407a7a39c9eafa90c8ab63e8d492e0a6849e2f9c324,male|T7,male,7,2024,2024-06-27,Copa America,2024,726,571,155,0.2134986225895316,291,232,59,0.2027491408934708
3939982,training,6a60b8910f6b026fd3b777a7982babfb6eb66327b5bb5c748e3457b7626bbf97,male|T7,male,7,2024,2024-06-28,Copa America,2024,789,656,133,0.1685678073510773,275,236,39,0.1418181818181818
3939984,training,6e117f51e1a8f390f66acb37d96b8734d8b58a19f7cdf08aff9de03ae1918546,male|T7,male,7,2024,2024-06-28,Copa America,2024,799,674,125,0.1564455569461827,367,319,48,0.1307901907356948
3940878,training,797456859163cb4f99c2ee3daf280c7299deee505c7fec239c72c1054d5c1a5d,male|T7,male,7,2024,2024-06-29,UEFA Euro,2024,1039,909,130,0.1251203079884504,386,344,42,0.1088082901554404
3939985,training,136ca65875632721b91787367304a285201aa2fa639914a748370be01cddc2dc,male|T7,male,7,2024,2024-06-30,Copa America,2024,737,567,170,0.2306648575305291,269,218,51,0.1895910780669145
3939986,training,0ee26932932f2a88fb36290f7e0161a4c499910c23b367dd237737bbb4b62312,male|T7,male,7,2024,2024-06-30,Copa America,2024,820,699,121,0.1475609756097561,308,269,39,0.1266233766233766
3941017,training,92ad341398b178207b842802dab0c91b0119f5515145e4d7c8ecf2f580250c5a,male|T7,male,7,2024,2024-06-30,UEFA Euro,2024,1279,1066,213,0.1665363565285379,564,476,88,0.1560283687943262
3941018,training,255498eeaa998e85bd175cbaba06c187783e3792548f1c462c1c07752ab936f8,male|T7,male,7,2024,2024-06-30,UEFA Euro,2024,1053,944,109,0.1035137701804368,583,534,49,0.0840480274442538
3939987,training,378444c9846dfe3eae88f4f9621c0de2587ef8471990e889b837fbd91c8199fb,male|T7,male,7,2024,2024-07-01,Copa America,2024,720,585,135,0.1875,265,227,38,0.1433962264150943
3939988,training,97ccc3c5544aca0ca575069a511de80cde4aceffefa492bc5b46b436bec5c096,male|T7,male,7,2024,2024-07-01,Copa America,2024,679,506,173,0.2547864506627393,292,223,69,0.2363013698630137
3941020,training,4b5ac4161a3c4afac497b33b62e006e020045b85f65158359ae1bc8ce2092364,male|T7,male,7,2024,2024-07-01,UEFA Euro,2024,1071,842,229,0.2138188608776844,430,336,94,0.2186046511627907
3941022,training,1e4f86649cfaa6d3dfc96f0a9e18bde06b4de8d7db2a71daef72caee611318be,male|T7,male,7,2024,2024-07-02,UEFA Euro,2024,963,771,192,0.1993769470404984,603,500,103,0.1708126036484245
3939991,training,2722ddcf0a9ae31a2701fccc295e33b9ab6a1dbd35b02f74404491e3b74c1728,male|T7,male,7,2024,2024-07-03,Copa America,2024,801,660,141,0.1760299625468165,326,269,57,0.1748466257668711
3939992,training,2c4b9e82ae400c1398f1b2fbbfe6853a4e97e7923d1d6276ac4f80cfe1af6988,male|T7,male,7,2024,2024-07-03,Copa America,2024,777,615,162,0.2084942084942085,355,302,53,0.1492957746478873
3942226,training,360643ece2f0dcdb0b78d2ccae63a3bc296cf3aaa9868905f223155792adbd52,male|T7,male,7,2024,2024-07-05,UEFA Euro,2024,1157,966,191,0.1650821089023336,615,543,72,0.1170731707317073
3942228,training,9c9ca09851d1cf88de13579d06e4fb4cb6c72602aba0195dea38cbf65ef0d682,male|T7,male,7,2024,2024-07-05,Copa America,2024,703,566,137,0.1948790896159317,268,221,47,0.1753731343283582
3942349,training,6bd41d7c212fcfdf26aad9743dbeddba6c13c272aff41e2fa2965224ebf9c016,male|T7,male,7,2024,2024-07-05,UEFA Euro,2024,1460,1320,140,0.0958904109589041,509,446,63,0.1237721021611002
3942227,training,263c243782044f4ea49a69925d4072d04572fd76caa2550cbf4ca3299c627dd1,male|T7,male,7,2024,2024-07-06,UEFA Euro,2024,1322,1172,150,0.113464447806354,520,473,47,0.0903846153846153
3942229,training,7c840b600d4e8bf2d1420d8d2986d5427934fe4d6c7432b6f06be0ff75904dba,male|T7,male,7,2024,2024-07-06,Copa America,2024,748,552,196,0.2620320855614973,293,231,62,0.2116040955631399
3942382,training,9c76287bc8bf11afd149d61ca1c028a3a9e938706ba3d9c07d63682ceaf2018a,male|T7,male,7,2024,2024-07-06,UEFA Euro,2024,885,759,126,0.1423728813559322,410,369,41,0.1
3942415,training,4fe58412e14fd1f3c6477e42e16a9a28140fb1f0c353ac9eabc6211945aa7316,male|T7,male,7,2024,2024-07-07,Copa America,2024,607,459,148,0.243822075782537,223,171,52,0.2331838565022421
3942752,training,a2604abc2b1251bec5cd3c3f698f6249a588e4fedc5664433a459a0936bf79fb,male|T7,male,7,2024,2024-07-09,UEFA Euro,2024,847,722,125,0.1475796930342384,372,324,48,0.1290322580645161
3942819,training,8d9de262099d617a012d5830a4cabf7e3bc7c68ab11f64465663008eb2bd9d43,male|T7,male,7,2024,2024-07-10,UEFA Euro,2024,998,900,98,0.0981963927855711,458,417,41,0.0895196506550218
3943076,training,8f6ba5b967c8010e7c85199c46afb3fe5b30e593a65badae309fd7cb78079fe3,male|T7,male,7,2024,2024-07-14,Copa America,2024,632,470,162,0.2563291139240506,246,198,48,0.1951219512195122
3943077,training,210bcef7fe549bd7bac2c443addff3b43d58de7c9bb6d19e8df860d08a0718ca,male|T7,male,7,2024,2024-07-15,Copa America,2024,1098,915,183,0.1666666666666666,639,554,85,0.1330203442879499
3998836,training,4c448f79add378d3a1a107aeae683ae808d1b68da61db8af67878be323d88147,female|T7,female,7,2025,2025-07-02,UEFA Women's Euro,2025,720,522,198,0.275,399,319,80,0.200501253132832
3998837,training,6ce4ae1a75d89533438761262c461e24cb87a760e367f981a83bf02d51f98bf5,female|T7,female,7,2025,2025-07-02,UEFA Women's Euro,2025,786,597,189,0.2404580152671755,514,410,104,0.2023346303501945
3998838,training,49032f4aa89599d73926980dd952d94231cae4bfe2a37cd6f25c748e752fe2a8,female|T7,female,7,2025,2025-07-03,UEFA Women's Euro,2025,719,564,155,0.21557719054242,384,325,59,0.1536458333333333
3998841,training,188b1e7269d1c189119cc2ca2a22442e8a39ba23797931b6e2da138b59faa383,female|T7,female,7,2025,2025-07-04,UEFA Women's Euro,2025,695,487,208,0.2992805755395683,341,259,82,0.2404692082111437
3998842,training,41e4d8e4beb74b7b774daff02c2434139e3d96365189d9f43cdeb408e982e294,female|T7,female,7,2025,2025-07-05,UEFA Women's Euro,2025,787,614,173,0.2198221092757306,352,295,57,0.1619318181818181
3998845,training,553cf50e6e2d45e69bd63a64962358cf27b4dc4586a5e8d109dc676639ba61c0,female|T7,female,7,2025,2025-07-06,UEFA Women's Euro,2025,911,712,199,0.2184412733260153,519,434,85,0.163776493256262
3998846,training,a67252c80b895b98c2275ced2757552b32f4212a12c9452826a8eea72c5af82f,female|T7,female,7,2025,2025-07-07,UEFA Women's Euro,2025,668,505,163,0.2440119760479042,333,268,65,0.1951951951951951
3998847,training,83843a99683bb2615f79d33a6016748ca95a7470059656e4755a6a253c02f494,female|T7,female,7,2025,2025-07-07,UEFA Women's Euro,2025,924,760,164,0.1774891774891775,442,389,53,0.1199095022624434
3998848,training,9bf80b6e6ca3b08ff53855326b2e8ddc991ad36dcfcf62888ab4d02b82af130a,female|T7,female,7,2025,2025-07-08,UEFA Women's Euro,2025,721,512,209,0.289875173370319,427,332,95,0.2224824355971897
3998849,training,9a1d9e3baf62c8cb16307585d60371ead5ffc73c7a4a8835f240dd53b06898bd,female|T7,female,7,2025,2025-07-08,UEFA Women's Euro,2025,783,615,168,0.21455938697318,440,358,82,0.1863636363636363
3998853,training,59dc44006842ff0d647d434d87c8246e4ce758d7f5e10ecdfbf83790e96cba35,female|T7,female,7,2025,2025-07-10,UEFA Women's Euro,2025,870,663,207,0.2379310344827586,450,370,80,0.1777777777777777
3998854,training,29b61136fbb673b0b0a23a5265aa707a81d648411df8fdbc8d50f1e7387a1881,female|T7,female,7,2025,2025-07-11,UEFA Women's Euro,2025,690,542,148,0.2144927536231884,362,291,71,0.1961325966850828
3998855,training,4914f939c5a2afb15566d45bcdea32f6ecacf271ce5738fc46324c6a64af22e2,female|T7,female,7,2025,2025-07-11,UEFA Women's Euro,2025,1067,918,149,0.1396438612933458,604,528,76,0.1258278145695364
3998857,training,090d791a873ba2c40edce56c3dc55d9d25ffce50dd22c436202c8b1b30838081,female|T7,female,7,2025,2025-07-12,UEFA Women's Euro,2025,876,681,195,0.2226027397260274,544,445,99,0.181985294117647
4018354,training,a5d6ded315f5c092bb553c129bc61f6457dff22f8142ecb8200fe069f251519f,female|T7,female,7,2025,2025-07-16,UEFA Women's Euro,2025,756,593,163,0.2156084656084656,456,388,68,0.1491228070175438
4018356,training,010d5b06a5d0d60a704e84c50129c67b18cc754f0f4bfd2865dea6209a8f9559,female|T7,female,7,2025,2025-07-18,UEFA Women's Euro,2025,910,756,154,0.1692307692307692,538,454,84,0.1561338289962825
4020005,training,1475ea49c4db91d77ce5bd198b930ed3cff1d240b44c0df21b94833cb71c0401,female|T7,female,7,2025,2025-07-22,UEFA Women's Euro,2025,1048,808,240,0.2290076335877862,480,396,84,0.175
4020077,training,43873db312528f9b92c4477c63fde3f8e040242e982fe55f8a966aa8acb814e6,female|T7,female,7,2025,2025-07-23,UEFA Women's Euro,2025,1076,854,222,0.2063197026022304,588,489,99,0.1683673469387755
4020846,training,6bc8aa07857ce1e6dc56ffbd79f159aa46423bea48000e4adac6a644fe73a40f,female|T7,female,7,2025,2025-07-27,UEFA Women's Euro,2025,1183,950,233,0.1969568892645815,597,495,102,0.1708542713567839
3749296,tuning,bcc4e5d206f4fed78754d0f228167c48f6fa30b55d24693ea984c3bee1176fa3,male|T0,male,0,2003,2003-09-13,Premier League,2003/2004,743,537,206,0.2772543741588156,365,280,85,0.2328767123287671
3749133,tuning,b2ba7c03873317d42db0bf152bd6021e02dc98e65c9f788f39f40f2185e69dab,male|T0,male,0,2004,2004-01-18,Premier League,2003/2004,833,596,237,0.2845138055222089,424,315,109,0.2570754716981132
68339,tuning,b1d6144cb528e36a4cdef6b30d52c8695a9c263dc589af638327a1b6309278cd,male|T0,male,0,2005,2005-11-06,La Liga,2005/2006,954,750,204,0.2138364779874214,502,406,96,0.1912350597609561
68322,tuning,b5dbc9d0ff4afe8d50bf0fc5ec32ae920d60f77d1a821349aa002fbfdfde96cd,male|T0,male,0,2005,2005-12-17,La Liga,2005/2006,715,462,253,0.3538461538461538,334,232,102,0.3053892215568862
68342,tuning,b0ea5e0968c29db10c1b73fede41627017afa9c00a1f6ddfb7427a2461749f26,male|T0,male,0,2006,2006-01-15,La Liga,2005/2006,729,543,186,0.2551440329218107,333,254,79,0.2372372372372372
69173,tuning,c40f004f7eceddb229463d088d5f8940413303cdb0459d2a615810edf577fb1f,male|T0,male,0,2008,2008-01-20,La Liga,2007/2008,885,685,200,0.2259887005649717,428,342,86,0.2009345794392523
69182,tuning,c6c9a90a532e86e301a7710e4f660515c80cb7f9ba14598538e80c09879dadd5,male|T0,male,0,2008,2008-02-16,La Liga,2007/2008,817,661,156,0.1909424724602203,396,328,68,0.1717171717171717
68365,tuning,bd38f1af96433e9d6f2ade3205e7cce797c9dadd764ecc6dd379f4143d2f3869,male|T0,male,0,2008,2008-03-01,La Liga,2007/2008,824,642,182,0.220873786407767,436,359,77,0.1766055045871559
3750201,tuning,b2339b1fe706c099d9d12ed216745ac3f6a2eafab03aa52bd5c25b6247e0ea60,male|T0,male,0,2009,2009-05-27,Champions League,2008/2009,894,742,152,0.1700223713646532,466,402,64,0.1373390557939914
69288,tuning,c6dde33c96d593c4b0f93e9ba4101e1329fb9d4d5b29dfec37f652792d51ed74,male|T0,male,0,2009,2009-11-21,La Liga,2009/2010,811,618,193,0.2379778051787916,375,290,85,0.2266666666666666
69233,tuning,c4cdae56f0abfee0574427d10f2fc5f45a835edecd5c42a9b733325c82131e20,male|T0,male,0,2010,2010-02-20,La Liga,2009/2010,948,797,151,0.1592827004219409,578,501,77,0.1332179930795847
69298,tuning,bf43ca6850b830dd253205bc146638572b23cd620112998b91395d37263286fa,male|T0,male,0,2010,2010-03-27,La Liga,2009/2010,858,696,162,0.1888111888111888,351,292,59,0.168091168091168
69275,tuning,bf3a00dca5fca175fa392197580ca606380f2af8ce299057dd1a58e0e673509f,male|T0,male,0,2010,2010-12-18,La Liga,2010/2011,871,698,173,0.1986222732491389,407,342,65,0.1597051597051597
69295,tuning,bfb690820f8114bbc66666cd4c0b488b6fb60bd836b9da11ee451eb7b7310aeb,male|T0,male,0,2011,2011-01-22,La Liga,2010/2011,1185,1024,161,0.1358649789029536,648,571,77,0.1188271604938271
70223,tuning,c6d8abf1c078ca2ab1afa975159c6eaeb4a4b78fb6f31e5b1501acdbaf3a5734,male|T0,male,0,2011,2011-09-21,La Liga,2011/2012,965,778,187,0.1937823834196891,495,411,84,0.1696969696969697
69297,tuning,c2518e013abfcc92ce49593b8f525ee7f62cb77f787a8fa8e41c0e216d9e7990,male|T0,male,0,2011,2011-09-24,La Liga,2011/2012,1179,1044,135,0.1145038167938931,651,586,65,0.0998463901689708
69316,tuning,b4d6ce6d0066a5dce1a79ef8d8f14eb726f5da0bb4b680c5878a246e0f68190d,male|T0,male,0,2012,2012-02-04,La Liga,2011/2012,1074,877,197,0.1834264432029795,703,593,110,0.1564722617354196
69343,tuning,bda2837d5f8fcb3689f4db4e3ffe936ee1adde657adf0bf14270f958ad04f115,male|T0,male,0,2012,2012-04-10,La Liga,2011/2012,1002,835,167,0.1666666666666666,470,410,60,0.1276595744680851
69319,tuning,bcb79056faa0d51a464a50a1a919c2d778e765d95f0ae8351c39a12b8710affd,male|T0,male,0,2012,2012-05-12,La Liga,2011/2012,1033,897,136,0.1316553727008712,660,589,71,0.1075757575757575
18237,tuning,b22491ff8458256d9a0eb15c71d9d17a4f68d24707462577e0d9350320b2b679,male|T0,male,0,2012,2012-05-19,Champions League,2011/2012,1129,926,203,0.1798051372896368,504,427,77,0.1527777777777778
70275,tuning,af3828ee2a4e5f7e86bf62f45186326ecabf4a4618a5abbde9506bd7ac829ccb,male|T0,male,0,2012,2012-09-29,La Liga,2012/2013,940,764,176,0.1872340425531914,384,317,67,0.1744791666666666
70300,tuning,c50d52b4d25fedabf1aeac5efc1e57440031643f1e43c09895cdded89edd5c66,male|T0,male,0,2012,2012-10-07,La Liga,2012/2013,962,802,160,0.1663201663201663,406,333,73,0.1798029556650246
70296,tuning,bda6c84e3e6b34577fe7d24f93544952dcd51949a61db51da4776ec9c2107eaa,male|T0,male,0,2012,2012-12-16,La Liga,2012/2013,1103,965,138,0.1251133272892112,411,371,40,0.097323600973236
266433,tuning,b467f6534ae9f34272554d1dd30b9ae1049ab4a469c54350511792167edde88a,male|T0,male,0,2013,2013-01-06,La Liga,2012/2013,1178,1013,165,0.1400679117147708,670,585,85,0.126865671641791
70287,tuning,c32857da2d5a464a9f5834bb8e7c9fb25234ff5762e0999e63adbef08136292b,male|T0,male,0,2013,2013-01-19,La Liga,2012/2013,1005,842,163,0.1621890547263681,568,495,73,0.1285211267605633
70297,tuning,b540453bab5d1b363f97557616903fb8c5785a89d1a352b2a04d579fe2be6b86,male|T0,male,0,2013,2013-02-10,La Liga,2012/2013,1145,985,160,0.1397379912663755,572,498,74,0.1293706293706293
70281,tuning,bfefbc5eec87d55d4f2dfa760cf1205670b43f4e9ada1884cbb48fc9d59a6976,male|T0,male,0,2013,2013-05-05,La Liga,2012/2013,1060,872,188,0.1773584905660377,593,504,89,0.1500843170320404
70277,tuning,c22f42b131f7b5cf11d123b8bad208d35461f7bc3198b59082e1d37be7a0a2e4,male|T0,male,0,2013,2013-08-18,La Liga,2013/2014,909,773,136,0.1496149614961496,387,336,51,0.1317829457364341
267192,tuning,bb5ff3e0592436f9476fdc787f6f44c1e1437086a03f424f92e09d41e56cc5e8,male|T0,male,0,2013,2013-10-29,La Liga,2013/2014,993,820,173,0.1742195367573011,458,392,66,0.1441048034934497
266770,tuning,c2111b9f5059d4ca56c258c7c0d08e1e816ef715ab6cb676ee868fa851a474c1,male|T0,male,0,2014,2014-09-21,La Liga,2014/2015,1067,910,157,0.1471415182755389,634,565,69,0.1088328075709779
266117,tuning,bf6452ced739cefcc7919ec1413bfa1c2cf46e0ac0b13ede82b157832dcf2288,male|T0,male,0,2014,2014-09-27,La Liga,2014/2015,960,813,147,0.153125,407,348,59,0.1449631449631449
3754097,tuning,b5d5f71d1b791dc85eaaecbf374253dfe06bd60ea773544b670873c160681810,male|T0,male,0,2015,2015-08-08,Premier League,2015/2016,992,789,203,0.2046370967741935,493,414,79,0.1602434077079107
3829418,tuning,c6dfd10e98a2875a536fddb636a7c250dee7511610b0e7b426b8f60b27a52904,male|T0,male,0,2015,2015-08-08,Ligue 1,2015/2016,838,658,180,0.2147971360381861,461,379,82,0.1778741865509761
3829421,tuning,b7c1477114973ef8c6b099e6ba6901fa4dfbe804a455b36bded615ccd46021bb,male|T0,male,0,2015,2015-08-09,Ligue 1,2015/2016,882,709,173,0.1961451247165533,557,461,96,0.1723518850987432
3754107,tuning,c4934d1aa450932425e90c05480d71c015c991f9a86eb2a416907724c9bb848c,male|T0,male,0,2015,2015-08-14,Premier League,2015/2016,981,803,178,0.18144750254842,564,482,82,0.1453900709219858
3754254,tuning,b79a7bab6bb962c403832215cd7853ac8e75921af776d97f3fbc12bd53b6f1ae,male|T0,male,0,2015,2015-08-22,Premier League,2015/2016,939,772,167,0.1778487752928647,493,422,71,0.1440162271805274
3878541,tuning,c0f035b3e85353203547ca9698831f5e2f32c74b13b4f87b8ee159c1f349f4bf,male|T0,male,0,2015,2015-08-22,Serie A,2015/2016,801,635,166,0.2072409488139825,412,342,70,0.1699029126213592
3754189,tuning,c1467dc93e5d4436e8578058311f0e1936d8e0a9e9a5183377d61d24be16ecaa,male|T0,male,0,2015,2015-08-23,Premier League,2015/2016,852,607,245,0.2875586854460094,475,361,114,0.24
3878543,tuning,bcc8b62a25cf17d5af9702ccea5847f7aaa990dd7caa868ffd6b6adb3285a6ed,male|T0,male,0,2015,2015-08-23,Serie A,2015/2016,865,704,161,0.1861271676300578,460,391,69,0.15
3878544,tuning,b18502348b024cee7c2a373aa1834b5a578cc4e7d4f1aa07e72fd74a60fcf557,male|T0,male,0,2015,2015-08-23,Serie A,2015/2016,854,670,184,0.2154566744730679,450,362,88,0.1955555555555555
3878546,tuning,b21a11a1eede34b4e061fd72d4b957e341e1212e8da67c1a23bf43267d8ba3ed,male|T0,male,0,2015,2015-08-23,Serie A,2015/2016,853,642,211,0.2473622508792497,373,302,71,0.1903485254691689
3825571,tuning,c1d96ed20b4039caacb33b17b5f65897fe40c307827ddf816c861ff5ee432a2b,male|T0,male,0,2015,2015-08-28,La Liga,2015/2016,835,622,213,0.2550898203592814,482,389,93,0.1929460580912863
3754023,tuning,c3d58285adac6c287e55b898fb1ab4ba217717a55377542814114c530196005b,male|T0,male,0,2015,2015-08-29,Premier League,2015/2016,791,546,245,0.3097345132743362,328,230,98,0.298780487804878
3754204,tuning,c4b97b2979a9fcaa6202c3b6aba290b6cf7b86357a8ea160e4e56ee6b5849bdc,male|T0,male,0,2015,2015-08-29,Premier League,2015/2016,861,670,191,0.2218350754936121,439,354,85,0.1936218678815489
3825572,tuning,aed7a60c7b5deb6b54c2a5cffc12039fea61617e10473b11998eb151f40f710a,male|T0,male,0,2015,2015-08-29,La Liga,2015/2016,922,761,161,0.1746203904555314,421,354,67,0.1591448931116389
3825574,tuning,b5d161089c410ea0d92093c49ca833e15910736a0b4f4406d1643c18e6c3be9a,male|T0,male,0,2015,2015-08-29,La Liga,2015/2016,1036,819,217,0.2094594594594594,541,441,100,0.1848428835489833
3829447,tuning,bba84735a5bfbde62ada45371270085b83f2f1f258ee4ee9343b0436fc971a06,male|T0,male,0,2015,2015-08-29,Ligue 1,2015/2016,737,575,162,0.2198100407055631,357,305,52,0.1456582633053221
3825575,tuning,af9d0636bca2db97ab8efc21c2e28e464fe294efcffc8982a43061f7233cbf41,male|T0,male,0,2015,2015-08-30,La Liga,2015/2016,798,585,213,0.2669172932330827,370,287,83,0.2243243243243243
3825580,tuning,b0b147cc3fed7457918731d3bd155ebf33db3b176c32e7c46cdefd37ea9e330c,male|T0,male,0,2015,2015-09-11,La Liga,2015/2016,771,576,195,0.2529182879377432,415,327,88,0.2120481927710843
3754003,tuning,b4103117c28abb4f5e7b9a9816285f08a434e97bb51a00ee1a506f2f4d11c012,male|T1,male,1,2015,2015-09-12,Premier League,2015/2016,985,796,189,0.1918781725888325,495,404,91,0.1838383838383838
3754315,tuning,c28c4f1b7a1af97019aa764c51d6974b68b44165138d3ba42c6ffabd27ee1ec8,male|T1,male,1,2015,2015-09-12,Premier League,2015/2016,898,694,204,0.2271714922048997,506,418,88,0.1739130434782608
3829457,tuning,c02f867916fffc777e2f4ac20ba12f164db6f4809c58ce4189661f1bb07445a6,male|T1,male,1,2015,2015-09-12,Ligue 1,2015/2016,813,621,192,0.2361623616236162,461,370,91,0.1973969631236442
3754106,tuning,b5f77b451b8ead79986333043404c151b93dc16d993343ccd0b8532e5f35ba6f,male|T1,male,1,2015,2015-09-13,Premier League,2015/2016,812,593,219,0.2697044334975369,421,331,90,0.2137767220902612
3878595,tuning,b2d18844c434064630bd4d217b490d31844a1914b03779b2e872b30b15c2e7bf,male|T1,male,1,2015,2015-09-13,Serie A,2015/2016,840,636,204,0.2428571428571428,449,366,83,0.1848552338530066
3878598,tuning,c0a024045f6e3811527fb96159912e9d78efd27b02cfeef77009bcc5efb54ec2,male|T1,male,1,2015,2015-09-13,Serie A,2015/2016,740,544,196,0.2648648648648649,311,252,59,0.1897106109324758
3754068,tuning,c186ead6135a7b5bf6a5ad3afa5ac214a6fd9441df3a4a0826d48c847a26ea15,male|T1,male,1,2015,2015-09-19,Premier League,2015/2016,733,555,178,0.242837653478854,336,272,64,0.1904761904761904
3878602,tuning,b4615cdf2c9007dd5f508879bc404ad6648f793bcc3558c2cd73808b22627bf8,male|T1,male,1,2015,2015-09-19,Serie A,2015/2016,842,641,201,0.2387173396674584,436,360,76,0.1743119266055046
3878603,tuning,c2d25327ab187f76110218c2c78f90df44aa861c7639c1a4f23723c39e7dccd4,male|T1,male,1,2015,2015-09-19,Serie A,2015/2016,827,628,199,0.2406287787182587,380,300,80,0.2105263157894736
3825596,tuning,b8aeee33501f6821e486bf52224b29de331b2e97fea0b32e383ca9758ec1d7f2,male|T1,male,1,2015,2015-09-20,La Liga,2015/2016,824,608,216,0.2621359223300971,403,310,93,0.2307692307692307
3829472,tuning,ba1d83b5536344f77251ba186bec8cc33dd8e759c65cad6a8c7d4b5e30f80801,male|T1,male,1,2015,2015-09-20,Ligue 1,2015/2016,896,739,157,0.1752232142857142,369,317,52,0.1409214092140921
3878606,tuning,b613800b5923b8478b774c4ba997e1b305045db93409d0cc958548cee58799e4,male|T1,male,1,2015,2015-09-20,Serie A,2015/2016,925,777,148,0.16,562,489,73,0.1298932384341637
3825600,tuning,c1dab65ed0f0e3b4e5a4876f16a9af7a1774f74ee33da3fdef57442a7b92670b,male|T1,male,1,2015,2015-09-23,La Liga,2015/2016,822,588,234,0.2846715328467153,423,330,93,0.2198581560283688
3879538,tuning,c32669abb663259505429ca0e533230b8050c5bc3df7b8f6947a3e7809cd9bec,male|T1,male,1,2015,2015-09-23,Serie A,2015/2016,789,627,162,0.2053231939163498,367,304,63,0.1716621253405994
3879541,tuning,bd17843ae580cca4f01c0e32d90fa7a4e2591a995ca980af4d61038089ea68e9,male|T1,male,1,2015,2015-09-23,Serie A,2015/2016,967,776,191,0.1975180972078593,453,385,68,0.1501103752759381
3825608,tuning,b3a6bd9da0c2b941ad0a137460ec45e83030315a545e0ee9625ece721f200b34,male|T1,male,1,2015,2015-09-26,La Liga,2015/2016,879,634,245,0.2787258248009101,404,304,100,0.2475247524752475
3829486,tuning,b69bbb3d4a202c328f2fe2a2b8d6517b3a853cbbe66e0958d1cb5ebfb54816ac,male|T1,male,1,2015,2015-09-26,Ligue 1,2015/2016,830,630,200,0.2409638554216867,430,342,88,0.2046511627906976
3754266,tuning,b561fd29c5232ce68cecfd45f634e7bec4bdc6fc7e2886bef526ad6a13d17b3b,male|T1,male,1,2015,2015-09-27,Premier League,2015/2016,704,500,204,0.2897727272727273,337,271,66,0.1958456973293768
3829488,tuning,b7ea13af0cc0ecc3dbfad5a78133498f79e12f75dee9936edd4fd6b868e1f947,male|T1,male,1,2015,2015-09-27,Ligue 1,2015/2016,661,467,194,0.2934947049924357,331,256,75,0.2265861027190332
3879555,tuning,b59fc7f878b9437a896237b97d754cee3114847d133938aa6a5fa8dd77d774b7,male|T1,male,1,2015,2015-09-28,Serie A,2015/2016,733,553,180,0.2455661664392905,372,288,84,0.2258064516129032
3829497,tuning,b701014d0fe1b512497b1937ccb2ab02bb6b32355cd2d6869c5df47087edc5e1,male|T1,male,1,2015,2015-10-03,Ligue 1,2015/2016,707,510,197,0.2786421499292786,396,308,88,0.2222222222222222
3879566,tuning,b54255280ac8c96a0e5c4d4fab01cac5a221754eb3beb6c07e7899c5ccfcd9e7,male|T1,male,1,2015,2015-10-04,Serie A,2015/2016,838,638,200,0.2386634844868735,366,293,73,0.1994535519125683
3825624,tuning,bb6130bde905758f9d99820c1d77e18f772c7fcd7fbc0e6150ad00d29b58cef7,male|T1,male,1,2015,2015-10-17,La Liga,2015/2016,734,516,218,0.2970027247956403,428,335,93,0.2172897196261682
3825626,tuning,c06df69d60ced38124149b804ddbe1c283769fd6470e7ca92cb9993a18a97854,male|T1,male,1,2015,2015-10-17,La Liga,2015/2016,766,574,192,0.2506527415143603,399,310,89,0.2230576441102756
3829507,tuning,bee5fbcf4c7bad3c0eff8e3c4cd3561c1ab31788bd5837b84e13bdec637af1da,male|T1,male,1,2015,2015-10-17,Ligue 1,2015/2016,1020,824,196,0.192156862745098,493,415,78,0.1582150101419878
3879569,tuning,c3a1557d53b751096a8550582ad4b30f063ef7c572acc23def7ffc1c24fafb47,male|T1,male,1,2015,2015-10-18,Serie A,2015/2016,916,730,186,0.2030567685589519,587,499,88,0.1499148211243611
3754091,tuning,bf41fecdf0ed4d1029a040c5de3cfd6f7d3dbcda3c9a68a2eb4f056f33c58849,male|T1,male,1,2015,2015-10-24,Premier League,2015/2016,756,590,166,0.2195767195767195,286,226,60,0.2097902097902098
3825634,tuning,b64fef74186f6bf7b1f59034ba80a62550b67c2299ff3a7cc19fd88b610ec080,male|T1,male,1,2015,2015-10-24,La Liga,2015/2016,778,528,250,0.3213367609254499,389,279,110,0.2827763496143959
3890346,tuning,b49083c7eca875f1917d74b0b6d3089c915e498008fd27175dab44a102897214,male|T1,male,1,2015,2015-10-24,1. Bundesliga,2015/2016,746,480,266,0.35656836461126,389,270,119,0.3059125964010283
3825637,tuning,c3a51a73ddc336a23d87b139ef404314957e86f557ae82076e86f90335c5809e,male|T1,male,1,2015,2015-10-25,La Liga,2015/2016,827,636,191,0.2309552599758162,365,284,81,0.2219178082191781
3829521,tuning,b475ee44a16540263ac04e9c8fc383cb6ff3c69eaa7bf6a8763da2b54bd2b69c,male|T1,male,1,2015,2015-10-25,Ligue 1,2015/2016,869,635,234,0.2692750287686996,376,294,82,0.2180851063829787
3825649,tuning,b1fe0527e3b43532f9e3a5c0210ae7200a9724ff6de4af51c788dd45b121b6ac,male|T1,male,1,2015,2015-11-01,La Liga,2015/2016,841,617,224,0.2663495838287752,454,354,100,0.2202643171806167
3879600,tuning,bc3c3ba55b32457013e78f18ae1fd7a03a6de23caa8961fcc403f4bf6856cd44,male|T1,male,1,2015,2015-11-01,Serie A,2015/2016,738,527,211,0.2859078590785908,324,252,72,0.2222222222222222
3900499,tuning,b3f62b816f554461c3cc16724990e293e2742fd386fca5274a0af3c7019268af,male|T1,male,1,2015,2015-11-01,Ligue 1,2015/2016,848,656,192,0.2264150943396226,424,335,89,0.2099056603773585
3879606,tuning,c0675d14c8370ea86d8bef055445e8e810e2d7d392c7ae668162762169229ee5,male|T1,male,1,2015,2015-11-02,Serie A,2015/2016,915,694,221,0.2415300546448087,449,360,89,0.198218262806236
3754238,tuning,bbcbaaa8a6b1eb792b89b57ac5d37ac9b9110786f0103c1b843c6b1b90899be1,male|T1,male,1,2015,2015-11-07,Premier League,2015/2016,881,692,189,0.2145289443813847,426,353,73,0.1713615023474178
3825660,tuning,bc857ff69de4f0b3661f863868c07c504144cb0d86d147334a28033f36290ded,male|T1,male,1,2015,2015-11-08,La Liga,2015/2016,987,791,196,0.1985815602836879,448,365,83,0.1852678571428571
3753972,tuning,b7d9eedf28a806c5b1330bd97969df7d4cf93cd0fe02242c2f4c20eded062143,male|T1,male,1,2015,2015-11-21,Premier League,2015/2016,932,723,209,0.2242489270386266,538,434,104,0.1933085501858736
3825888,tuning,c3c3dd87ebf6bb592604307858b7a07b15346ad3820d2fc0762e08c63e464ade,male|T1,male,1,2015,2015-11-21,La Liga,2015/2016,925,747,178,0.1924324324324324,484,402,82,0.1694214876033057
3825665,tuning,ba01bdf9e4712e7abc181ff33cfd049b1fef2f788cf20297426b1eace2c98b37,male|T1,male,1,2015,2015-11-22,La Liga,2015/2016,737,504,233,0.316146540027137,324,237,87,0.2685185185185185
3900523,tuning,b45c613d48e1c3791ce747597fb04f29845fceb3ce1ae7b7d77476b7efbf5ad2,male|T1,male,1,2015,2015-11-28,Ligue 1,2015/2016,862,671,191,0.2215777262180974,539,438,101,0.1873840445269016
3825677,tuning,bb0499834e0383df8ee805339349712bb9df016df1c8067135e95d29e22ae0ed,male|T1,male,1,2015,2015-11-29,La Liga,2015/2016,792,622,170,0.2146464646464646,369,301,68,0.1842818428184282
3879636,tuning,b74d7aee24ab92a3da5a809e2b51d159261b43c6405a3cd34da1a5a10ffa152f,male|T1,male,1,2015,2015-11-30,Serie A,2015/2016,972,713,259,0.2664609053497942,487,385,102,0.2094455852156057
3900539,tuning,c12632c65b8a4f145f9dbe2cc1370ab5dcf115c5e1b8cc17ece61c6daba8cf5c,male|T1,male,1,2015,2015-12-03,Ligue 1,2015/2016,880,698,182,0.2068181818181818,450,379,71,0.1577777777777777
3879637,tuning,c34fd8ecc4028cc70c170066c9e83b4a895629204193276443e51003357cd342,male|T1,male,1,2015,2015-12-04,Serie A,2015/2016,941,737,204,0.2167906482465462,442,368,74,0.167420814479638
3754347,tuning,c27f19a23ac9bd4b2fbcd8741bf14115d398eadaa4fe06ff672af0acc7e30b2f,male|T1,male,1,2015,2015-12-05,Premier League,2015/2016,801,630,171,0.2134831460674157,443,363,80,0.1805869074492099
3825679,tuning,b385d8d6b6d5c0f7febeb95d92f280f94e8e1b62d4e7ab66600d1f816a10eeb2,male|T1,male,1,2015,2015-12-05,La Liga,2015/2016,727,530,197,0.2709766162310866,294,219,75,0.2551020408163265
3900546,tuning,bfc0228720903831e21be3e495ac9a210cf3a9b378ed2c08a8226d6d6455023f,male|T1,male,1,2015,2015-12-05,Ligue 1,2015/2016,755,521,234,0.309933774834437,383,273,110,0.2872062663185378
3879641,tuning,c2e645506ee3197fe4ff7b48e56129b203a321565161d583968d6e9e52805247,male|T1,male,1,2015,2015-12-06,Serie A,2015/2016,906,682,224,0.2472406181015452,480,369,111,0.23125
3825688,tuning,b7494330221b4809fa1e60157bea8aab6b57a0f6ea58f17b94c9229f36bd1740,male|T2,male,2,2015,2015-12-11,La Liga,2015/2016,858,666,192,0.2237762237762237,420,358,62,0.1476190476190476
3900550,tuning,b490df7cdc91ce4555c799303e9973435efc5fac2ddd983342d1a33a7d444fab,male|T2,male,2,2015,2015-12-11,Ligue 1,2015/2016,863,686,177,0.2050984936268829,451,383,68,0.1507760532150776
3754096,tuning,b6b368fcbc8f0cd1d79a66b00bc00ce93f36c46c059b2242b191c5bf31444de0,male|T2,male,2,2015,2015-12-12,Premier League,2015/2016,755,559,196,0.2596026490066225,476,381,95,0.1995798319327731
3879649,tuning,a9ef5cec8cdfaad93ee6aa3360ab4d185e52b69a1f41ad4b76fa3c22abb630fa,male|T2,male,2,2015,2015-12-12,Serie A,2015/2016,654,458,196,0.2996941896024465,375,286,89,0.2373333333333333
3825703,tuning,b7572c288b7f8a3ce00b5fc7a5402460681c764ce8041845ef9acd23f5b180d4,male|T2,male,2,2015,2015-12-20,La Liga,2015/2016,801,581,220,0.2746566791510612,419,338,81,0.1933174224343675
3879664,tuning,ae3a477267f7a925c9b642f8fd43f1a6f175a14e8cdbfdb3abd8c96ab788634a,male|T2,male,2,2015,2015-12-20,Serie A,2015/2016,803,619,184,0.2291407222914072,336,281,55,0.1636904761904762
3754343,tuning,af1e7fa3e956e142e6bd17ee586a6f8057d4bd99059fb8e9a001034d3dcfdfe9,male|T2,male,2,2015,2015-12-26,Premier League,2015/2016,814,551,263,0.3230958230958231,423,303,120,0.2836879432624113
3754319,tuning,bf95b5236350338604aa20314d4abf8b3cc88cc5d7bf850430878de74e1d8d87,male|T2,male,2,2016,2016-01-02,Premier League,2015/2016,910,742,168,0.1846153846153846,474,387,87,0.1835443037974683
3825716,tuning,b2fb47b4dec03a6409644a36a65995b941cd0983e9e6d46492468fb32e487afe,male|T2,male,2,2016,2016-01-03,La Liga,2015/2016,647,408,239,0.3693972179289026,293,214,79,0.2696245733788396
3879670,tuning,bf0072c3575b0ab14c7d382295c374fb30365ee19a417f56bc48c77b254b1467,male|T2,male,2,2016,2016-01-06,Serie A,2015/2016,926,756,170,0.183585313174946,398,329,69,0.1733668341708542
3879671,tuning,be4ab6e2434d79dba8b4ea647ed6a240757f7cd08521034449c119feba193073,male|T2,male,2,2016,2016-01-06,Serie A,2015/2016,895,663,232,0.259217877094972,429,336,93,0.2167832167832167
3879673,tuning,b301640fac26c0c17ee8aeb9eb71b063511dc55f464823a733a72400f9f7cf44,male|T2,male,2,2016,2016-01-06,Serie A,2015/2016,739,540,199,0.2692828146143437,366,283,83,0.226775956284153
3879674,tuning,bb2daf1e21b443fa8d1607f58bce6a814afcbf3ecda810f52f5bc334c9aac490,male|T2,male,2,2016,2016-01-06,Serie A,2015/2016,911,710,201,0.2206366630076838,379,295,84,0.2216358839050131
3825725,tuning,b90599c88bc0e3d4ad9277cf32e35fee95a239a9ddf66becccc326adb863beb6,male|T2,male,2,2016,2016-01-09,La Liga,2015/2016,746,554,192,0.257372654155496,403,325,78,0.1935483870967742
3879678,tuning,b8d192e8a34fef0c8e655303f7c320103795a8cc6d79f334eedd05ebcd8bc0f3,male|T2,male,2,2016,2016-01-09,Serie A,2015/2016,941,651,290,0.308182784272051,565,424,141,0.2495575221238938
3825731,tuning,b3906319f8c6b086649032954e8bfe009d6ec51bf80bd3274727f95ceb028ebd,male|T2,male,2,2016,2016-01-10,La Liga,2015/2016,904,723,181,0.2002212389380531,451,377,74,0.164079822616408
3900579,tuning,b80b81c8404c140c85464ebfeaec18242d47601411cc736c34e2480fd858de82,male|T2,male,2,2016,2016-01-10,Ligue 1,2015/2016,734,537,197,0.2683923705722071,384,305,79,0.2057291666666666
3900580,tuning,bc32c4478b8cb52699af6249b2be983885b6572d16eb0bf07d7dd1e601f2f757,male|T2,male,2,2016,2016-01-15,Ligue 1,2015/2016,989,805,184,0.1860465116279069,572,477,95,0.1660839160839161
3825735,tuning,bd9aa472296ffc8a637208176d905c1a92cd989b6543efa5031642cb8841ca70,male|T2,male,2,2016,2016-01-16,La Liga,2015/2016,1028,797,231,0.2247081712062257,523,416,107,0.2045889101338432
266149,tuning,bebf477b7ba4269c9565b2e0659817b7f34c871bb9f6684942539e1bfb6bebc6,male|T2,male,2,2016,2016-01-17,La Liga,2015/2016,948,783,165,0.1740506329113924,598,521,77,0.12876254180602
3825736,tuning,b60eeecd4b598ef26690fff9a11942c62a9cf53a7c49ab285c64dc1a5d90a56f,male|T2,male,2,2016,2016-01-17,La Liga,2015/2016,787,589,198,0.2515883100381194,378,298,80,0.2116402116402116
3825740,tuning,b5d48e802a207a9341f47e269a2ee8bd8267affc25e2582e38da9ed5a63489a8,male|T2,male,2,2016,2016-01-18,La Liga,2015/2016,687,465,222,0.3231441048034934,338,239,99,0.2928994082840236
3754110,tuning,a9d536f17b83e51d9a561e899c263c67103f9cd0d6eee5cfa8dc48cbf8412934,male|T2,male,2,2016,2016-01-23,Premier League,2015/2016,832,645,187,0.2247596153846154,439,357,82,0.1867881548974943
3825746,tuning,b6ebca3214a22969006175be283ffe6781d2bc178f38610dff8607903980e7de,male|T2,male,2,2016,2016-01-24,La Liga,2015/2016,963,798,165,0.1713395638629283,480,403,77,0.1604166666666666
3825747,tuning,b90895d7f6dcdfc22696148338213bb2ae19e27c6c2637575bd6aba393deff46,male|T2,male,2,2016,2016-01-24,La Liga,2015/2016,778,534,244,0.313624678663239,373,294,79,0.2117962466487935
3879699,tuning,b19eec558048b1cd5c8e76f96d375735b425778a5b2792da17a90d0630825358,male|T2,male,2,2016,2016-01-24,Serie A,2015/2016,1004,851,153,0.1523904382470119,605,532,73,0.1206611570247934
3879706,tuning,b2d9c779d1a8824c34dca833021cd9ff52867d9136842de5c5b837470f9c4f78,male|T2,male,2,2016,2016-01-24,Serie A,2015/2016,818,675,143,0.1748166259168704,394,331,63,0.1598984771573604
3825751,tuning,c0124c56c2c706ff099b0c3b5cb3c1412e01c6221ceff795eb0d205cc6279a51,male|T2,male,2,2016,2016-01-30,La Liga,2015/2016,785,536,249,0.3171974522292993,392,287,105,0.2678571428571428
3900603,tuning,affb9da7ecd737c0a71b0527a5c889228fa32bbabd0a3bbecbb0b71bd1bc05f6,male|T2,male,2,2016,2016-01-30,Ligue 1,2015/2016,789,576,213,0.2699619771863117,434,350,84,0.1935483870967742
3879715,tuning,b73f41a24e3a6dd100f04b275fb5e995a39c2ce64e9f5d84577e881e271981fc,male|T2,male,2,2016,2016-01-31,Serie A,2015/2016,726,560,166,0.2286501377410468,374,304,70,0.1871657754010695
3900616,tuning,b72fcfe42caedc13bc890b3d0f3596df6bab6ccbc2755f3f53ffa8077bdea81a,male|T2,male,2,2016,2016-02-03,Ligue 1,2015/2016,827,610,217,0.2623941958887545,328,257,71,0.2164634146341463
3825762,tuning,b262ea5730cb3a64f6d48b157f1cd8ddeb1f946f24b7cdd35fc2099468875f1f,male|T2,male,2,2016,2016-02-06,La Liga,2015/2016,829,567,262,0.316043425814234,392,285,107,0.2729591836734694
3879727,tuning,b932e67910078e746cf7ba7e8d42dc91dfd3c3c8ad8506484463f7c0a0fac4dc,male|T2,male,2,2016,2016-02-06,Serie A,2015/2016,785,516,269,0.3426751592356687,402,289,113,0.2810945273631841
3900626,tuning,b2adb4ed2af25334797c2358511c483eb13cc2c2c86bac58309373ee84ae7e53,male|T2,male,2,2016,2016-02-06,Ligue 1,2015/2016,787,566,221,0.2808132147395171,393,303,90,0.2290076335877862
3754274,tuning,bb23511edf7f7f1c8665a266bdd84f5c9109df1abdd7ef53b16f9ff6ac8df48b,male|T2,male,2,2016,2016-02-13,Premier League,2015/2016,839,683,156,0.1859356376638855,438,366,72,0.1643835616438356
3879741,tuning,bc8d334055c0bd325a935a2ef5fd88f681f1aa06b12605c478878b06306d1da2,male|T2,male,2,2016,2016-02-13,Serie A,2015/2016,782,556,226,0.289002557544757,399,310,89,0.2230576441102756
3900635,tuning,bf0e8b5787259916d45a039243ae3723842e85cdea996ed88694a56a4f7c0c66,male|T2,male,2,2016,2016-02-13,Ligue 1,2015/2016,769,585,184,0.2392717815344603,425,333,92,0.2164705882352941
3879745,tuning,ba4e9415604750532215c40977ddaa70f7086a84d5c995104edf46d212ef00dd,male|T2,male,2,2016,2016-02-14,Serie A,2015/2016,779,632,147,0.1887034659820282,285,235,50,0.175438596491228
3900638,tuning,b56c66e214e2cfd7808efd908aa6763a214a275573a6572deeb1c4bdece887d1,male|T2,male,2,2016,2016-02-14,Ligue 1,2015/2016,838,654,184,0.2195704057279236,443,371,72,0.1625282167042889
267273,tuning,b1652996eb2083b5f861e73ab2aeba8f324206adda3ccaea3b2cf0affac210c8,male|T2,male,2,2016,2016-02-20,La Liga,2015/2016,1054,902,152,0.1442125237191651,563,489,74,0.1314387211367673
3901149,tuning,b2231961d8395c8ab037c39133c18b8437c5a590b5f608504768993c7434eeda,male|T2,male,2,2016,2016-02-20,Ligue 1,2015/2016,1016,830,186,0.1830708661417323,580,487,93,0.1603448275862068
3879750,tuning,c0b7a5fe46a4adb0816e57b3b1c9682038ca84eef48fb0e329ae539a99b4b2fc,male|T2,male,2,2016,2016-02-21,Serie A,2015/2016,836,622,214,0.2559808612440191,441,352,89,0.2018140589569161
3901150,tuning,bcb7e796d460d8200ecb0411d5e339ad7628842b0956e59f5908f942f5d4a3a8,male|T2,male,2,2016,2016-02-21,Ligue 1,2015/2016,816,632,184,0.2254901960784313,446,364,82,0.1838565022421524
3754331,tuning,b6063ae0f9ae1f1bcbc565e454dfa561067c0660a2001d562dd0bce9b2ff147e,male|T2,male,2,2016,2016-02-27,Premier League,2015/2016,771,532,239,0.3099870298313878,423,309,114,0.2695035460992908
3879759,tuning,b875b3b857ec4ead24ae5c834c616d8faa51035d17232ac293089549dc25b849,male|T2,male,2,2016,2016-02-28,Serie A,2015/2016,959,778,181,0.1887382690302398,411,338,73,0.1776155717761557
3879761,tuning,aadfec76ddcb32899933f7f126c5b0bb24044c89ed6ffc15d066653fca041fbb,male|T2,male,2,2016,2016-02-28,Serie A,2015/2016,639,429,210,0.3286384976525822,302,211,91,0.3013245033112582
3754280,tuning,c13b686574fdf70bea91378e85aa0539bab7e7af672a09c77e69dff547f0b1ec,male|T2,male,2,2016,2016-03-01,Premier League,2015/2016,966,769,197,0.2039337474120083,546,448,98,0.1794871794871795
3825796,tuning,c0ade9e986a485823e569f19945d3c4c6a786fc3b89d658d3bd251f4c9fddadc,male|T2,male,2,2016,2016-03-01,La Liga,2015/2016,873,728,145,0.1660939289805269,443,378,65,0.146726862302483
3753976,tuning,c1284410761f7a73d27469137abd0d45aec151fe2b35a88d28a7d92a58eddcf8,male|T3,male,3,2016,2016-03-02,Premier League,2015/2016,984,813,171,0.173780487804878,592,508,84,0.1418918918918918
3754005,tuning,bc08d837beb34e2fe2896b23f2e3c480702d804244755a964776e16d4bd7574c,male|T3,male,3,2016,2016-03-02,Premier League,2015/2016,832,630,202,0.2427884615384615,529,438,91,0.1720226843100189
3754349,tuning,bebaf60d9627f027604d60d33cdd813a7ab87f97ecc59e6033794a62922b9a1b,male|T3,male,3,2016,2016-03-02,Premier League,2015/2016,756,517,239,0.3161375661375661,333,249,84,0.2522522522522522
3825801,tuning,b7c0c2655ac5180e041a44cb45dc542cdbb17b3f8bffeec0bd59ff8db1e39840,male|T2,male,2,2016,2016-03-02,La Liga,2015/2016,864,659,205,0.2372685185185185,491,396,95,0.1934826883910387
3825802,tuning,c691a6e999e713037145c7cc18adf3ad5d6b4e0f6f8c0a3eef8183f599b7f88c,male|T3,male,3,2016,2016-03-03,La Liga,2015/2016,760,563,197,0.2592105263157894,374,277,97,0.2593582887700534
3825803,tuning,b886fd430b5fdceb83427b98e7665ca507fb8d4ec86194a59bb8f344f7ab2213,male|T3,male,3,2016,2016-03-03,La Liga,2015/2016,817,607,210,0.2570379436964504,416,323,93,0.2235576923076923
3754318,tuning,b576d364d7d7cea3ab125013e330ddc80bbdc5eb2a59d6450ac9f599cac9bdaa,male|T3,male,3,2016,2016-03-05,Premier League,2015/2016,795,576,219,0.2754716981132075,422,323,99,0.2345971563981042
3901168,tuning,b4424f1e0133f38dbcf4f36c516266f4c74499d88f0154c4d6ad55969075ebe0,male|T3,male,3,2016,2016-03-05,Ligue 1,2015/2016,716,527,189,0.2639664804469274,410,326,84,0.2048780487804878
3901171,tuning,bed35cd5c932f6e911709836e080d7ae333374fb2634d3a30af931fd0cea7152,male|T3,male,3,2016,2016-03-06,Ligue 1,2015/2016,882,711,171,0.1938775510204081,528,439,89,0.168560606060606
3753988,tuning,b6ed52a96a2957dff3c0a9f32f9fa04f81f6d227a63761325bbe2f1dbdf07521,male|T3,male,3,2016,2016-03-12,Premier League,2015/2016,826,621,205,0.24818401937046,378,313,65,0.1719576719576719
3825858,tuning,bb1288b711695ef5517fdc3cf601fb71b56c5a1d9859f261855594f430792681,male|T3,male,3,2016,2016-03-12,La Liga,2015/2016,692,424,268,0.3872832369942196,269,193,76,0.2825278810408922
3825816,tuning,bbb0952ec5bdf79ff93f3087966166db9688de75c35de0ca7893cbd522110da3,male|T3,male,3,2016,2016-03-13,La Liga,2015/2016,794,644,150,0.1889168765743073,326,278,48,0.147239263803681
3879786,tuning,bd057f32f80c7d7cc0893b4fa9375a633c9628561107944220e77c12a9e689f1,male|T3,male,3,2016,2016-03-13,Serie A,2015/2016,1170,974,196,0.1675213675213675,725,621,104,0.1434482758620689
3890492,tuning,bf9633fb31c0927b0cc9c9ef33ba807ebff764c4f419069fc08b268894b30218,male|T3,male,3,2016,2016-03-13,1. Bundesliga,2015/2016,666,420,246,0.3693693693693693,321,230,91,0.2834890965732087
3825817,tuning,b90aecf956ba35794f3be2e22dec11ba70dfe72c49921f9c9533976c4284cbe3,male|T3,male,3,2016,2016-03-18,La Liga,2015/2016,717,494,223,0.3110181311018131,399,296,103,0.2581453634085213
3753977,tuning,b7477f196f21f18c5f6b1ca7ddf4fdd013438e06e63e0f0f52a2c37acc067289,male|T3,male,3,2016,2016-03-19,Premier League,2015/2016,882,625,257,0.2913832199546485,402,317,85,0.2114427860696517
267533,tuning,beabdc1b8f6c7278545dbe2f89ed6e7ceb3a078e8b5385b835ae61d0a69a15ae,male|T3,male,3,2016,2016-04-02,La Liga,2015/2016,970,846,124,0.1278350515463917,495,434,61,0.1232323232323232
3754176,tuning,bb5e51c5e2f9a712eb4955751c82ec7a1033e34733df5db84b28e1fa49cd118d,male|T3,male,3,2016,2016-04-02,Premier League,2015/2016,727,552,175,0.2407152682255846,369,274,95,0.2574525745257452
3879799,tuning,c3690b37dfadb90335d252a9990e3b95b6b3e0c058ba789ff79856908b14de08,male|T3,male,3,2016,2016-04-03,Serie A,2015/2016,837,653,184,0.2198327359617682,405,326,79,0.1950617283950617
3825856,tuning,c555e19d8f05efbc3fe8c91dfb59136336723f7133c383bc37906035a3f42ef6,male|T3,male,3,2016,2016-04-09,La Liga,2015/2016,853,665,188,0.2203985932004689,461,380,81,0.175704989154013
3879809,tuning,c12c42fce5e8d32862067d04189ab8ddcf4748d70966f20d408523b51effb1fc,male|T3,male,3,2016,2016-04-09,Serie A,2015/2016,809,577,232,0.2867737948084054,313,235,78,0.2492012779552715
3754209,tuning,ca541b50922016fa22398dab31a76a527788faf0b904e688c963215be197c3a3,male|T3,male,3,2016,2016-04-10,Premier League,2015/2016,814,580,234,0.2874692874692874,397,300,97,0.2443324937027707
3901211,tuning,bfb7f80b428bb6d686a522a4aab72dbf10dd613bc27efc36c78aa03caf819a6c,male|T3,male,3,2016,2016-04-10,Ligue 1,2015/2016,894,706,188,0.2102908277404921,410,326,84,0.2048780487804878
3901212,tuning,b9e9ab09e6800c2cccad37e746c34964148bd385b5b58ba69bfe6a15180a8c77,male|T3,male,3,2016,2016-04-10,Ligue 1,2015/2016,801,638,163,0.2034956304619226,532,442,90,0.169172932330827
3754295,tuning,c62eb084c2991b2d97d4750e2a7d870c00130895fa2e862a278bea1d650c4da3,male|T3,male,3,2016,2016-04-16,Premier League,2015/2016,862,696,166,0.1925754060324826,415,345,70,0.1686746987951807
3901221,tuning,bfe5d759d6908ed63b0b76422ea4d61d1712d3beee0e8eece6a7564a919f79ba,male|T3,male,3,2016,2016-04-17,Ligue 1,2015/2016,865,677,188,0.2173410404624277,496,405,91,0.1834677419354838
3879830,tuning,bcd8172e9de548cba7c96ae1fbaf9236505d3d1f01673e8babbf775851017ab5,male|T3,male,3,2016,2016-04-20,Serie A,2015/2016,880,672,208,0.2363636363636363,420,337,83,0.1976190476190476
3879833,tuning,c9efec522df37eead1546bb1b8e8fa882444982fc3964b50166493d188132f05,male|T3,male,3,2016,2016-04-20,Serie A,2015/2016,972,815,157,0.1615226337448559,442,375,67,0.1515837104072398
3879836,tuning,c3f6451039ccd1f8ec625b9ef849759b913395d32befd1e6889a15d7526a3b21,male|T3,male,3,2016,2016-04-21,Serie A,2015/2016,937,747,190,0.2027748132337246,463,384,79,0.1706263498920086
3901227,tuning,cac18ed8db384025467f2be7a9bae8738a1394aa7effca83a0e7d090d18d6a69,male|T3,male,3,2016,2016-04-24,Ligue 1,2015/2016,817,605,212,0.2594859241126071,483,376,107,0.2215320910973084
3879845,tuning,b9892eeb874d2b7bdeaf9f43c84d746b6a69627b6b8d215ee332edbc302f244b,male|T3,male,3,2016,2016-04-25,Serie A,2015/2016,1040,816,224,0.2153846153846154,580,471,109,0.1879310344827586
3754037,tuning,b3dd6799feff1b65365056bcc57933029a4805db6229a501ba6fad62d01c3892,male|T3,male,3,2016,2016-04-30,Premier League,2015/2016,1036,841,195,0.1882239382239382,559,474,85,0.1520572450805009
3890540,tuning,c36cd914068a975cbad729c4f27593ad349215d34336a5cae6b341df43538fdd,male|T3,male,3,2016,2016-04-30,1. Bundesliga,2015/2016,843,639,204,0.2419928825622775,464,380,84,0.1810344827586207
3901237,tuning,b9a2778671c0181c42cea97e33a2037fcaa5fbd849a8e1943a61651fb9f5113e,male|T3,male,3,2016,2016-04-30,Ligue 1,2015/2016,682,447,235,0.344574780058651,283,195,88,0.3109540636042402
3754165,tuning,b8b214037a911cbcdb8f5c72c0283a381bd7869cfe508a2ae3137e0de8fbc49f,male|T3,male,3,2016,2016-05-01,Premier League,2015/2016,813,630,183,0.2250922509225092,437,350,87,0.1990846681922196
3754320,tuning,c5490c1a67a22fa079082e5a283d6815731b5d18b5a0dbe27a28e704bf634f66,male|T3,male,3,2016,2016-05-01,Premier League,2015/2016,947,764,183,0.1932418162618796,515,431,84,0.1631067961165048
3825870,tuning,b607f94c8a3548c7733863bf2ceedbf735d870278d261e27fe08c57fa6ab46fa,male|T3,male,3,2016,2016-05-01,La Liga,2015/2016,788,534,254,0.3223350253807107,355,257,98,0.276056338028169
3879851,tuning,b423e71cc7614eb8476ad586b6bd5c2614f476fd2b4c07c517b6c1324e040cf0,male|T3,male,3,2016,2016-05-01,Serie A,2015/2016,631,471,160,0.2535657686212361,241,188,53,0.2199170124481327
3901245,tuning,bd5a0fb36c87185920eb60cbf7dc1eed0f5185dec05da2a56ca56787f02207f1,male|T3,male,3,2016,2016-05-07,Ligue 1,2015/2016,940,770,170,0.1808510638297872,466,397,69,0.148068669527897
3879864,tuning,bcb086c1e2078c04eae6f548abcb97b24d0b04085cccdf7903ae7c176c572314,male|T3,male,3,2016,2016-05-08,Serie A,2015/2016,882,706,176,0.1995464852607709,404,333,71,0.1757425742574257
3879865,tuning,bd84700918dcfc28c1b7820b4cdf1b96e1ce4a66233ab34682446dee4bd98884,male|T3,male,3,2016,2016-05-08,Serie A,2015/2016,768,573,195,0.25390625,417,329,88,0.211031175059952
3825849,tuning,c48b3929f5605ead6519e4cf4dc464b48d7d809a3b20390617eb263cdf398285,male|T3,male,3,2016,2016-05-13,La Liga,2015/2016,851,645,206,0.2420681551116333,432,348,84,0.1944444444444444
3825869,tuning,b511a2d89fc56ee9b7faad1c2c6fabec0e8cdb8e4e98886b4ec410fff2ae9bc0,male|T3,male,3,2016,2016-05-14,La Liga,2015/2016,917,717,200,0.218102508178844,524,429,95,0.1812977099236641
3879869,tuning,b5c1920beb14ecb71939d3aa93df262032d2a76048e18ecac90ba1e990f2ebd3,male|T3,male,3,2016,2016-05-14,Serie A,2015/2016,1059,874,185,0.1746931067044381,491,421,70,0.1425661914460285
3754041,tuning,b4b7b1024e23511e0dd329fbfe10443b147ce666f02989774fd0997f65edee8f,male|T3,male,3,2016,2016-05-15,Premier League,2015/2016,1002,863,139,0.1387225548902195,628,553,75,0.1194267515923566
3754229,tuning,c2cb88556678ef386e6cb10db084481ee5497309f373b3746e671c50f4f7a931,male|T3,male,3,2016,2016-05-15,Premier League,2015/2016,954,770,184,0.1928721174004193,426,357,69,0.1619718309859155
3754308,tuning,c27fe36ed7ea19095c31f93a77db16f9ad983abd3ccdbb69237f6ce11ad25b3b,male|T3,male,3,2016,2016-05-15,Premier League,2015/2016,759,555,204,0.2687747035573122,396,301,95,0.2398989898989899
3825876,tuning,b8a2cf9d1445197372b9f7987ad1da1d96cb700161797489b13bee5507b68a3d,male|T3,male,3,2016,2016-05-15,La Liga,2015/2016,824,654,170,0.2063106796116504,406,328,78,0.1921182266009852
3754159,tuning,bdcdfead1259ea3e16315a41ef600cf20c75025e683f0d9c021dc552ef7bdabc,male|T3,male,3,2016,2016-05-17,Premier League,2015/2016,997,838,159,0.1594784353059177,451,389,62,0.1374722838137472
266669,tuning,bf92e29798debc82d9bfcb336e4123be3a76d69224b35d4b69ab1ce4e95ce963,male|T3,male,3,2016,2016-09-10,La Liga,2016/2017,906,750,156,0.1721854304635761,471,401,70,0.1486199575371549
9717,tuning,c39b5def72e11dc5e96df6db2b0eba9352421a45b2fed1ce4770c87b5e75247f,male|T4,male,4,2017,2017-12-10,La Liga,2017/2018,1107,941,166,0.1499548328816621,446,388,58,0.1300448430493273
9799,tuning,cf1622ff2ca2aa0c7865d56f44aef26bd5b0396af7e7b1581c416b7d13d8c5e9,male|T4,male,4,2018,2018-02-17,La Liga,2017/2018,994,796,198,0.1991951710261569,559,460,99,0.1771019677996422
7430,tuning,d0fdef2f30f0bc0dfbdd84836aad20dd3aeb8332f8fefa7ff0cd0d792c2f4a1b,female|T4,female,4,2018,2018-04-15,NWSL,2018,805,557,248,0.3080745341614906,464,359,105,0.2262931034482758
9912,tuning,c16457af79912eaeba2e0ce90ab85e83af5e9c3b2919ca51267ca442a5ea71d6,male|T4,male,4,2018,2018-04-29,La Liga,2017/2018,1098,946,152,0.1384335154826958,498,441,57,0.1144578313253012
7444,tuning,c8936284f5a3614a878027a6d47662c465606191832ac6cde6db32c871441243,female|T4,female,4,2018,2018-05-06,NWSL,2018,671,419,252,0.375558867362146,417,274,143,0.342925659472422
7537,tuning,cdf021162dc722abb5c3283de7592d108026f7e57035cd4921a47846a0e1a0d4,male|T4,male,4,2018,2018-06-18,FIFA World Cup,2018,854,707,147,0.1721311475409836,459,395,64,0.1394335511982571
7566,tuning,ce72fb001bed7732af3e7d98f1c51f9f98be487a892824a820ec2cfc86dc6790,male|T4,male,4,2018,2018-06-27,FIFA World Cup,2018,689,503,186,0.2699564586357039,424,323,101,0.2382075471698113
7473,tuning,b9f54ffa851c8f42afe30ecb465fcb82cccf3df2f69d928b7fa562f038008e91,female|T4,female,4,2018,2018-07-01,NWSL,2018,893,683,210,0.2351623740201567,621,500,121,0.1948470209339774
7582,tuning,c23d1972c6773754e901daa02f87b2b9d46ab914c2017a91fdf1a019621879ed,male|T4,male,4,2018,2018-07-01,FIFA World Cup,2018,1382,1164,218,0.1577424023154848,609,506,103,0.1691297208538587
7474,tuning,b99af7181d46861407fd1f90d0b5410f1b343eb1811f212bb85e646e7d759c44,female|T4,female,4,2018,2018-07-02,NWSL,2018,716,472,244,0.3407821229050279,481,339,142,0.2952182952182952
8649,tuning,c30f3daca54578a24f20a0c3e45c290520b2659ea212c1a8c092c96cd2be95fd,male|T4,male,4,2018,2018-07-06,FIFA World Cup,2018,827,602,225,0.2720677146311971,456,378,78,0.1710526315789473
8652,tuning,bd10e10c3846a66aa1c9b7eee74758d376733e1632a54a289b8b1e49ad0fb367,male|T4,male,4,2018,2018-07-07,FIFA World Cup,2018,1082,803,279,0.2578558225508318,699,553,146,0.2088698140200286
7476,tuning,be459800adcd7054fde2a68caba9d5fb267e90d0344dbc41230f76fd9c14bf26,female|T4,female,4,2018,2018-07-08,NWSL,2018,835,612,223,0.267065868263473,464,356,108,0.2327586206896551
19717,tuning,c8f8b6ba9b5688e646e7e1a483c3b90b63983cf45c4894eaca20c594b88e7010,female|T4,female,4,2018,2018-09-09,FA Women's Super League,2018/2019,856,654,202,0.2359813084112149,406,325,81,0.1995073891625615
15986,tuning,c0656acd6e3dc5d86683edb28a603708d6ebcd8ae38aab13a9237a8f73f373e6,male|T4,male,4,2018,2018-09-23,La Liga,2018/2019,1068,930,138,0.1292134831460674,637,565,72,0.1130298273155416
19734,tuning,d07a44df617c97bcb0eacf5182faaeabeba3018b1676a7c65d386391be019736,female|T4,female,4,2018,2018-10-14,FA Women's Super League,2018/2019,943,727,216,0.2290562036055143,496,410,86,0.1733870967741935
19753,tuning,cd1eb6b27cfebfd5be56678c8eac58f2f1107573912b23fa86db5556acf03f1a,female|T4,female,4,2018,2018-11-04,FA Women's Super League,2018/2019,784,553,231,0.2946428571428571,443,336,107,0.2415349887133182
16149,tuning,c127bdb00c932a4b0c017382ffc23aeed65f360d96bed5465ab2a7ca9143d8bc,male|T4,male,4,2019,2019-01-27,La Liga,2018/2019,954,798,156,0.1635220125786163,485,420,65,0.134020618556701
19793,tuning,c82ef18bad1d8bb866650a69384f3c5d8f65d6afc548844f953882f55228ef81,female|T4,female,4,2019,2019-01-28,FA Women's Super League,2018/2019,822,549,273,0.3321167883211678,431,328,103,0.2389791183294663
19794,tuning,d0052b0ae9654cee9d9dda0ed7a070ae32a5d56b07db2523cf6ca81973edce9e,female|T4,female,4,2019,2019-02-20,FA Women's Super League,2018/2019,998,786,212,0.2124248496993988,571,462,109,0.190893169877408
19801,tuning,c2318e51f6148d960c25a0b9e33c515bc7b615b82eedbdd92b0a9d6be1e92ac4,female|T4,female,4,2019,2019-03-13,FA Women's Super League,2018/2019,861,627,234,0.2717770034843205,470,365,105,0.2234042553191489
19806,tuning,d0fbdae8b26ce0fffb3b0db7faf8eb38a6f3e71a538a7b8e62fa1a974c7d46db,female|T4,female,4,2019,2019-03-31,FA Women's Super League,2018/2019,742,498,244,0.3288409703504043,357,255,102,0.2857142857142857
19808,tuning,c1a0e3811cb9e8bc5d1f94372fa77758d58e5bd78c2f902575d0ce196df2332a,female|T4,female,4,2019,2019-03-31,FA Women's Super League,2018/2019,709,432,277,0.3906911142454161,271,182,89,0.3284132841328413
19817,tuning,bb4fb5250a471f64f274fd014e99ea191050fa4bd5bc07537db094058c2a34bc,female|T4,female,4,2019,2019-04-28,FA Women's Super League,2018/2019,797,511,286,0.3588456712672522,379,280,99,0.2612137203166227
19822,tuning,cca254269e82abb3529bc4230bf3a06c433adb32d3ad7de0cfb60e3865591086,female|T4,female,4,2019,2019-05-11,FA Women's Super League,2018/2019,844,621,223,0.2642180094786729,418,308,110,0.2631578947368421
16317,tuning,cd9fe0025dec1fe48e9234dd4e10e1d1ee81c9e0d210645855e8a1fdb1c99479,male|T4,male,4,2019,2019-05-19,La Liga,2018/2019,993,809,184,0.1852970795568982,512,425,87,0.169921875
22949,tuning,bf455e8c687091d1a2fc781ef40880a4329a81b4fe22f35f68347bf94b524063,female|T4,female,4,2019,2019-06-12,Women's World Cup,2019,776,564,212,0.2731958762886597,502,390,112,0.2231075697211155
22956,tuning,c02e1676fbb608b8e0bbf8f77e4e596d2985b9a455d0bf2c05242bacc4792084,female|T4,female,4,2019,2019-06-13,Women's World Cup,2019,789,528,261,0.3307984790874524,452,335,117,0.2588495575221239
68345,tuning,c13197bc2293f1e3e570aeb56b2769802d99fff2761b6b10c6a90f03ee3050a7,female|T4,female,4,2019,2019-06-20,Women's World Cup,2019,946,731,215,0.2272727272727272,523,424,99,0.1892925430210325
69284,tuning,c0f244ea91953612a0a12f5a721a0018f9a3ab5f01c0b3509fb5c008e57678af,female|T4,female,4,2019,2019-07-03,Women's World Cup,2019,984,684,300,0.3048780487804878,444,331,113,0.2545045045045045
2275041,tuning,c3c76c420d84ac6986108e6dd64108750418b034ceab4cfeab732f3b98b0dfc6,female|T4,female,4,2019,2019-09-15,FA Women's Super League,2019/2020,856,653,203,0.2371495327102804,463,377,86,0.1857451403887689
2275033,tuning,c321119d4fd0ca221f36ea78a233dcebdcb9ba5007d87f05dddaa45b750ad740,female|T4,female,4,2019,2019-10-27,FA Women's Super League,2019/2020,708,496,212,0.2994350282485876,371,287,84,0.2264150943396226
2275044,tuning,bab4961e9fc5fdd24585ec863075b705ee9dceefa45fb0fc04afb28c3db41fa7,female|T4,female,4,2019,2019-10-27,FA Women's Super League,2019/2020,1000,830,170,0.17,571,501,70,0.1225919439579684
2275026,tuning,c87c6e33fcb691e90e4d812be24b9f8feecfa69a0e7c02034dd72107a8f6f45c,female|T4,female,4,2019,2019-11-24,FA Women's Super League,2019/2020,929,759,170,0.1829924650161463,559,475,84,0.1502683363148479
2275102,tuning,cc5a2105cbb04144c4834c2cdb03bb8ca15bea8e5fa4fd0c786554ebb543b7d3,female|T4,female,4,2019,2019-11-29,FA Women's Super League,2019/2020,663,439,224,0.3378582202111614,325,228,97,0.2984615384615384
2275104,tuning,bb01e6e668b38eb619ed4ea2a9f7e9c5d3c8123677401397351cb2c1c3c561ed,female|T4,female,4,2019,2019-12-01,FA Women's Super League,2019/2020,956,801,155,0.1621338912133891,465,396,69,0.1483870967741935
2275116,tuning,c9e1bc81cc06b4efce00fc54c2b4fb9f0a2b4667bf1de853e4a151fb0862c5f2,female|T4,female,4,2019,2019-12-01,FA Women's Super League,2019/2020,986,790,196,0.1987829614604462,569,476,93,0.1634446397188049
2275109,tuning,b7d0564d25635fe93be9390d3d20d850d12fcf1cce899dad3465f1dfbfd128ed,female|T4,female,4,2019,2019-12-04,FA Women's Super League,2019/2020,683,494,189,0.2767203513909224,345,254,91,0.263768115942029
2275086,tuning,ba865c899ac85462599623988bd77af89b8a8907cce858b699d5a63241cca04d,female|T4,female,4,2019,2019-12-08,FA Women's Super League,2019/2020,769,538,231,0.3003901170351105,330,242,88,0.2666666666666666
303596,tuning,c92dff3513599c2343e5980743d038459b627d75ceab0e4e94a99f4a244256d1,male|T4,male,4,2019,2019-12-18,La Liga,2019/2020,1099,947,152,0.1383075523202911,602,533,69,0.1146179401993355
2275090,tuning,b58e4719cbe012d7add73063861927d8d656a8a424d8a2aa95492a3eb1dda972,female|T4,female,4,2020,2020-01-19,FA Women's Super League,2019/2020,826,603,223,0.2699757869249394,410,327,83,0.2024390243902439
303400,tuning,be01e57b60bfcba43e5ed82bdd119c481e27fa50a4a6812275744d3ff3016b94,male|T4,male,4,2020,2020-01-25,La Liga,2019/2020,1133,1008,125,0.1103265666372462,593,532,61,0.102866779089376
303674,tuning,c761cf1ddae9116ac69081b08347a8715d5b9ca8e05a1ea9ff4205e24d9eefbd,male|T4,male,4,2020,2020-06-19,La Liga,2019/2020,1128,946,182,0.1613475177304964,727,634,93,0.1279229711141678
3764231,tuning,b7b205681dd8cc973a11126c6017dc3428a317152ae7077288501d2cc4caf7ef,female|T4,female,4,2020,2020-09-06,FA Women's Super League,2020/2021,771,548,223,0.2892347600518807,425,325,100,0.2352941176470588
3764239,tuning,c7cdd1590893cad1538ad717f65826c9150730376955136a738d87a20dc304ef,female|T4,female,4,2020,2020-09-13,FA Women's Super League,2020/2021,775,537,238,0.3070967741935483,372,295,77,0.2069892473118279
3773672,tuning,cca4b267366339d8963260b66d18718fb84f264f0290d871521a89a416690dcc,male|T4,male,4,2020,2020-10-04,La Liga,2020/2021,1164,1005,159,0.1365979381443298,638,557,81,0.1269592476489028
3775543,tuning,bd7819f23ad05b1bcdc4199a92a94afd748f76976e7e2921e2089f2e85e585a6,female|T4,female,4,2020,2020-10-11,FA Women's Super League,2020/2021,1053,864,189,0.1794871794871795,580,495,85,0.146551724137931
3775618,tuning,cb31890bdf97082d8f413fc2916c2db45424bf5e24c6a961b748f31bd3d8dc69,female|T4,female,4,2020,2020-10-11,FA Women's Super League,2020/2021,728,516,212,0.2912087912087912,399,305,94,0.2355889724310776
3773656,tuning,bfa92368125d983c09bf73e867f49411cd3bb7a62628ba1f579d08c50bb623c0,male|T4,male,4,2020,2020-11-21,La Liga,2020/2021,1137,989,148,0.1301671064204045,463,411,52,0.1123110151187904
3773547,tuning,c546dc2ec73dae6d1eaa60425dfe323862ee1cc43eab0805038bef1c5524756b,male|T4,male,4,2020,2020-11-29,La Liga,2020/2021,1127,964,163,0.1446317657497781,652,563,89,0.1365030674846625
3775558,tuning,ca967b13623e8cedee76b66421604ebad4204c6ee9d7159943556e4c552b5cf2,female|T5,female,5,2020,2020-12-13,FA Women's Super League,2020/2021,668,449,219,0.3278443113772455,325,235,90,0.2769230769230769
3773571,tuning,c1d56df972b316229456a820953890227cd58f3f78747a61aadc45cc5323c7e7,male|T5,male,5,2020,2020-12-22,La Liga,2020/2021,1100,960,140,0.1272727272727272,586,524,62,0.1058020477815699
3773552,tuning,c0f89e87bc4b43120cc25072bc1dc159e52e6fb56a9e3b6a96c3476dfd7d5a10,male|T5,male,5,2021,2021-01-03,La Liga,2020/2021,1135,997,138,0.1215859030837004,708,631,77,0.1087570621468926
3775606,tuning,bdff8106703fb35d50f373c9c399e75c6c68e525900ab8def1369d6a587743b8,female|T5,female,5,2021,2021-01-10,FA Women's Super League,2020/2021,855,642,213,0.2491228070175438,556,451,105,0.1888489208633093
3775571,tuning,d174933bb3eb6ff0152053c4eff2ed080697eed181f2635c28aca52e4caf0e46,female|T5,female,5,2021,2021-01-23,FA Women's Super League,2020/2021,744,536,208,0.2795698924731182,397,306,91,0.2292191435768261
3775590,tuning,b8e32989bbcb10ed5cb4a3f5090999e2c0bd839a3164f83a605d26c439869001,female|T5,female,5,2021,2021-02-07,FA Women's Super League,2020/2021,744,551,193,0.2594086021505376,327,262,65,0.1987767584097859
3773625,tuning,c5780d504d9313a86b08d9227929b52e874a10bae56db5cd3f4c46d4b6413d9e,male|T5,male,5,2021,2021-02-27,La Liga,2020/2021,1046,903,143,0.1367112810707457,617,549,68,0.1102106969205834
3775547,tuning,c3d389c0182c29a9e2e4e4b1184b40948b4510212713d3032f6d7c8f0b00ad8d,female|T5,female,5,2021,2021-02-28,FA Women's Super League,2020/2021,855,685,170,0.1988304093567251,582,492,90,0.1546391752577319
3775617,tuning,cfc1cb2c9e66a0182484c30eb6466df84d694c837c844aa06175affa9ec2119e,female|T5,female,5,2021,2021-04-04,FA Women's Super League,2020/2021,722,495,227,0.314404432132964,289,207,82,0.2837370242214533
3775635,tuning,cc83ac85c576d7e2b5013f5f878f5d1f7b40fcf3f277b9ba5918b53e8d118beb,female|T5,female,5,2021,2021-04-25,FA Women's Super League,2020/2021,721,475,246,0.3411927877947295,399,279,120,0.3007518796992481
3773586,tuning,c52a73684a0f7b7ea99b1bfebd73f3f473113d6eb6d95366bf4524a8d1b3b68f,male|T5,male,5,2021,2021-04-29,La Liga,2020/2021,1024,887,137,0.1337890625,343,295,48,0.1399416909620991
3775549,tuning,c44bad50e5f64af63e6896b053da12ad39eb3340af53115c04be62709bef748e,female|T5,female,5,2021,2021-05-09,FA Women's Super League,2020/2021,745,545,200,0.2684563758389262,334,262,72,0.2155688622754491
3788742,tuning,c90e6a2b1e6491b97dca6f9ac592fe9d80bb9b282063956945d930f206a58aa6,male|T5,male,5,2021,2021-06-12,UEFA Euro,2020,901,715,186,0.2064372918978912,592,485,107,0.1807432432432432
3788743,tuning,c8c46fd11ffbd1e6736126ad013918f13c7700980801d70297a323ba2bf7d157,male|T5,male,5,2021,2021-06-12,UEFA Euro,2020,1069,887,182,0.1702525724976613,482,405,77,0.1597510373443983
3788751,tuning,cbaef35abb1f2c3c35b24281a7122763827b373109ceb531384d7229978fc80f,male|T5,male,5,2021,2021-06-15,UEFA Euro,2020,1120,962,158,0.1410714285714285,681,591,90,0.13215859030837
3788752,tuning,c273c4caffd50820838c9c95e615cf2ad8c7a731e0a1a4e6c87047f8e903548a,male|T5,male,5,2021,2021-06-15,UEFA Euro,2020,949,792,157,0.1654373024236038,484,421,63,0.1301652892561983
3788755,tuning,cbfb939eb10aeec74d3b7e5adb259e1c25b1107ec1cfd0dfad658ae96ff0f9b6,male|T5,male,5,2021,2021-06-16,UEFA Euro,2020,799,644,155,0.1939924906132666,346,290,56,0.1618497109826589
3788769,tuning,ba5cabc67ff16b7392414c6901271f96410b41e571112c4610b14e3bdad4708c,male|T5,male,5,2021,2021-06-21,UEFA Euro,2020,731,572,159,0.2175102599179206,357,297,60,0.1680672268907563
3802984,tuning,c3fd354a06a532d73c818911ed7f538869b44e97f1f36a19c7553227c702cf87,male|T5,male,5,2021,2021-11-20,Ligue 1,2021/2022,1148,1036,112,0.0975609756097561,636,579,57,0.0896226415094339
3813312,tuning,c0ba531e2c01fcb93cf12a63dfcefeef97c6b3f4aaf2ce6cef7832d163a55c94,male|T5,male,5,2021,2021-12-01,Indian Super league,2021/2022,753,607,146,0.1938911022576361,393,328,65,0.1653944020356234
3813274,tuning,c713db936abf5bf2ac0423205c3ab8b06f37090a91893f338f3e7126aabc8e61,male|T5,male,5,2021,2021-12-04,Indian Super league,2021/2022,548,358,190,0.3467153284671533,272,213,59,0.2169117647058823
3813267,tuning,c0fa7ac03d4aac5996195f6890f4dc0cddcf20455be978319b362491ed2230cc,male|T5,male,5,2021,2021-12-07,Indian Super league,2021/2022,755,573,182,0.2410596026490066,287,238,49,0.1707317073170731
3813276,tuning,bf44130190d78555753b3e63a9237ce0bbb0c773110ccc82781188b114d92e37,male|T5,male,5,2021,2021-12-17,Indian Super league,2021/2022,700,512,188,0.2685714285714285,371,311,60,0.1617250673854447
3813266,tuning,be8c019722abf783cae0ead9702ebccf89690e8565004a59491749cc30a50d58,male|T5,male,5,2022,2022-01-08,Indian Super league,2021/2022,725,556,169,0.233103448275862,366,297,69,0.1885245901639344
3817849,tuning,c4700d29be0d513286feb8ca5779f5a892d1a3903eb40d56e7c2374bb104766e,male|T5,male,5,2022,2022-01-10,Indian Super league,2021/2022,724,544,180,0.2486187845303867,368,285,83,0.2255434782608695
3817851,tuning,c1fbcf762a41f369071da8f6e4c6cf908ddfc72950f555544fecc3fc11dcddf6,male|T5,male,5,2022,2022-01-12,Indian Super league,2021/2022,844,648,196,0.2322274881516587,533,440,93,0.174484052532833
3817865,tuning,c8f4145357a71967ef13f230adf4da4e72fd60770d3971e4afeb77cf5d0d01c1,male|T5,male,5,2022,2022-01-18,Indian Super league,2021/2022,730,594,136,0.1863013698630137,349,288,61,0.1747851002865329
3817882,tuning,befe2bb77a935445152f646404f54e36238941efe053bc0bd5ec193c592619b8,male|T5,male,5,2022,2022-02-02,Indian Super league,2021/2022,833,666,167,0.2004801920768307,467,387,80,0.171306209850107
3817886,tuning,c54a29548b107d0d2d49341c40191cdb184f980981d477b5c095d567f347cfa5,male|T5,male,5,2022,2022-02-04,Indian Super league,2021/2022,671,490,181,0.2697466467958271,219,169,50,0.228310502283105
3817889,tuning,bbc5537d61404093a560e1eaa012fe6af2f22821391e54f26ecf61e48b2b194e,male|T5,male,5,2022,2022-03-03,Indian Super league,2021/2022,1028,861,167,0.1624513618677042,534,459,75,0.1404494382022472
3817887,tuning,bbefd89313186a63fd6f2dc867b0448dcf9f6d4ac6ca89cdcaf94dcfdd1ee305,male|T5,male,5,2022,2022-03-05,Indian Super league,2021/2022,785,589,196,0.2496815286624203,425,338,87,0.2047058823529411
3817891,tuning,bbbe408c50250edf69764a544dcdb32466fdf14381ee4bef27702ab7fa480546,male|T5,male,5,2022,2022-03-05,Indian Super league,2021/2022,774,584,190,0.2454780361757106,402,324,78,0.1940298507462686
3827335,tuning,bccb936d431d6ea016a5d2296bd40acf6b1b1b520cc4d920f319c52af5300c66,male|T5,male,5,2022,2022-03-15,Indian Super league,2021/2022,625,387,238,0.3808,329,218,111,0.3373860182370821
3835322,tuning,cbda1b17fea6b9cb57afe3e5d1a5c74f6ebfeeeb7d2c244d981db8e7f9e53db3,female|T5,female,5,2022,2022-07-08,UEFA Women's Euro,2022,786,589,197,0.2506361323155216,450,364,86,0.1911111111111111
3835329,tuning,b853729b21e2be045bd76ac7f148fbe3a6b5c891aa5352a4895c255e19b5439e,female|T5,female,5,2022,2022-07-12,UEFA Women's Euro,2022,971,763,208,0.2142121524201853,619,507,112,0.1809369951534733
3835340,tuning,cb1565fb711a22592b498b09331c4ae76e8ea7a0f755c205c6e550c2f7718cd9,female|T5,female,5,2022,2022-07-17,UEFA Women's Euro,2022,601,422,179,0.2978369384359401,270,216,54,0.2
3857265,tuning,b8900347a644112087ff3831425b11c6f749126e3f6fc3e4a9d6b3a136b64a48,male|T5,male,5,2022,2022-11-22,FIFA World Cup,2022,802,616,186,0.2319201995012468,364,283,81,0.2225274725274725
3857301,tuning,c6693eee0a6f24fd8fc6d30fef254daf5c86e217253fe22d3c1f5b88019c1266,male|T5,male,5,2022,2022-11-25,FIFA World Cup,2022,893,736,157,0.1758118701007838,386,334,52,0.1347150259067357
3857283,tuning,c021d765e5cada3022ab68a7b184bbab2d890b956034f89a2efefd008e59c229,male|T5,male,5,2022,2022-11-27,FIFA World Cup,2022,958,820,138,0.1440501043841336,442,384,58,0.1312217194570135
3857264,tuning,c459e5a474e33e95acaaab907abd2d1e568f26a57e0b4b5a34a756978e52e8f7,male|T5,male,5,2022,2022-11-30,FIFA World Cup,2022,1170,1029,141,0.1205128205128205,543,489,54,0.0994475138121546
3869151,tuning,b99c6b68c89b00ad0520edbec54af0c94b7fa14ff0f172697821a52fad5edfc8,male|T5,male,5,2022,2022-12-03,FIFA World Cup,2022,1110,947,163,0.1468468468468468,468,407,61,0.1303418803418803
3869321,tuning,cc0ee2005e5bc57480764d2f7b4bc4398740e17256a44e26a647a7990445513d,male|T5,male,5,2022,2022-12-09,FIFA World Cup,2022,1199,999,200,0.1668056713928273,577,495,82,0.1421143847487001
3837918,tuning,c052ad268cb1f9543f94e3f84c37dba354d84b0d453c9e05152c16dd6220d098,male|T5,male,5,2023,2023-03-19,Ligue 1,2022/2023,1044,920,124,0.1187739463601532,450,405,45,0.1
3881488,tuning,bf5c39807c37bc64156593195d4a87e9ebaa142845086266b7c73f86879c8c08,female|T5,female,5,2023,2023-03-27,NWSL,2023,747,558,189,0.253012048192771,405,328,77,0.1901234567901234
3881492,tuning,bd0f93c59d0ea57fa05e466658f433d6e982771fe2342c99ba265e95d0640ce0,female|T5,female,5,2023,2023-04-02,NWSL,2023,855,624,231,0.2701754385964912,380,292,88,0.231578947368421
3881495,tuning,cd20d9c4fae8b41c34123153c5721c82173f557c1b01b2e6ccdefc91beb96977,female|T5,female,5,2023,2023-04-15,NWSL,2023,853,625,228,0.2672919109026964,444,336,108,0.2432432432432432
3881505,tuning,c09a16cf680b8505e4f7907d72f33308e9874e85649e1c9c282144aa2a618813,female|T5,female,5,2023,2023-04-23,NWSL,2023,725,505,220,0.3034482758620689,364,281,83,0.228021978021978
3881507,tuning,bd8b8347dddd2e2aca577fcf2dcefe1711e58eb09b495442f2373603c8f54fa1,female|T5,female,5,2023,2023-04-29,NWSL,2023,585,476,109,0.1863247863247863,326,274,52,0.1595092024539877
3881531,tuning,c64ed43785c5a798e64632297b2e811839654b02efc6f4dae85124db267da1e7,female|T5,female,5,2023,2023-05-27,NWSL,2023,752,540,212,0.2819148936170212,415,323,92,0.2216867469879518
3881540,tuning,cc9ac5fc1e8a9abe5748003096f7bc7f7a8e2e7b4f1cb84dd923df812164f4ef,female|T5,female,5,2023,2023-06-04,NWSL,2023,899,722,177,0.1968854282536151,560,456,104,0.1857142857142857
3881543,tuning,c1d904f84fad5ceeb6f148c9cb85e537e9273fbbbcaa2fb43bd7880e831bf319,female|T6,female,6,2023,2023-06-11,NWSL,2023,1019,853,166,0.1629048086359175,599,520,79,0.1318864774624374
3881564,tuning,bfb2084a8363a15360a770c70f970091caa683c9a4885e0619f36ab08bf6fba7,female|T6,female,6,2023,2023-07-02,NWSL,2023,740,548,192,0.2594594594594595,374,291,83,0.2219251336898395
3881568,tuning,b8880d670ee13dc40ac764325fa53a25f6028fc685ce03a3ddaa2e2131b294e3,female|T6,female,6,2023,2023-07-08,NWSL,2023,756,567,189,0.25,425,330,95,0.2235294117647059
3893788,tuning,c17bb27da55893f6b7a951dc9ace1157f23f61204ad824a6506304ff1baf2d10,female|T6,female,6,2023,2023-07-20,Women's World Cup,2023,694,524,170,0.2449567723342939,324,251,73,0.2253086419753086
3893810,tuning,c63ecc23b1565decefb94f71846f30e9bfb09f19d06b0e8dcf0b5e44d437dee0,female|T6,female,6,2023,2023-07-27,Women's World Cup,2023,790,599,191,0.2417721518987342,417,341,76,0.1822541966426858
3893824,tuning,b2fec3663d2bbe6a9302e483e094b030c7a8537fc7ea7fb8cd10111f6d91a766,female|T6,female,6,2023,2023-07-31,Women's World Cup,2023,875,718,157,0.1794285714285714,527,435,92,0.174573055028463
3893826,tuning,b9b44a1fa0450f61cecb73bc1ed32678917f2d0e207d58a948e7cd9b9e070a43,female|T6,female,6,2023,2023-08-01,Women's World Cup,2023,660,444,216,0.3272727272727272,313,232,81,0.2587859424920127
3893833,tuning,b85b6a0b839d51cb9c35185f69b7c85ec77c1dd69c0507876c3f1dd6d3765313,female|T6,female,6,2023,2023-08-03,Women's World Cup,2023,747,550,197,0.2637215528781794,302,232,70,0.2317880794701986
3901733,tuning,bd22dfc8b5e2c5b913f1852e65f7525ae67458403aa5619e9feb2c1e94b1c836,female|T6,female,6,2023,2023-08-05,Women's World Cup,2023,949,765,184,0.1938883034773445,539,457,82,0.1521335807050092
3877072,tuning,c6714926752a69fb95dc2756d07a28d0fb627a1e000c8992d3b63cd6f38ed8df,male|T6,male,6,2023,2023-08-31,Major League Soccer,2023,1011,886,125,0.1236399604352126,539,483,56,0.1038961038961039
3910732,tuning,bd4b8948b767266e2ed7880ce8e3cf1825865937743186f4e7c4ee77cb603bb0,female|T6,female,6,2023,2023-09-16,Frauen Bundesliga,2023/2024,745,583,162,0.2174496644295302,389,323,66,0.1696658097686375
3910734,tuning,b6b7003da8db72935caf68d8086697ff567202fbede56464e9235cca9903f428,female|T6,female,6,2023,2023-09-17,Frauen Bundesliga,2023/2024,826,642,184,0.2227602905569007,403,322,81,0.2009925558312655
3910749,tuning,bd16d1f095c244358ef7ed36d11da1d0b9b3c65eb983751940919d8bb36e6a7f,female|T6,female,6,2023,2023-09-17,Liga F,2023/2024,689,431,258,0.3744557329462989,338,234,104,0.3076923076923077
3881595,tuning,c0d0611ec4cbafbea8c4929acbcd7d9523fa9f8d9d3aa174d4489c8a04f8fa8a,female|T6,female,6,2023,2023-09-18,NWSL,2023,882,732,150,0.1700680272108843,477,417,60,0.1257861635220125
3911756,tuning,b65ba81653ac6472938f82c53565a5372b5db9c4e1513ba68f71e42b056fd8bd,female|T6,female,6,2023,2023-09-30,Frauen Bundesliga,2023/2024,722,577,145,0.2008310249307479,358,298,60,0.1675977653631284
3911870,tuning,b2ce24e9345b0edbf11189b78ce2cc79908bd04f5869d95910b97dd72c0e1c07,female|T6,female,6,2023,2023-10-01,Serie A Women,2023/2024,736,525,211,0.2866847826086957,348,260,88,0.2528735632183908
3912593,tuning,be05f182b3894703fd76c2d7e238bdb36eda36dbe984149e4b483d5572966a40,female|T6,female,6,2023,2023-10-01,FA Women's Super League,2023/2024,1052,868,184,0.1749049429657794,643,540,103,0.1601866251944012
3912594,tuning,be3aacc1cbb768efc94db960e8d9fb381f453bafcc53653c522708b3a7524419,female|T6,female,6,2023,2023-10-01,FA Women's Super League,2023/2024,656,468,188,0.2865853658536585,315,243,72,0.2285714285714285
3910741,tuning,b8d57da4c52e755c2bb4b4a64bdc482ae69ab9e6080b26e49dbfcfcf271c71df,female|T6,female,6,2023,2023-10-04,Liga F,2023/2024,856,632,224,0.2616822429906542,475,376,99,0.2084210526315789
3910740,tuning,bdf04f8a1f40b77e4869e4a0cf6e5626428258595f53fa1ca35fa42866feeb87,female|T6,female,6,2023,2023-10-05,Liga F,2023/2024,1046,883,163,0.155831739961759,592,516,76,0.1283783783783783
3911764,tuning,b509da27c9145be92a8377035f20a3057e89367788f729fa7edf11f87a75cc9d,female|T6,female,6,2023,2023-10-08,Frauen Bundesliga,2023/2024,997,817,180,0.1805416248746238,555,475,80,0.1441441441441441
3910948,tuning,bca1b5c8bb40dc08874139b43302756dbd4d2aa88e866028d2b85064baf955b9,female|T6,female,6,2023,2023-10-14,Liga F,2023/2024,743,576,167,0.224764468371467,449,365,84,0.1870824053452116
3913074,tuning,c5de199e7f0a4fb4793502304a9964992a55e070fe9f68ce303f42572917db8c,female|T6,female,6,2023,2023-10-15,FA Women's Super League,2023/2024,1025,846,179,0.1746341463414634,663,559,104,0.1568627450980392
3911774,tuning,b5b30207f5b697faf446b32e6eb1e4b94e9dc20d0076d9401b7e0f39a06bb004,female|T6,female,6,2023,2023-10-21,Frauen Bundesliga,2023/2024,812,569,243,0.2992610837438423,423,307,116,0.2742316784869976
3910962,tuning,bd3cfb69de6fd5e7e7cfb55afd5b025b7728c93c34beb782a6577c07236e1ea0,female|T6,female,6,2023,2023-10-22,Liga F,2023/2024,796,604,192,0.2412060301507537,376,303,73,0.1941489361702127
3913078,tuning,c2b83abe4a2a275c70e5cf5b122230405ef4ff8453f8cbb7558c1f5361515308,female|T6,female,6,2023,2023-10-22,FA Women's Super League,2023/2024,921,756,165,0.1791530944625407,489,405,84,0.1717791411042944
3895134,tuning,c398dbc6071381806883aa745f4ecbd5176e66388c3c5fe541a0404a4fe3e739,male|T6,male,6,2023,2023-11-04,1. Bundesliga,2023/2024,1048,891,157,0.1498091603053435,507,441,66,0.1301775147928994
3912495,tuning,c4d3a35d3eb3eee594eb0273f3e238f471812f1b4d90a20a3f4d21b245b7085b,female|T6,female,6,2023,2023-11-04,Serie A Women,2023/2024,622,407,215,0.3456591639871382,307,214,93,0.3029315960912052
3910964,tuning,b4fb920e2e34b624eff71b972645f126d23704b9045eb7283c2464d5ed2824e4,female|T6,female,6,2023,2023-11-05,Liga F,2023/2024,1169,998,171,0.146278870829769,626,537,89,0.1421725239616613
3910971,tuning,c18bba9a89a8589362df97cd79d52b241f44913d8c42c12dc9b002ebc1c1054e,female|T6,female,6,2023,2023-11-11,Liga F,2023/2024,786,635,151,0.1921119592875318,391,321,70,0.1790281329923273
3912497,tuning,b7d75afb2fe58d96cd794cacb2124933f0ba503acb40867d285083cda77f5ee3,female|T6,female,6,2023,2023-11-11,Serie A Women,2023/2024,869,713,156,0.1795166858457997,516,440,76,0.1472868217054263
3911793,tuning,bb60682333f5d08009367805d35af2d818d2db6350b2024350f8ec8d6b69685f,female|T6,female,6,2023,2023-11-17,Frauen Bundesliga,2023/2024,955,766,189,0.1979057591623036,477,399,78,0.1635220125786163
3910980,tuning,c23368886eeba4c80d604118b1f7c542532774f1694662f667d82e3b8045859e,female|T6,female,6,2023,2023-11-19,Liga F,2023/2024,838,645,193,0.2303102625298329,528,426,102,0.1931818181818181
3911794,tuning,bf3e822397d271d6b6d6855defb69e5288b4234b6e76c9df2acd365cda260289,female|T6,female,6,2023,2023-11-19,Frauen Bundesliga,2023/2024,799,541,258,0.3229036295369211,398,273,125,0.314070351758794
3913100,tuning,b98132f03f063201a5233663832922a4bb6df3dfd42d5a206478bb94041fb2be,female|T6,female,6,2023,2023-11-26,FA Women's Super League,2023/2024,1052,852,200,0.1901140684410646,616,511,105,0.1704545454545454
3913103,tuning,ba84adecaaa54bc1ce5302ed940981386e00f8c00cb4767680300f2bf72a2577,female|T6,female,6,2023,2023-11-26,FA Women's Super League,2023/2024,884,664,220,0.248868778280543,341,279,62,0.1818181818181818
3910998,tuning,c6061b4fa066dd428123e4934ccaa7824ccf99cdd5745606f5023758027a7ebb,female|T6,female,6,2023,2023-12-09,Liga F,2023/2024,765,559,206,0.269281045751634,357,273,84,0.2352941176470588
3910999,tuning,b5ea1d105fa8d25d46095e5f77b569dde252474fe769bee34e5b673c96903a4b,female|T6,female,6,2023,2023-12-10,Liga F,2023/2024,801,616,185,0.2309612983770287,440,356,84,0.1909090909090909
3913108,tuning,b850bea6d825e17cc9e72eb92e3becb3e47d0e8b6a789808bc7590a4ba8d81fc,female|T6,female,6,2023,2023-12-10,FA Women's Super League,2023/2024,871,636,235,0.269804822043628,497,377,120,0.2414486921529175
3911009,tuning,bdde585c43e2c94338fdb1270ca059b534d063ed59e307941637ef82423354d1,female|T6,female,6,2023,2023-12-16,Liga F,2023/2024,741,518,223,0.300944669365722,388,299,89,0.229381443298969
3895180,tuning,cbd0030cd867dab5bc603f5115be60ed21579dc672819d759d39d33854962cd9,male|T6,male,6,2023,2023-12-17,1. Bundesliga,2023/2024,1191,1017,174,0.1460957178841309,669,574,95,0.1420029895366218
3911004,tuning,b6719608bcf13b4d1ba064cda2021f09b0049460da541342fe0a238011664226,female|T6,female,6,2023,2023-12-17,Liga F,2023/2024,709,520,189,0.2665726375176304,358,272,86,0.2402234636871508
3912518,tuning,bc32615217db9a318b1f0f02b2603a8636cb30a0f465cce563bc5743c6cdcb0f,female|T6,female,6,2023,2023-12-17,Serie A Women,2023/2024,854,681,173,0.202576112412178,419,348,71,0.1694510739856801
3911294,tuning,b7359ddc7778bf9b62fa5c317d8934c34c3605166fd042b7104b2037a78d08b8,female|T6,female,6,2024,2024-01-07,Liga F,2023/2024,818,655,163,0.1992665036674816,435,355,80,0.1839080459770115
3920386,tuning,d5acbe7388ca9f774235167aed6f40bddbdac2f051d3fd1290229884f577a16a,male|T6,male,6,2024,2024-01-14,African Cup of Nations,2023,645,491,154,0.2387596899224806,316,244,72,0.2278481012658227
3920398,tuning,c7a2ed659111b786f95109d13251b9caa14ef8c85238bc83fd7cad96b36b9d92,male|T6,male,6,2024,2024-01-18,African Cup of Nations,2023,622,499,123,0.1977491961414791,188,152,36,0.1914893617021276
3912527,tuning,b2b8888692b8178f369cd708a06fbfa9255238be446f22f1e8a19c05b4234431,female|T6,female,6,2024,2024-01-20,Serie A Women,2023/2024,841,574,267,0.3174791914387633,472,352,120,0.2542372881355932
3913117,tuning,bc1496f7e5caaf3752d7059f676ea3bdcd9a2bd615e96282389a024c7aa262a5,female|T6,female,6,2024,2024-01-20,FA Women's Super League,2023/2024,937,758,179,0.1910352187833511,440,365,75,0.1704545454545454
3913120,tuning,be1e4d39820a651701502d081b2b35c658d1a4fa3c6b47cbe91356a545754744,female|T6,female,6,2024,2024-01-21,FA Women's Super League,2023/2024,1003,797,206,0.2053838484546361,501,415,86,0.1716566866267465
3920413,tuning,b1aa8d70de023fbcf9f32d2fdd69e3dfdfd3bad1642d5ef21dc0b113065fe726,male|T7,male,7,2024,2024-01-23,African Cup of Nations,2023,595,448,147,0.2470588235294117,276,227,49,0.1775362318840579
3920418,tuning,bc93d9e56a530f864c7c23cf0f80c1c61e4a0081f55bc83fe3a210829f5cdb7c,male|T7,male,7,2024,2024-01-24,African Cup of Nations,2023,925,743,182,0.1967567567567567,553,462,91,0.1645569620253164
3912537,tuning,cc062302646fff5e7713537949105a58e18d9f5ca4d1dd69bd7e2966f3eb8e02,female|T7,female,7,2024,2024-02-03,Serie A Women,2023/2024,714,510,204,0.2857142857142857,363,288,75,0.2066115702479339
3913129,tuning,ba2cfb801dc334242f0d1fcfa76fc63a550aa2259c550dae93d0b72a0fdcd37e,female|T7,female,7,2024,2024-02-03,FA Women's Super League,2023/2024,943,738,205,0.217391304347826,602,494,108,0.1794019933554817
3911476,tuning,c3b9c23f31940874a2d41889d15a8ad15c39828b9a857c1d7735d9d5a163f97b,female|T7,female,7,2024,2024-02-04,Liga F,2023/2024,924,693,231,0.25,544,427,117,0.2150735294117647
3912556,tuning,bf134b1493dcb7c41bebedb421843be9e99ba1a6ed85c7d4d67ad8430c4c1493,female|T7,female,7,2024,2024-02-04,Serie A Women,2023/2024,670,491,179,0.2671641791044776,402,325,77,0.1915422885572139
3923880,tuning,b95a28af72fafff577ba9c14213809931fcc336e4d89d1fbd303d0643ff3898f,male|T7,male,7,2024,2024-02-10,African Cup of Nations,2023,869,748,121,0.1392405063291139,346,301,45,0.130057803468208
3911483,tuning,b5723f8ef81f212ce567a8d771f0fee90f0405f608c14ee4e0a1c1a974633aab,female|T7,female,7,2024,2024-02-11,Liga F,2023/2024,948,721,227,0.2394514767932489,515,418,97,0.1883495145631068
3911493,tuning,b6c1d2ad3339b51dcf08e35eecfc5169ad3ced429ca801ba74d51cae1a5b8403,female|T7,female,7,2024,2024-02-17,Liga F,2023/2024,873,657,216,0.2474226804123711,479,399,80,0.1670146137787056
3912206,tuning,b495899668f035d5e2dd3aa8d5da7657cd039171e6ee596110fcc192b1ce9322,female|T7,female,7,2024,2024-02-17,Frauen Bundesliga,2023/2024,762,520,242,0.3175853018372703,391,288,103,0.2634271099744245
3912551,tuning,d0f10f267cbc4bbd6f685d9b6b67d39108e15469dc84683e76a5571e29b33e18,female|T7,female,7,2024,2024-02-17,Serie A Women,2023/2024,913,723,190,0.208105147864184,517,422,95,0.1837524177949709
3912554,tuning,ba0b8d6f55ddb494111f274cb0bec0ea911c1a809a3d5496403793f3ba6019b9,female|T7,female,7,2024,2024-02-18,Serie A Women,2023/2024,809,610,199,0.245982694684796,444,351,93,0.2094594594594594
3913137,tuning,cda2ee550c1817a6deda196c05956994cf9de8ddaa83fc30baf58f17181f4152,female|T7,female,7,2024,2024-02-18,FA Women's Super League,2023/2024,824,608,216,0.2621359223300971,407,309,98,0.2407862407862407
3913144,tuning,bc03f1aaa3c0e51cec5d4f28cc76fa3183f060a0f3beb6938e424229bc7e911d,female|T7,female,7,2024,2024-03-03,FA Women's Super League,2023/2024,912,695,217,0.237938596491228,473,372,101,0.2135306553911205
3912217,tuning,b60fcfb19bc25c073451e87bf08c6b8c15e0f5e839787e120ac0ca6aedf1f468,female|T7,female,7,2024,2024-03-09,Frauen Bundesliga,2023/2024,766,602,164,0.2140992167101827,389,323,66,0.1696658097686375
3911498,tuning,c4fdc4ed705e9a9c29dce4f16f6b162cc3b3b825907b39598cce6d8132170cdf,female|T7,female,7,2024,2024-03-10,Liga F,2023/2024,940,763,177,0.1882978723404255,448,380,68,0.1517857142857142
3912222,tuning,b7cbb8f93387038d0d79bd65c504347007fb23acf7cd7578e399f8177c730a48,female|T7,female,7,2024,2024-03-17,Frauen Bundesliga,2023/2024,692,440,252,0.3641618497109826,329,246,83,0.2522796352583586
3911517,tuning,bd58f494d4404c76dc0ce23237c75d7ac0a7164d877bbbd6ccf644be444f8071,female|T7,female,7,2024,2024-03-23,Liga F,2023/2024,938,737,201,0.2142857142857142,474,381,93,0.1962025316455696
3895292,tuning,c1d10d9858b65884f71784e7cafdd94d61f7a552b0bb4db753b3b3ab7a8a7501,male|T7,male,7,2024,2024-04-06,1. Bundesliga,2023/2024,993,837,156,0.1570996978851963,531,458,73,0.1374764595103578
3911528,tuning,d1c43172e5cea89d3c8cdbf9f598e7db74ed98378522e0d9c6021782de939676,female|T7,female,7,2024,2024-04-13,Liga F,2023/2024,912,723,189,0.2072368421052631,546,443,103,0.1886446886446886
3911540,tuning,d1921395a7c75d1f51fd4cfa9e412b9716ccc8de8d7126b928f4f40fb20d4da5,female|T7,female,7,2024,2024-04-21,Liga F,2023/2024,710,517,193,0.271830985915493,331,255,76,0.229607250755287
3913167,tuning,cfc85f5c788e10cb2f95d57400f4bb0cb380218498a1d90044072c3489e7280e,female|T7,female,7,2024,2024-04-21,FA Women's Super League,2023/2024,964,795,169,0.175311203319502,483,415,68,0.1407867494824016
3929004,tuning,c2d5364f6329af3ff32131f7b0548f9bbb5a92f203267212b9fa5132bf9df795,female|T7,female,7,2024,2024-04-26,Serie A Women,2023/2024,892,703,189,0.2118834080717488,483,398,85,0.175983436853002
3911543,tuning,c993b0c59c74af1c837e2a0dfa26c0dbc053877a24ae4522fcba5f9c9faa4303,female|T7,female,7,2024,2024-05-01,Liga F,2023/2024,1193,1020,173,0.1450125733445096,576,494,82,0.1423611111111111
3913181,tuning,be5d0408ea590f94aec0c0b68356728e303e3d84e1c4cbe8fa314611b8cb8f39,female|T7,female,7,2024,2024-05-04,FA Women's Super League,2023/2024,941,779,162,0.1721572794899043,612,525,87,0.142156862745098
3911553,tuning,c35138c6766c9776dee3ccb9b4248f90ca2241f9ddf2dd4f2e30fa916f209f71,female|T7,female,7,2024,2024-05-05,Liga F,2023/2024,868,698,170,0.195852534562212,464,406,58,0.125
3911563,tuning,c1bdb00d8ce7d14146d55c5cea5f265026be10efed75ee7fe9fea1505b311354,female|T7,female,7,2024,2024-05-11,Liga F,2023/2024,705,559,146,0.2070921985815602,263,216,47,0.1787072243346007
3911564,tuning,c1cc7cb34d83a2755c230646dcba4a2e1b62b90e77219ddd2d28f38e7432ae9c,female|T7,female,7,2024,2024-05-11,Liga F,2023/2024,671,460,211,0.3144560357675112,331,239,92,0.2779456193353474
3912251,tuning,b57a626e9720aa4af74e7cdbc0239ca7d6b643da1949d4af03e84bd05a0892a2,female|T7,female,7,2024,2024-05-11,Frauen Bundesliga,2023/2024,726,539,187,0.2575757575757575,344,269,75,0.2180232558139535
3912250,tuning,ca122dcd1957f65459c98d165527858ac79105633e8e9facb1c872b59d53147a,female|T7,female,7,2024,2024-05-12,Frauen Bundesliga,2023/2024,650,467,183,0.2815384615384615,350,271,79,0.2257142857142857
3911629,tuning,d1949f6bc63f4229046f4e12cab6539746d1f3cb57085755a49bc02be9da08e3,female|T7,female,7,2024,2024-05-14,Liga F,2023/2024,1067,880,187,0.1752577319587628,563,489,74,0.1314387211367673
3895348,tuning,a9bb675f3e7a61bd56944c1d4eff00a18f6221939a963d6a55a71bc9d6d2685a,male|T7,male,7,2024,2024-05-18,1. Bundesliga,2023/2024,1122,993,129,0.1149732620320855,610,539,71,0.1163934426229508
3912255,tuning,c8e5da3901d3c66550f809e2dc9efc59e78e2280189ef8aa22dd4085da46d40a,female|T7,female,7,2024,2024-05-20,Frauen Bundesliga,2023/2024,673,481,192,0.2852897473997028,394,297,97,0.2461928934010152
3912256,tuning,cdf4ad981b20903a7d123b1389c1c4686d884c4d93ffc744d1e35c82a81bac09,female|T7,female,7,2024,2024-05-20,Frauen Bundesliga,2023/2024,862,710,152,0.1763341067285382,355,305,50,0.1408450704225352
3912258,tuning,b33298d99ae2769b7f34146343c31d67d9b045b3836c8a33395f3d21688ce506,female|T7,female,7,2024,2024-05-20,Frauen Bundesliga,2023/2024,767,554,213,0.2777053455019557,393,309,84,0.2137404580152671
3911637,tuning,cc26fe39ea21a006cbf7c589832c207374a442b7bf4486364c9729f2d371fac6,female|T7,female,7,2024,2024-06-09,Liga F,2023/2024,911,733,178,0.1953896816684961,598,504,94,0.157190635451505
3911645,tuning,c7b8fc63c363cd9546a9a30a0856e7d241732f52737a212e7e58a72111dc76fa,female|T7,female,7,2024,2024-06-15,Liga F,2023/2024,663,471,192,0.2895927601809955,383,303,80,0.2088772845953002
3911646,tuning,c2e53c522ac5d72d285818415bbe93ba59a4e1def6021328193792e757b62e7a,female|T7,female,7,2024,2024-06-15,Liga F,2023/2024,689,513,176,0.2554426705370101,321,260,61,0.190031152647975
3930160,tuning,b9ed0d3b98bbaf6eb302582694744b947adee957c227091833dda3f22411817a,male|T7,male,7,2024,2024-06-15,UEFA Euro,2024,955,814,141,0.1476439790575916,406,344,62,0.1527093596059113
3930164,tuning,bff749069129b40b6914c7ecd88ee6c82ab6d0e16a665c1cde96faa6d92c8758,male|T7,male,7,2024,2024-06-17,UEFA Euro,2024,905,740,165,0.1823204419889502,470,401,69,0.1468085106382978
3930174,tuning,bd45cb48b6a7dd0cb7203c9b1d37248f4cce7dcd59950f01b25d5e6eb4a57c33,male|T7,male,7,2024,2024-06-22,UEFA Euro,2024,993,855,138,0.1389728096676737,494,440,54,0.1093117408906882
3938643,tuning,b3aa90955ab89a979ce846cba48baf458ee3c1dbd2b63148b7b1bad401922ba5,male|T7,male,7,2024,2024-06-25,UEFA Euro,2024,944,810,134,0.1419491525423729,392,329,63,0.1607142857142857
3939983,tuning,af231dda7fe5a5f59e009eb30ef3eb8b3ae1c46f7e595bbfea84ddf120490350,male|T7,male,7,2024,2024-06-29,Copa America,2024,848,721,127,0.1497641509433962,459,409,50,0.1089324618736383
3940983,tuning,a80b0b7170ff527eaace553665a6559f3ddb4f2db7c6d3d0f00f2ce9c73571a2,male|T7,male,7,2024,2024-06-29,UEFA Euro,2024,970,826,144,0.1484536082474226,485,431,54,0.111340206185567
3941019,tuning,b277539e21c9a43e193623babee0f3194ea3f139a8f39e1514130289d438332a,male|T7,male,7,2024,2024-07-01,UEFA Euro,2024,1098,980,118,0.1074681238615664,449,408,41,0.0913140311804008
3943043,tuning,ad9aba706c29fc36ca046a7b8726d8af4f3403731d0070be3615ba6604fa4f39,male|T7,male,7,2024,2024-07-14,UEFA Euro,2024,833,713,120,0.1440576230492196,383,337,46,0.1201044386422976
3998840,tuning,c4e8a31f7ed10df613879d0b52006001243217012daa970c143b2d34e74a1d58,female|T7,female,7,2025,2025-07-04,UEFA Women's Euro,2025,808,635,173,0.2141089108910891,460,386,74,0.1608695652173913
3998843,tuning,b842a33ec70d70d2f129dac6fc3e9c9a2ed087d9508c6eb301140296a58b0a1b,female|T7,female,7,2025,2025-07-05,UEFA Women's Euro,2025,801,626,175,0.2184769038701623,321,259,62,0.1931464174454828
3998844,tuning,d0dcce4444cb1addb525254813d3ec07b01b0fde11592c2e5a202f4b06c3e289,female|T7,female,7,2025,2025-07-06,UEFA Women's Euro,2025,620,436,184,0.2967741935483871,312,237,75,0.2403846153846154
3998856,tuning,b5887e3e7b487e2f80e92fae407c963480e946bfbc65174162ab8c69470cab84,female|T7,female,7,2025,2025-07-12,UEFA Women's Euro,2025,737,573,164,0.2225237449118046,383,308,75,0.195822454308094
